2025-02-28 17:01:06,066 - commands - WARNING - Unknown command: ftp.bruteforce
2025-02-28 17:01:14,356 - commands - WARNING - Unknown command: scanfix
2025-05-05 16:44:27,041 - commands - WARNING - Unknown command: help
2025-05-05 16:44:36,232 - commands - INFO - Exit command executed successfully
2025-05-05 16:45:21,533 - commands - INFO - License command executed successfully
2025-05-05 16:45:21,533 - commands - INFO - Successfully executed command: license
2025-05-05 16:45:38,183 - commands - WARNING - Unknown command: adminpanel
2025-05-05 16:59:42,698 - commands - WARNING - Unknown command: python -u "c:\Users\M Sami Furqan\Documents\HackerBox\HackerBox.py"
2025-05-05 16:59:55,514 - commands - INFO - Successfully executed command: bruteforce
2025-05-05 17:00:16,641 - commands - WARNING - Unknown command: terminal 
2025-05-06 01:48:45,516 - settings - INFO - Settings loaded successfully
2025-05-06 01:48:56,007 - commands - INFO - About command executed successfully
2025-05-06 01:48:56,007 - commands - INFO - Successfully executed command: about
2025-05-06 01:49:19,123 - settings - INFO - Settings loaded successfully
2025-05-06 01:54:59,844 - utils - ERROR - Request failed for /admin: Invalid URL '/admin': No scheme supplied. Perhaps you meant https:///admin?
2025-05-06 01:54:59,845 - utils - WARNING - Error checking /admin: Invalid URL '/admin': No scheme supplied. Perhaps you meant https:///admin?
2025-05-06 01:54:59,845 - utils - ERROR - Request failed for /wp-admin: Invalid URL '/wp-admin': No scheme supplied. Perhaps you meant https:///wp-admin?
2025-05-06 01:54:59,845 - utils - WARNING - Error checking /wp-admin: Invalid URL '/wp-admin': No scheme supplied. Perhaps you meant https:///wp-admin?
2025-05-06 01:54:59,845 - utils - ERROR - Request failed for /admin/: Invalid URL '/admin/': No scheme supplied. Perhaps you meant https:///admin/?
2025-05-06 01:54:59,845 - utils - WARNING - Error checking /admin/: Invalid URL '/admin/': No scheme supplied. Perhaps you meant https:///admin/?
2025-05-06 01:54:59,845 - utils - ERROR - Request failed for /administrator/: Invalid URL '/administrator/': No scheme supplied. Perhaps you meant https:///administrator/?
2025-05-06 01:54:59,846 - utils - WARNING - Error checking /administrator/: Invalid URL '/administrator/': No scheme supplied. Perhaps you meant https:///administrator/?
2025-05-06 01:54:59,846 - utils - ERROR - Request failed for /admin1/: Invalid URL '/admin1/': No scheme supplied. Perhaps you meant https:///admin1/?
2025-05-06 01:54:59,846 - utils - WARNING - Error checking /admin1/: Invalid URL '/admin1/': No scheme supplied. Perhaps you meant https:///admin1/?
2025-05-06 01:54:59,846 - utils - ERROR - Request failed for /admin2/: Invalid URL '/admin2/': No scheme supplied. Perhaps you meant https:///admin2/?
2025-05-06 01:54:59,846 - utils - WARNING - Error checking /admin2/: Invalid URL '/admin2/': No scheme supplied. Perhaps you meant https:///admin2/?
2025-05-06 01:54:59,846 - utils - ERROR - Request failed for /admin3/: Invalid URL '/admin3/': No scheme supplied. Perhaps you meant https:///admin3/?
2025-05-06 01:54:59,846 - utils - WARNING - Error checking /admin3/: Invalid URL '/admin3/': No scheme supplied. Perhaps you meant https:///admin3/?
2025-05-06 01:54:59,846 - utils - ERROR - Request failed for /admin4/: Invalid URL '/admin4/': No scheme supplied. Perhaps you meant https:///admin4/?
2025-05-06 01:54:59,846 - utils - WARNING - Error checking /admin4/: Invalid URL '/admin4/': No scheme supplied. Perhaps you meant https:///admin4/?
2025-05-06 01:54:59,847 - utils - ERROR - Request failed for /admin5/: Invalid URL '/admin5/': No scheme supplied. Perhaps you meant https:///admin5/?
2025-05-06 01:54:59,847 - utils - WARNING - Error checking /admin5/: Invalid URL '/admin5/': No scheme supplied. Perhaps you meant https:///admin5/?
2025-05-06 01:54:59,847 - utils - ERROR - Request failed for /usuarios/: Invalid URL '/usuarios/': No scheme supplied. Perhaps you meant https:///usuarios/?
2025-05-06 01:54:59,847 - utils - WARNING - Error checking /usuarios/: Invalid URL '/usuarios/': No scheme supplied. Perhaps you meant https:///usuarios/?
2025-05-06 01:54:59,847 - utils - ERROR - Request failed for /usuario/: Invalid URL '/usuario/': No scheme supplied. Perhaps you meant https:///usuario/?
2025-05-06 01:54:59,847 - utils - WARNING - Error checking /usuario/: Invalid URL '/usuario/': No scheme supplied. Perhaps you meant https:///usuario/?
2025-05-06 01:54:59,847 - utils - ERROR - Request failed for /moderator/: Invalid URL '/moderator/': No scheme supplied. Perhaps you meant https:///moderator/?
2025-05-06 01:54:59,847 - utils - WARNING - Error checking /moderator/: Invalid URL '/moderator/': No scheme supplied. Perhaps you meant https:///moderator/?
2025-05-06 01:54:59,848 - utils - ERROR - Request failed for /webadmin/: Invalid URL '/webadmin/': No scheme supplied. Perhaps you meant https:///webadmin/?
2025-05-06 01:54:59,848 - utils - WARNING - Error checking /webadmin/: Invalid URL '/webadmin/': No scheme supplied. Perhaps you meant https:///webadmin/?
2025-05-06 01:54:59,848 - utils - ERROR - Request failed for /adminarea/: Invalid URL '/adminarea/': No scheme supplied. Perhaps you meant https:///adminarea/?
2025-05-06 01:54:59,848 - utils - WARNING - Error checking /adminarea/: Invalid URL '/adminarea/': No scheme supplied. Perhaps you meant https:///adminarea/?
2025-05-06 01:54:59,848 - utils - ERROR - Request failed for /bb-admin/: Invalid URL '/bb-admin/': No scheme supplied. Perhaps you meant https:///bb-admin/?
2025-05-06 01:54:59,848 - utils - WARNING - Error checking /bb-admin/: Invalid URL '/bb-admin/': No scheme supplied. Perhaps you meant https:///bb-admin/?
2025-05-06 01:54:59,848 - utils - ERROR - Request failed for /adminLogin/: Invalid URL '/adminLogin/': No scheme supplied. Perhaps you meant https:///adminLogin/?
2025-05-06 01:54:59,848 - utils - WARNING - Error checking /adminLogin/: Invalid URL '/adminLogin/': No scheme supplied. Perhaps you meant https:///adminLogin/?
2025-05-06 01:54:59,849 - utils - ERROR - Request failed for /admin_area/: Invalid URL '/admin_area/': No scheme supplied. Perhaps you meant https:///admin_area/?
2025-05-06 01:54:59,849 - utils - WARNING - Error checking /admin_area/: Invalid URL '/admin_area/': No scheme supplied. Perhaps you meant https:///admin_area/?
2025-05-06 01:54:59,849 - utils - ERROR - Request failed for /panel-administracion/: Invalid URL '/panel-administracion/': No scheme supplied. Perhaps you meant https:///panel-administracion/?
2025-05-06 01:54:59,849 - utils - WARNING - Error checking /panel-administracion/: Invalid URL '/panel-administracion/': No scheme supplied. Perhaps you meant https:///panel-administracion/?
2025-05-06 01:54:59,849 - utils - ERROR - Request failed for /instadmin/: Invalid URL '/instadmin/': No scheme supplied. Perhaps you meant https:///instadmin/?
2025-05-06 01:54:59,849 - utils - WARNING - Error checking /instadmin/: Invalid URL '/instadmin/': No scheme supplied. Perhaps you meant https:///instadmin/?
2025-05-06 01:54:59,849 - utils - ERROR - Request failed for /memberadmin/: Invalid URL '/memberadmin/': No scheme supplied. Perhaps you meant https:///memberadmin/?
2025-05-06 01:54:59,849 - utils - WARNING - Error checking /memberadmin/: Invalid URL '/memberadmin/': No scheme supplied. Perhaps you meant https:///memberadmin/?
2025-05-06 01:54:59,850 - utils - ERROR - Request failed for /administratorlogin/: Invalid URL '/administratorlogin/': No scheme supplied. Perhaps you meant https:///administratorlogin/?
2025-05-06 01:54:59,850 - utils - WARNING - Error checking /administratorlogin/: Invalid URL '/administratorlogin/': No scheme supplied. Perhaps you meant https:///administratorlogin/?
2025-05-06 01:54:59,850 - utils - ERROR - Request failed for /adm/: Invalid URL '/adm/': No scheme supplied. Perhaps you meant https:///adm/?
2025-05-06 01:54:59,850 - utils - WARNING - Error checking /adm/: Invalid URL '/adm/': No scheme supplied. Perhaps you meant https:///adm/?
2025-05-06 01:54:59,850 - utils - ERROR - Request failed for /admin/account.php: Invalid URL '/admin/account.php': No scheme supplied. Perhaps you meant https:///admin/account.php?
2025-05-06 01:54:59,850 - utils - WARNING - Error checking /admin/account.php: Invalid URL '/admin/account.php': No scheme supplied. Perhaps you meant https:///admin/account.php?
2025-05-06 01:54:59,850 - utils - ERROR - Request failed for /admin/index.php: Invalid URL '/admin/index.php': No scheme supplied. Perhaps you meant https:///admin/index.php?
2025-05-06 01:54:59,850 - utils - WARNING - Error checking /admin/index.php: Invalid URL '/admin/index.php': No scheme supplied. Perhaps you meant https:///admin/index.php?
2025-05-06 01:54:59,851 - utils - ERROR - Request failed for /admin/login.php: Invalid URL '/admin/login.php': No scheme supplied. Perhaps you meant https:///admin/login.php?
2025-05-06 01:54:59,851 - utils - WARNING - Error checking /admin/login.php: Invalid URL '/admin/login.php': No scheme supplied. Perhaps you meant https:///admin/login.php?
2025-05-06 01:54:59,851 - utils - ERROR - Request failed for /admin/admin.php: Invalid URL '/admin/admin.php': No scheme supplied. Perhaps you meant https:///admin/admin.php?
2025-05-06 01:54:59,851 - utils - WARNING - Error checking /admin/admin.php: Invalid URL '/admin/admin.php': No scheme supplied. Perhaps you meant https:///admin/admin.php?
2025-05-06 01:54:59,851 - utils - ERROR - Request failed for /admin_area/admin.php: Invalid URL '/admin_area/admin.php': No scheme supplied. Perhaps you meant https:///admin_area/admin.php?
2025-05-06 01:54:59,851 - utils - WARNING - Error checking /admin_area/admin.php: Invalid URL '/admin_area/admin.php': No scheme supplied. Perhaps you meant https:///admin_area/admin.php?
2025-05-06 01:54:59,852 - utils - ERROR - Request failed for /admin_area/login.php: Invalid URL '/admin_area/login.php': No scheme supplied. Perhaps you meant https:///admin_area/login.php?
2025-05-06 01:54:59,852 - utils - WARNING - Error checking /admin_area/login.php: Invalid URL '/admin_area/login.php': No scheme supplied. Perhaps you meant https:///admin_area/login.php?
2025-05-06 01:54:59,852 - utils - ERROR - Request failed for /siteadmin/login.php: Invalid URL '/siteadmin/login.php': No scheme supplied. Perhaps you meant https:///siteadmin/login.php?
2025-05-06 01:54:59,852 - utils - WARNING - Error checking /siteadmin/login.php: Invalid URL '/siteadmin/login.php': No scheme supplied. Perhaps you meant https:///siteadmin/login.php?
2025-05-06 01:54:59,852 - utils - ERROR - Request failed for /siteadmin/index.php: Invalid URL '/siteadmin/index.php': No scheme supplied. Perhaps you meant https:///siteadmin/index.php?
2025-05-06 01:54:59,852 - utils - WARNING - Error checking /siteadmin/index.php: Invalid URL '/siteadmin/index.php': No scheme supplied. Perhaps you meant https:///siteadmin/index.php?
2025-05-06 01:54:59,852 - utils - ERROR - Request failed for /siteadmin/login.html: Invalid URL '/siteadmin/login.html': No scheme supplied. Perhaps you meant https:///siteadmin/login.html?
2025-05-06 01:54:59,852 - utils - WARNING - Error checking /siteadmin/login.html: Invalid URL '/siteadmin/login.html': No scheme supplied. Perhaps you meant https:///siteadmin/login.html?
2025-05-06 01:54:59,853 - utils - ERROR - Request failed for /admin/account.html: Invalid URL '/admin/account.html': No scheme supplied. Perhaps you meant https:///admin/account.html?
2025-05-06 01:54:59,853 - utils - WARNING - Error checking /admin/account.html: Invalid URL '/admin/account.html': No scheme supplied. Perhaps you meant https:///admin/account.html?
2025-05-06 01:54:59,853 - utils - ERROR - Request failed for /admin/index.html: Invalid URL '/admin/index.html': No scheme supplied. Perhaps you meant https:///admin/index.html?
2025-05-06 01:54:59,853 - utils - WARNING - Error checking /admin/index.html: Invalid URL '/admin/index.html': No scheme supplied. Perhaps you meant https:///admin/index.html?
2025-05-06 01:54:59,853 - utils - ERROR - Request failed for /admin/login.html: Invalid URL '/admin/login.html': No scheme supplied. Perhaps you meant https:///admin/login.html?
2025-05-06 01:54:59,853 - utils - WARNING - Error checking /admin/login.html: Invalid URL '/admin/login.html': No scheme supplied. Perhaps you meant https:///admin/login.html?
2025-05-06 01:54:59,853 - utils - ERROR - Request failed for /admin/admin.html: Invalid URL '/admin/admin.html': No scheme supplied. Perhaps you meant https:///admin/admin.html?
2025-05-06 01:54:59,853 - utils - WARNING - Error checking /admin/admin.html: Invalid URL '/admin/admin.html': No scheme supplied. Perhaps you meant https:///admin/admin.html?
2025-05-06 01:54:59,853 - utils - ERROR - Request failed for /admin_area/index.php: Invalid URL '/admin_area/index.php': No scheme supplied. Perhaps you meant https:///admin_area/index.php?
2025-05-06 01:54:59,853 - utils - WARNING - Error checking /admin_area/index.php: Invalid URL '/admin_area/index.php': No scheme supplied. Perhaps you meant https:///admin_area/index.php?
2025-05-06 01:54:59,853 - utils - ERROR - Request failed for /bb-admin/index.php: Invalid URL '/bb-admin/index.php': No scheme supplied. Perhaps you meant https:///bb-admin/index.php?
2025-05-06 01:54:59,853 - utils - WARNING - Error checking /bb-admin/index.php: Invalid URL '/bb-admin/index.php': No scheme supplied. Perhaps you meant https:///bb-admin/index.php?
2025-05-06 01:54:59,855 - utils - ERROR - Request failed for /bb-admin/login.php: Invalid URL '/bb-admin/login.php': No scheme supplied. Perhaps you meant https:///bb-admin/login.php?
2025-05-06 01:54:59,855 - utils - WARNING - Error checking /bb-admin/login.php: Invalid URL '/bb-admin/login.php': No scheme supplied. Perhaps you meant https:///bb-admin/login.php?
2025-05-06 01:54:59,855 - utils - ERROR - Request failed for /bb-admin/admin.php: Invalid URL '/bb-admin/admin.php': No scheme supplied. Perhaps you meant https:///bb-admin/admin.php?
2025-05-06 01:54:59,855 - utils - WARNING - Error checking /bb-admin/admin.php: Invalid URL '/bb-admin/admin.php': No scheme supplied. Perhaps you meant https:///bb-admin/admin.php?
2025-05-06 01:54:59,855 - utils - ERROR - Request failed for /admin/home.php: Invalid URL '/admin/home.php': No scheme supplied. Perhaps you meant https:///admin/home.php?
2025-05-06 01:54:59,855 - utils - WARNING - Error checking /admin/home.php: Invalid URL '/admin/home.php': No scheme supplied. Perhaps you meant https:///admin/home.php?
2025-05-06 01:54:59,855 - utils - ERROR - Request failed for /admin_area/login.html: Invalid URL '/admin_area/login.html': No scheme supplied. Perhaps you meant https:///admin_area/login.html?
2025-05-06 01:54:59,856 - utils - WARNING - Error checking /admin_area/login.html: Invalid URL '/admin_area/login.html': No scheme supplied. Perhaps you meant https:///admin_area/login.html?
2025-05-06 01:54:59,856 - utils - ERROR - Request failed for /admin_area/index.html: Invalid URL '/admin_area/index.html': No scheme supplied. Perhaps you meant https:///admin_area/index.html?
2025-05-06 01:54:59,856 - utils - WARNING - Error checking /admin_area/index.html: Invalid URL '/admin_area/index.html': No scheme supplied. Perhaps you meant https:///admin_area/index.html?
2025-05-06 01:54:59,856 - utils - ERROR - Request failed for /admin/controlpanel.php: Invalid URL '/admin/controlpanel.php': No scheme supplied. Perhaps you meant https:///admin/controlpanel.php?
2025-05-06 01:54:59,856 - utils - WARNING - Error checking /admin/controlpanel.php: Invalid URL '/admin/controlpanel.php': No scheme supplied. Perhaps you meant https:///admin/controlpanel.php?
2025-05-06 01:54:59,856 - utils - ERROR - Request failed for /admin.php: Invalid URL '/admin.php': No scheme supplied. Perhaps you meant https:///admin.php?
2025-05-06 01:54:59,856 - utils - WARNING - Error checking /admin.php: Invalid URL '/admin.php': No scheme supplied. Perhaps you meant https:///admin.php?
2025-05-06 01:54:59,857 - utils - ERROR - Request failed for /admincp/index.asp: Invalid URL '/admincp/index.asp': No scheme supplied. Perhaps you meant https:///admincp/index.asp?
2025-05-06 01:54:59,857 - utils - WARNING - Error checking /admincp/index.asp: Invalid URL '/admincp/index.asp': No scheme supplied. Perhaps you meant https:///admincp/index.asp?
2025-05-06 01:54:59,857 - utils - ERROR - Request failed for /admincp/login.asp: Invalid URL '/admincp/login.asp': No scheme supplied. Perhaps you meant https:///admincp/login.asp?
2025-05-06 01:54:59,857 - utils - WARNING - Error checking /admincp/login.asp: Invalid URL '/admincp/login.asp': No scheme supplied. Perhaps you meant https:///admincp/login.asp?
2025-05-06 01:54:59,857 - utils - ERROR - Request failed for /admincp/index.html: Invalid URL '/admincp/index.html': No scheme supplied. Perhaps you meant https:///admincp/index.html?
2025-05-06 01:54:59,857 - utils - WARNING - Error checking /admincp/index.html: Invalid URL '/admincp/index.html': No scheme supplied. Perhaps you meant https:///admincp/index.html?
2025-05-06 01:54:59,858 - utils - ERROR - Request failed for /adminpanel.html: Invalid URL '/adminpanel.html': No scheme supplied. Perhaps you meant https:///adminpanel.html?
2025-05-06 01:54:59,858 - utils - WARNING - Error checking /adminpanel.html: Invalid URL '/adminpanel.html': No scheme supplied. Perhaps you meant https:///adminpanel.html?
2025-05-06 01:54:59,858 - utils - ERROR - Request failed for /webadmin.html: Invalid URL '/webadmin.html': No scheme supplied. Perhaps you meant https:///webadmin.html?
2025-05-06 01:54:59,858 - utils - WARNING - Error checking /webadmin.html: Invalid URL '/webadmin.html': No scheme supplied. Perhaps you meant https:///webadmin.html?
2025-05-06 01:54:59,858 - utils - ERROR - Request failed for /webadmin/index.html: Invalid URL '/webadmin/index.html': No scheme supplied. Perhaps you meant https:///webadmin/index.html?
2025-05-06 01:54:59,858 - utils - WARNING - Error checking /webadmin/index.html: Invalid URL '/webadmin/index.html': No scheme supplied. Perhaps you meant https:///webadmin/index.html?
2025-05-06 01:54:59,859 - utils - ERROR - Request failed for /webadmin/admin.html: Invalid URL '/webadmin/admin.html': No scheme supplied. Perhaps you meant https:///webadmin/admin.html?
2025-05-06 01:54:59,859 - utils - WARNING - Error checking /webadmin/admin.html: Invalid URL '/webadmin/admin.html': No scheme supplied. Perhaps you meant https:///webadmin/admin.html?
2025-05-06 01:54:59,859 - utils - ERROR - Request failed for /webadmin/login.html: Invalid URL '/webadmin/login.html': No scheme supplied. Perhaps you meant https:///webadmin/login.html?
2025-05-06 01:54:59,859 - utils - WARNING - Error checking /webadmin/login.html: Invalid URL '/webadmin/login.html': No scheme supplied. Perhaps you meant https:///webadmin/login.html?
2025-05-06 01:54:59,859 - utils - ERROR - Request failed for /admin/admin_login.html: Invalid URL '/admin/admin_login.html': No scheme supplied. Perhaps you meant https:///admin/admin_login.html?
2025-05-06 01:54:59,859 - utils - WARNING - Error checking /admin/admin_login.html: Invalid URL '/admin/admin_login.html': No scheme supplied. Perhaps you meant https:///admin/admin_login.html?
2025-05-06 01:54:59,859 - utils - ERROR - Request failed for /admin_login.html: Invalid URL '/admin_login.html': No scheme supplied. Perhaps you meant https:///admin_login.html?
2025-05-06 01:54:59,860 - utils - WARNING - Error checking /admin_login.html: Invalid URL '/admin_login.html': No scheme supplied. Perhaps you meant https:///admin_login.html?
2025-05-06 01:54:59,860 - utils - ERROR - Request failed for /panel-administracion/login.html: Invalid URL '/panel-administracion/login.html': No scheme supplied. Perhaps you meant https:///panel-administracion/login.html?
2025-05-06 01:54:59,860 - utils - WARNING - Error checking /panel-administracion/login.html: Invalid URL '/panel-administracion/login.html': No scheme supplied. Perhaps you meant https:///panel-administracion/login.html?
2025-05-06 01:54:59,860 - utils - ERROR - Request failed for /admin/cp.php: Invalid URL '/admin/cp.php': No scheme supplied. Perhaps you meant https:///admin/cp.php?
2025-05-06 01:54:59,860 - utils - WARNING - Error checking /admin/cp.php: Invalid URL '/admin/cp.php': No scheme supplied. Perhaps you meant https:///admin/cp.php?
2025-05-06 01:54:59,860 - utils - ERROR - Request failed for /cp.php: Invalid URL '/cp.php': No scheme supplied. Perhaps you meant https:///cp.php?
2025-05-06 01:54:59,860 - utils - WARNING - Error checking /cp.php: Invalid URL '/cp.php': No scheme supplied. Perhaps you meant https:///cp.php?
2025-05-06 01:54:59,861 - utils - ERROR - Request failed for /administrator/index.php: Invalid URL '/administrator/index.php': No scheme supplied. Perhaps you meant https:///administrator/index.php?
2025-05-06 01:54:59,861 - utils - WARNING - Error checking /administrator/index.php: Invalid URL '/administrator/index.php': No scheme supplied. Perhaps you meant https:///administrator/index.php?
2025-05-06 01:54:59,861 - utils - ERROR - Request failed for /administrator/login.php: Invalid URL '/administrator/login.php': No scheme supplied. Perhaps you meant https:///administrator/login.php?
2025-05-06 01:54:59,861 - utils - WARNING - Error checking /administrator/login.php: Invalid URL '/administrator/login.php': No scheme supplied. Perhaps you meant https:///administrator/login.php?
2025-05-06 01:54:59,861 - utils - ERROR - Request failed for /nsw/admin/login.php: Invalid URL '/nsw/admin/login.php': No scheme supplied. Perhaps you meant https:///nsw/admin/login.php?
2025-05-06 01:54:59,861 - utils - WARNING - Error checking /nsw/admin/login.php: Invalid URL '/nsw/admin/login.php': No scheme supplied. Perhaps you meant https:///nsw/admin/login.php?
2025-05-06 01:54:59,861 - utils - ERROR - Request failed for /webadmin/login.php: Invalid URL '/webadmin/login.php': No scheme supplied. Perhaps you meant https:///webadmin/login.php?
2025-05-06 01:54:59,861 - utils - WARNING - Error checking /webadmin/login.php: Invalid URL '/webadmin/login.php': No scheme supplied. Perhaps you meant https:///webadmin/login.php?
2025-05-06 01:54:59,862 - utils - ERROR - Request failed for /admin/admin_login.php: Invalid URL '/admin/admin_login.php': No scheme supplied. Perhaps you meant https:///admin/admin_login.php?
2025-05-06 01:54:59,862 - utils - WARNING - Error checking /admin/admin_login.php: Invalid URL '/admin/admin_login.php': No scheme supplied. Perhaps you meant https:///admin/admin_login.php?
2025-05-06 01:54:59,862 - utils - ERROR - Request failed for /admin_login.php: Invalid URL '/admin_login.php': No scheme supplied. Perhaps you meant https:///admin_login.php?
2025-05-06 01:54:59,862 - utils - WARNING - Error checking /admin_login.php: Invalid URL '/admin_login.php': No scheme supplied. Perhaps you meant https:///admin_login.php?
2025-05-06 01:54:59,862 - utils - ERROR - Request failed for /administrator/account.php: Invalid URL '/administrator/account.php': No scheme supplied. Perhaps you meant https:///administrator/account.php?
2025-05-06 01:54:59,862 - utils - WARNING - Error checking /administrator/account.php: Invalid URL '/administrator/account.php': No scheme supplied. Perhaps you meant https:///administrator/account.php?
2025-05-06 01:54:59,862 - utils - ERROR - Request failed for /administrator.php: Invalid URL '/administrator.php': No scheme supplied. Perhaps you meant https:///administrator.php?
2025-05-06 01:54:59,862 - utils - WARNING - Error checking /administrator.php: Invalid URL '/administrator.php': No scheme supplied. Perhaps you meant https:///administrator.php?
2025-05-06 01:54:59,862 - utils - ERROR - Request failed for /admin_area/admin.html: Invalid URL '/admin_area/admin.html': No scheme supplied. Perhaps you meant https:///admin_area/admin.html?
2025-05-06 01:54:59,862 - utils - WARNING - Error checking /admin_area/admin.html: Invalid URL '/admin_area/admin.html': No scheme supplied. Perhaps you meant https:///admin_area/admin.html?
2025-05-06 01:54:59,863 - utils - ERROR - Request failed for /pages/admin/admin-login.php: Invalid URL '/pages/admin/admin-login.php': No scheme supplied. Perhaps you meant https:///pages/admin/admin-login.php?
2025-05-06 01:54:59,863 - utils - WARNING - Error checking /pages/admin/admin-login.php: Invalid URL '/pages/admin/admin-login.php': No scheme supplied. Perhaps you meant https:///pages/admin/admin-login.php?
2025-05-06 01:54:59,863 - utils - ERROR - Request failed for /admin/admin-login.php: Invalid URL '/admin/admin-login.php': No scheme supplied. Perhaps you meant https:///admin/admin-login.php?
2025-05-06 01:54:59,863 - utils - WARNING - Error checking /admin/admin-login.php: Invalid URL '/admin/admin-login.php': No scheme supplied. Perhaps you meant https:///admin/admin-login.php?
2025-05-06 01:54:59,863 - utils - ERROR - Request failed for /admin-login.php: Invalid URL '/admin-login.php': No scheme supplied. Perhaps you meant https:///admin-login.php?
2025-05-06 01:54:59,863 - utils - WARNING - Error checking /admin-login.php: Invalid URL '/admin-login.php': No scheme supplied. Perhaps you meant https:///admin-login.php?
2025-05-06 01:54:59,864 - utils - ERROR - Request failed for /bb-admin/index.html: Invalid URL '/bb-admin/index.html': No scheme supplied. Perhaps you meant https:///bb-admin/index.html?
2025-05-06 01:54:59,864 - utils - WARNING - Error checking /bb-admin/index.html: Invalid URL '/bb-admin/index.html': No scheme supplied. Perhaps you meant https:///bb-admin/index.html?
2025-05-06 01:54:59,864 - utils - ERROR - Request failed for /bb-admin/login.html: Invalid URL '/bb-admin/login.html': No scheme supplied. Perhaps you meant https:///bb-admin/login.html?
2025-05-06 01:54:59,864 - utils - WARNING - Error checking /bb-admin/login.html: Invalid URL '/bb-admin/login.html': No scheme supplied. Perhaps you meant https:///bb-admin/login.html?
2025-05-06 01:54:59,864 - utils - ERROR - Request failed for /acceso.php: Invalid URL '/acceso.php': No scheme supplied. Perhaps you meant https:///acceso.php?
2025-05-06 01:54:59,864 - utils - WARNING - Error checking /acceso.php: Invalid URL '/acceso.php': No scheme supplied. Perhaps you meant https:///acceso.php?
2025-05-06 01:54:59,865 - utils - ERROR - Request failed for /bb-admin/admin.html: Invalid URL '/bb-admin/admin.html': No scheme supplied. Perhaps you meant https:///bb-admin/admin.html?
2025-05-06 01:54:59,865 - utils - WARNING - Error checking /bb-admin/admin.html: Invalid URL '/bb-admin/admin.html': No scheme supplied. Perhaps you meant https:///bb-admin/admin.html?
2025-05-06 01:54:59,865 - utils - ERROR - Request failed for /admin/home.html: Invalid URL '/admin/home.html': No scheme supplied. Perhaps you meant https:///admin/home.html?
2025-05-06 01:54:59,865 - utils - WARNING - Error checking /admin/home.html: Invalid URL '/admin/home.html': No scheme supplied. Perhaps you meant https:///admin/home.html?
2025-05-06 01:54:59,865 - utils - ERROR - Request failed for /login.php: Invalid URL '/login.php': No scheme supplied. Perhaps you meant https:///login.php?
2025-05-06 01:54:59,865 - utils - WARNING - Error checking /login.php: Invalid URL '/login.php': No scheme supplied. Perhaps you meant https:///login.php?
2025-05-06 01:54:59,865 - utils - ERROR - Request failed for /modelsearch/login.php: Invalid URL '/modelsearch/login.php': No scheme supplied. Perhaps you meant https:///modelsearch/login.php?
2025-05-06 01:54:59,866 - utils - WARNING - Error checking /modelsearch/login.php: Invalid URL '/modelsearch/login.php': No scheme supplied. Perhaps you meant https:///modelsearch/login.php?
2025-05-06 01:54:59,866 - utils - ERROR - Request failed for /moderator.php: Invalid URL '/moderator.php': No scheme supplied. Perhaps you meant https:///moderator.php?
2025-05-06 01:54:59,866 - utils - WARNING - Error checking /moderator.php: Invalid URL '/moderator.php': No scheme supplied. Perhaps you meant https:///moderator.php?
2025-05-06 01:54:59,867 - utils - ERROR - Request failed for /moderator/login.php: Invalid URL '/moderator/login.php': No scheme supplied. Perhaps you meant https:///moderator/login.php?
2025-05-06 01:54:59,867 - utils - WARNING - Error checking /moderator/login.php: Invalid URL '/moderator/login.php': No scheme supplied. Perhaps you meant https:///moderator/login.php?
2025-05-06 01:54:59,867 - utils - ERROR - Request failed for /moderator/admin.php: Invalid URL '/moderator/admin.php': No scheme supplied. Perhaps you meant https:///moderator/admin.php?
2025-05-06 01:54:59,867 - utils - WARNING - Error checking /moderator/admin.php: Invalid URL '/moderator/admin.php': No scheme supplied. Perhaps you meant https:///moderator/admin.php?
2025-05-06 01:54:59,867 - utils - ERROR - Request failed for /account.php: Invalid URL '/account.php': No scheme supplied. Perhaps you meant https:///account.php?
2025-05-06 01:54:59,867 - utils - WARNING - Error checking /account.php: Invalid URL '/account.php': No scheme supplied. Perhaps you meant https:///account.php?
2025-05-06 01:54:59,867 - utils - ERROR - Request failed for /pages/admin/admin-login.html: Invalid URL '/pages/admin/admin-login.html': No scheme supplied. Perhaps you meant https:///pages/admin/admin-login.html?
2025-05-06 01:54:59,867 - utils - WARNING - Error checking /pages/admin/admin-login.html: Invalid URL '/pages/admin/admin-login.html': No scheme supplied. Perhaps you meant https:///pages/admin/admin-login.html?
2025-05-06 01:54:59,868 - utils - ERROR - Request failed for /admin/admin-login.html: Invalid URL '/admin/admin-login.html': No scheme supplied. Perhaps you meant https:///admin/admin-login.html?
2025-05-06 01:54:59,868 - utils - WARNING - Error checking /admin/admin-login.html: Invalid URL '/admin/admin-login.html': No scheme supplied. Perhaps you meant https:///admin/admin-login.html?
2025-05-06 01:54:59,868 - utils - ERROR - Request failed for /admin-login.html: Invalid URL '/admin-login.html': No scheme supplied. Perhaps you meant https:///admin-login.html?
2025-05-06 01:54:59,868 - utils - WARNING - Error checking /admin-login.html: Invalid URL '/admin-login.html': No scheme supplied. Perhaps you meant https:///admin-login.html?
2025-05-06 01:54:59,868 - utils - ERROR - Request failed for /controlpanel.php: Invalid URL '/controlpanel.php': No scheme supplied. Perhaps you meant https:///controlpanel.php?
2025-05-06 01:54:59,868 - utils - WARNING - Error checking /controlpanel.php: Invalid URL '/controlpanel.php': No scheme supplied. Perhaps you meant https:///controlpanel.php?
2025-05-06 01:54:59,869 - utils - ERROR - Request failed for /admincontrol.php: Invalid URL '/admincontrol.php': No scheme supplied. Perhaps you meant https:///admincontrol.php?
2025-05-06 01:54:59,869 - utils - WARNING - Error checking /admincontrol.php: Invalid URL '/admincontrol.php': No scheme supplied. Perhaps you meant https:///admincontrol.php?
2025-05-06 01:54:59,869 - utils - ERROR - Request failed for /admin/adminLogin.html: Invalid URL '/admin/adminLogin.html': No scheme supplied. Perhaps you meant https:///admin/adminLogin.html?
2025-05-06 01:54:59,869 - utils - WARNING - Error checking /admin/adminLogin.html: Invalid URL '/admin/adminLogin.html': No scheme supplied. Perhaps you meant https:///admin/adminLogin.html?
2025-05-06 01:54:59,869 - utils - ERROR - Request failed for /adminLogin.html: Invalid URL '/adminLogin.html': No scheme supplied. Perhaps you meant https:///adminLogin.html?
2025-05-06 01:54:59,869 - utils - WARNING - Error checking /adminLogin.html: Invalid URL '/adminLogin.html': No scheme supplied. Perhaps you meant https:///adminLogin.html?
2025-05-06 01:54:59,869 - utils - ERROR - Request failed for /home.html: Invalid URL '/home.html': No scheme supplied. Perhaps you meant https:///home.html?
2025-05-06 01:54:59,869 - utils - WARNING - Error checking /home.html: Invalid URL '/home.html': No scheme supplied. Perhaps you meant https:///home.html?
2025-05-06 01:54:59,870 - utils - ERROR - Request failed for /rcjakar/admin/login.php: Invalid URL '/rcjakar/admin/login.php': No scheme supplied. Perhaps you meant https:///rcjakar/admin/login.php?
2025-05-06 01:54:59,870 - utils - WARNING - Error checking /rcjakar/admin/login.php: Invalid URL '/rcjakar/admin/login.php': No scheme supplied. Perhaps you meant https:///rcjakar/admin/login.php?
2025-05-06 01:54:59,870 - utils - ERROR - Request failed for /adminarea/index.html: Invalid URL '/adminarea/index.html': No scheme supplied. Perhaps you meant https:///adminarea/index.html?
2025-05-06 01:54:59,870 - utils - WARNING - Error checking /adminarea/index.html: Invalid URL '/adminarea/index.html': No scheme supplied. Perhaps you meant https:///adminarea/index.html?
2025-05-06 01:54:59,870 - utils - ERROR - Request failed for /adminarea/admin.html: Invalid URL '/adminarea/admin.html': No scheme supplied. Perhaps you meant https:///adminarea/admin.html?
2025-05-06 01:54:59,870 - utils - WARNING - Error checking /adminarea/admin.html: Invalid URL '/adminarea/admin.html': No scheme supplied. Perhaps you meant https:///adminarea/admin.html?
2025-05-06 01:54:59,871 - utils - ERROR - Request failed for /webadmin.php: Invalid URL '/webadmin.php': No scheme supplied. Perhaps you meant https:///webadmin.php?
2025-05-06 01:54:59,871 - utils - WARNING - Error checking /webadmin.php: Invalid URL '/webadmin.php': No scheme supplied. Perhaps you meant https:///webadmin.php?
2025-05-06 01:54:59,871 - utils - ERROR - Request failed for /webadmin/index.php: Invalid URL '/webadmin/index.php': No scheme supplied. Perhaps you meant https:///webadmin/index.php?
2025-05-06 01:54:59,871 - utils - WARNING - Error checking /webadmin/index.php: Invalid URL '/webadmin/index.php': No scheme supplied. Perhaps you meant https:///webadmin/index.php?
2025-05-06 01:54:59,871 - utils - ERROR - Request failed for /webadmin/admin.php: Invalid URL '/webadmin/admin.php': No scheme supplied. Perhaps you meant https:///webadmin/admin.php?
2025-05-06 01:54:59,871 - utils - WARNING - Error checking /webadmin/admin.php: Invalid URL '/webadmin/admin.php': No scheme supplied. Perhaps you meant https:///webadmin/admin.php?
2025-05-06 01:54:59,871 - utils - ERROR - Request failed for /admin/controlpanel.html: Invalid URL '/admin/controlpanel.html': No scheme supplied. Perhaps you meant https:///admin/controlpanel.html?
2025-05-06 01:54:59,871 - utils - WARNING - Error checking /admin/controlpanel.html: Invalid URL '/admin/controlpanel.html': No scheme supplied. Perhaps you meant https:///admin/controlpanel.html?
2025-05-06 01:54:59,872 - utils - ERROR - Request failed for /admin.html: Invalid URL '/admin.html': No scheme supplied. Perhaps you meant https:///admin.html?
2025-05-06 01:54:59,872 - utils - WARNING - Error checking /admin.html: Invalid URL '/admin.html': No scheme supplied. Perhaps you meant https:///admin.html?
2025-05-06 01:54:59,872 - utils - ERROR - Request failed for /admin/cp.html: Invalid URL '/admin/cp.html': No scheme supplied. Perhaps you meant https:///admin/cp.html?
2025-05-06 01:54:59,872 - utils - WARNING - Error checking /admin/cp.html: Invalid URL '/admin/cp.html': No scheme supplied. Perhaps you meant https:///admin/cp.html?
2025-05-06 01:54:59,872 - utils - ERROR - Request failed for /cp.html: Invalid URL '/cp.html': No scheme supplied. Perhaps you meant https:///cp.html?
2025-05-06 01:54:59,872 - utils - WARNING - Error checking /cp.html: Invalid URL '/cp.html': No scheme supplied. Perhaps you meant https:///cp.html?
2025-05-06 01:54:59,873 - utils - ERROR - Request failed for /adminpanel.php: Invalid URL '/adminpanel.php': No scheme supplied. Perhaps you meant https:///adminpanel.php?
2025-05-06 01:54:59,873 - utils - WARNING - Error checking /adminpanel.php: Invalid URL '/adminpanel.php': No scheme supplied. Perhaps you meant https:///adminpanel.php?
2025-05-06 01:54:59,873 - utils - ERROR - Request failed for /moderator.html: Invalid URL '/moderator.html': No scheme supplied. Perhaps you meant https:///moderator.html?
2025-05-06 01:54:59,873 - utils - WARNING - Error checking /moderator.html: Invalid URL '/moderator.html': No scheme supplied. Perhaps you meant https:///moderator.html?
2025-05-06 01:54:59,874 - utils - ERROR - Request failed for /administrator/index.html: Invalid URL '/administrator/index.html': No scheme supplied. Perhaps you meant https:///administrator/index.html?
2025-05-06 01:54:59,874 - utils - WARNING - Error checking /administrator/index.html: Invalid URL '/administrator/index.html': No scheme supplied. Perhaps you meant https:///administrator/index.html?
2025-05-06 01:54:59,875 - utils - ERROR - Request failed for /administrator/login.html: Invalid URL '/administrator/login.html': No scheme supplied. Perhaps you meant https:///administrator/login.html?
2025-05-06 01:54:59,875 - utils - WARNING - Error checking /administrator/login.html: Invalid URL '/administrator/login.html': No scheme supplied. Perhaps you meant https:///administrator/login.html?
2025-05-06 01:54:59,875 - utils - ERROR - Request failed for /user.html: Invalid URL '/user.html': No scheme supplied. Perhaps you meant https:///user.html?
2025-05-06 01:54:59,875 - utils - WARNING - Error checking /user.html: Invalid URL '/user.html': No scheme supplied. Perhaps you meant https:///user.html?
2025-05-06 01:54:59,875 - utils - ERROR - Request failed for /administrator/account.html: Invalid URL '/administrator/account.html': No scheme supplied. Perhaps you meant https:///administrator/account.html?
2025-05-06 01:54:59,875 - utils - WARNING - Error checking /administrator/account.html: Invalid URL '/administrator/account.html': No scheme supplied. Perhaps you meant https:///administrator/account.html?
2025-05-06 01:54:59,875 - utils - ERROR - Request failed for /administrator.html: Invalid URL '/administrator.html': No scheme supplied. Perhaps you meant https:///administrator.html?
2025-05-06 01:54:59,875 - utils - WARNING - Error checking /administrator.html: Invalid URL '/administrator.html': No scheme supplied. Perhaps you meant https:///administrator.html?
2025-05-06 01:54:59,876 - utils - ERROR - Request failed for /login.html: Invalid URL '/login.html': No scheme supplied. Perhaps you meant https:///login.html?
2025-05-06 01:54:59,876 - utils - WARNING - Error checking /login.html: Invalid URL '/login.html': No scheme supplied. Perhaps you meant https:///login.html?
2025-05-06 01:54:59,876 - utils - ERROR - Request failed for /modelsearch/login.html: Invalid URL '/modelsearch/login.html': No scheme supplied. Perhaps you meant https:///modelsearch/login.html?
2025-05-06 01:54:59,876 - utils - WARNING - Error checking /modelsearch/login.html: Invalid URL '/modelsearch/login.html': No scheme supplied. Perhaps you meant https:///modelsearch/login.html?
2025-05-06 01:54:59,878 - utils - ERROR - Request failed for /moderator/login.html: Invalid URL '/moderator/login.html': No scheme supplied. Perhaps you meant https:///moderator/login.html?
2025-05-06 01:54:59,878 - utils - WARNING - Error checking /moderator/login.html: Invalid URL '/moderator/login.html': No scheme supplied. Perhaps you meant https:///moderator/login.html?
2025-05-06 01:54:59,878 - utils - ERROR - Request failed for /adminarea/login.html: Invalid URL '/adminarea/login.html': No scheme supplied. Perhaps you meant https:///adminarea/login.html?
2025-05-06 01:54:59,879 - utils - WARNING - Error checking /adminarea/login.html: Invalid URL '/adminarea/login.html': No scheme supplied. Perhaps you meant https:///adminarea/login.html?
2025-05-06 01:54:59,879 - utils - ERROR - Request failed for /panel-administracion/index.html: Invalid URL '/panel-administracion/index.html': No scheme supplied. Perhaps you meant https:///panel-administracion/index.html?
2025-05-06 01:54:59,879 - utils - WARNING - Error checking /panel-administracion/index.html: Invalid URL '/panel-administracion/index.html': No scheme supplied. Perhaps you meant https:///panel-administracion/index.html?
2025-05-06 01:54:59,879 - utils - ERROR - Request failed for /panel-administracion/admin.html: Invalid URL '/panel-administracion/admin.html': No scheme supplied. Perhaps you meant https:///panel-administracion/admin.html?
2025-05-06 01:54:59,880 - utils - WARNING - Error checking /panel-administracion/admin.html: Invalid URL '/panel-administracion/admin.html': No scheme supplied. Perhaps you meant https:///panel-administracion/admin.html?
2025-05-06 01:54:59,880 - utils - ERROR - Request failed for /modelsearch/index.html: Invalid URL '/modelsearch/index.html': No scheme supplied. Perhaps you meant https:///modelsearch/index.html?
2025-05-06 01:54:59,880 - utils - WARNING - Error checking /modelsearch/index.html: Invalid URL '/modelsearch/index.html': No scheme supplied. Perhaps you meant https:///modelsearch/index.html?
2025-05-06 01:54:59,881 - utils - ERROR - Request failed for /modelsearch/admin.html: Invalid URL '/modelsearch/admin.html': No scheme supplied. Perhaps you meant https:///modelsearch/admin.html?
2025-05-06 01:54:59,881 - utils - WARNING - Error checking /modelsearch/admin.html: Invalid URL '/modelsearch/admin.html': No scheme supplied. Perhaps you meant https:///modelsearch/admin.html?
2025-05-06 01:54:59,881 - utils - ERROR - Request failed for /admincontrol/login.html: Invalid URL '/admincontrol/login.html': No scheme supplied. Perhaps you meant https:///admincontrol/login.html?
2025-05-06 01:54:59,881 - utils - WARNING - Error checking /admincontrol/login.html: Invalid URL '/admincontrol/login.html': No scheme supplied. Perhaps you meant https:///admincontrol/login.html?
2025-05-06 01:54:59,881 - utils - ERROR - Request failed for /adm/index.html: Invalid URL '/adm/index.html': No scheme supplied. Perhaps you meant https:///adm/index.html?
2025-05-06 01:54:59,881 - utils - WARNING - Error checking /adm/index.html: Invalid URL '/adm/index.html': No scheme supplied. Perhaps you meant https:///adm/index.html?
2025-05-06 01:54:59,882 - utils - ERROR - Request failed for /adm.html: Invalid URL '/adm.html': No scheme supplied. Perhaps you meant https:///adm.html?
2025-05-06 01:54:59,882 - utils - WARNING - Error checking /adm.html: Invalid URL '/adm.html': No scheme supplied. Perhaps you meant https:///adm.html?
2025-05-06 01:54:59,882 - utils - ERROR - Request failed for /moderator/admin.html: Invalid URL '/moderator/admin.html': No scheme supplied. Perhaps you meant https:///moderator/admin.html?
2025-05-06 01:54:59,882 - utils - WARNING - Error checking /moderator/admin.html: Invalid URL '/moderator/admin.html': No scheme supplied. Perhaps you meant https:///moderator/admin.html?
2025-05-06 01:54:59,882 - utils - ERROR - Request failed for /user.php: Invalid URL '/user.php': No scheme supplied. Perhaps you meant https:///user.php?
2025-05-06 01:54:59,882 - utils - WARNING - Error checking /user.php: Invalid URL '/user.php': No scheme supplied. Perhaps you meant https:///user.php?
2025-05-06 01:54:59,884 - utils - ERROR - Request failed for /account.html: Invalid URL '/account.html': No scheme supplied. Perhaps you meant https:///account.html?
2025-05-06 01:54:59,884 - utils - WARNING - Error checking /account.html: Invalid URL '/account.html': No scheme supplied. Perhaps you meant https:///account.html?
2025-05-06 01:54:59,884 - utils - ERROR - Request failed for /controlpanel.html: Invalid URL '/controlpanel.html': No scheme supplied. Perhaps you meant https:///controlpanel.html?
2025-05-06 01:54:59,884 - utils - WARNING - Error checking /controlpanel.html: Invalid URL '/controlpanel.html': No scheme supplied. Perhaps you meant https:///controlpanel.html?
2025-05-06 01:54:59,884 - utils - ERROR - Request failed for /admincontrol.html: Invalid URL '/admincontrol.html': No scheme supplied. Perhaps you meant https:///admincontrol.html?
2025-05-06 01:54:59,884 - utils - WARNING - Error checking /admincontrol.html: Invalid URL '/admincontrol.html': No scheme supplied. Perhaps you meant https:///admincontrol.html?
2025-05-06 01:54:59,885 - utils - ERROR - Request failed for /panel-administracion/login.php: Invalid URL '/panel-administracion/login.php': No scheme supplied. Perhaps you meant https:///panel-administracion/login.php?
2025-05-06 01:54:59,885 - utils - WARNING - Error checking /panel-administracion/login.php: Invalid URL '/panel-administracion/login.php': No scheme supplied. Perhaps you meant https:///panel-administracion/login.php?
2025-05-06 01:54:59,885 - utils - ERROR - Request failed for /wp-login.php: Invalid URL '/wp-login.php': No scheme supplied. Perhaps you meant https:///wp-login.php?
2025-05-06 01:54:59,885 - utils - WARNING - Error checking /wp-login.php: Invalid URL '/wp-login.php': No scheme supplied. Perhaps you meant https:///wp-login.php?
2025-05-06 01:54:59,885 - utils - ERROR - Request failed for /adminLogin.php: Invalid URL '/adminLogin.php': No scheme supplied. Perhaps you meant https:///adminLogin.php?
2025-05-06 01:54:59,885 - utils - WARNING - Error checking /adminLogin.php: Invalid URL '/adminLogin.php': No scheme supplied. Perhaps you meant https:///adminLogin.php?
2025-05-06 01:54:59,886 - utils - ERROR - Request failed for /admin/adminLogin.php: Invalid URL '/admin/adminLogin.php': No scheme supplied. Perhaps you meant https:///admin/adminLogin.php?
2025-05-06 01:54:59,886 - utils - WARNING - Error checking /admin/adminLogin.php: Invalid URL '/admin/adminLogin.php': No scheme supplied. Perhaps you meant https:///admin/adminLogin.php?
2025-05-06 01:54:59,886 - utils - ERROR - Request failed for /home.php: Invalid URL '/home.php': No scheme supplied. Perhaps you meant https:///home.php?
2025-05-06 01:54:59,886 - utils - WARNING - Error checking /home.php: Invalid URL '/home.php': No scheme supplied. Perhaps you meant https:///home.php?
2025-05-06 01:54:59,887 - utils - ERROR - Request failed for /adminarea/index.php: Invalid URL '/adminarea/index.php': No scheme supplied. Perhaps you meant https:///adminarea/index.php?
2025-05-06 01:54:59,887 - utils - WARNING - Error checking /adminarea/index.php: Invalid URL '/adminarea/index.php': No scheme supplied. Perhaps you meant https:///adminarea/index.php?
2025-05-06 01:54:59,887 - utils - ERROR - Request failed for /adminarea/admin.php: Invalid URL '/adminarea/admin.php': No scheme supplied. Perhaps you meant https:///adminarea/admin.php?
2025-05-06 01:54:59,887 - utils - WARNING - Error checking /adminarea/admin.php: Invalid URL '/adminarea/admin.php': No scheme supplied. Perhaps you meant https:///adminarea/admin.php?
2025-05-06 01:54:59,888 - utils - ERROR - Request failed for /adminarea/login.php: Invalid URL '/adminarea/login.php': No scheme supplied. Perhaps you meant https:///adminarea/login.php?
2025-05-06 01:54:59,888 - utils - WARNING - Error checking /adminarea/login.php: Invalid URL '/adminarea/login.php': No scheme supplied. Perhaps you meant https:///adminarea/login.php?
2025-05-06 01:54:59,888 - utils - ERROR - Request failed for /panel-administracion/index.php: Invalid URL '/panel-administracion/index.php': No scheme supplied. Perhaps you meant https:///panel-administracion/index.php?
2025-05-06 01:54:59,888 - utils - WARNING - Error checking /panel-administracion/index.php: Invalid URL '/panel-administracion/index.php': No scheme supplied. Perhaps you meant https:///panel-administracion/index.php?
2025-05-06 01:54:59,889 - utils - ERROR - Request failed for /panel-administracion/admin.php: Invalid URL '/panel-administracion/admin.php': No scheme supplied. Perhaps you meant https:///panel-administracion/admin.php?
2025-05-06 01:54:59,889 - utils - WARNING - Error checking /panel-administracion/admin.php: Invalid URL '/panel-administracion/admin.php': No scheme supplied. Perhaps you meant https:///panel-administracion/admin.php?
2025-05-06 01:54:59,890 - utils - ERROR - Request failed for /modelsearch/index.php: Invalid URL '/modelsearch/index.php': No scheme supplied. Perhaps you meant https:///modelsearch/index.php?
2025-05-06 01:54:59,890 - utils - WARNING - Error checking /modelsearch/index.php: Invalid URL '/modelsearch/index.php': No scheme supplied. Perhaps you meant https:///modelsearch/index.php?
2025-05-06 01:54:59,891 - utils - ERROR - Request failed for /modelsearch/admin.php: Invalid URL '/modelsearch/admin.php': No scheme supplied. Perhaps you meant https:///modelsearch/admin.php?
2025-05-06 01:54:59,891 - utils - WARNING - Error checking /modelsearch/admin.php: Invalid URL '/modelsearch/admin.php': No scheme supplied. Perhaps you meant https:///modelsearch/admin.php?
2025-05-06 01:54:59,892 - utils - ERROR - Request failed for /admincontrol/login.php: Invalid URL '/admincontrol/login.php': No scheme supplied. Perhaps you meant https:///admincontrol/login.php?
2025-05-06 01:54:59,892 - utils - WARNING - Error checking /admincontrol/login.php: Invalid URL '/admincontrol/login.php': No scheme supplied. Perhaps you meant https:///admincontrol/login.php?
2025-05-06 01:54:59,893 - utils - ERROR - Request failed for /adm/admloginuser.php: Invalid URL '/adm/admloginuser.php': No scheme supplied. Perhaps you meant https:///adm/admloginuser.php?
2025-05-06 01:54:59,893 - utils - WARNING - Error checking /adm/admloginuser.php: Invalid URL '/adm/admloginuser.php': No scheme supplied. Perhaps you meant https:///adm/admloginuser.php?
2025-05-06 01:54:59,893 - utils - ERROR - Request failed for /admloginuser.php: Invalid URL '/admloginuser.php': No scheme supplied. Perhaps you meant https:///admloginuser.php?
2025-05-06 01:54:59,893 - utils - WARNING - Error checking /admloginuser.php: Invalid URL '/admloginuser.php': No scheme supplied. Perhaps you meant https:///admloginuser.php?
2025-05-06 01:54:59,894 - utils - ERROR - Request failed for /admin2.php: Invalid URL '/admin2.php': No scheme supplied. Perhaps you meant https:///admin2.php?
2025-05-06 01:54:59,894 - utils - WARNING - Error checking /admin2.php: Invalid URL '/admin2.php': No scheme supplied. Perhaps you meant https:///admin2.php?
2025-05-06 01:54:59,894 - utils - ERROR - Request failed for /admin2/login.php: Invalid URL '/admin2/login.php': No scheme supplied. Perhaps you meant https:///admin2/login.php?
2025-05-06 01:54:59,894 - utils - WARNING - Error checking /admin2/login.php: Invalid URL '/admin2/login.php': No scheme supplied. Perhaps you meant https:///admin2/login.php?
2025-05-06 01:54:59,894 - utils - ERROR - Request failed for /admin2/index.php: Invalid URL '/admin2/index.php': No scheme supplied. Perhaps you meant https:///admin2/index.php?
2025-05-06 01:54:59,894 - utils - WARNING - Error checking /admin2/index.php: Invalid URL '/admin2/index.php': No scheme supplied. Perhaps you meant https:///admin2/index.php?
2025-05-06 01:54:59,895 - utils - ERROR - Request failed for /usuarios/login.php: Invalid URL '/usuarios/login.php': No scheme supplied. Perhaps you meant https:///usuarios/login.php?
2025-05-06 01:54:59,895 - utils - WARNING - Error checking /usuarios/login.php: Invalid URL '/usuarios/login.php': No scheme supplied. Perhaps you meant https:///usuarios/login.php?
2025-05-06 01:54:59,895 - utils - ERROR - Request failed for /adm/index.php: Invalid URL '/adm/index.php': No scheme supplied. Perhaps you meant https:///adm/index.php?
2025-05-06 01:54:59,895 - utils - WARNING - Error checking /adm/index.php: Invalid URL '/adm/index.php': No scheme supplied. Perhaps you meant https:///adm/index.php?
2025-05-06 01:54:59,895 - utils - ERROR - Request failed for /adm.php: Invalid URL '/adm.php': No scheme supplied. Perhaps you meant https:///adm.php?
2025-05-06 01:54:59,895 - utils - WARNING - Error checking /adm.php: Invalid URL '/adm.php': No scheme supplied. Perhaps you meant https:///adm.php?
2025-05-06 01:54:59,895 - utils - ERROR - Request failed for /affiliate.php: Invalid URL '/affiliate.php': No scheme supplied. Perhaps you meant https:///affiliate.php?
2025-05-06 01:54:59,896 - utils - WARNING - Error checking /affiliate.php: Invalid URL '/affiliate.php': No scheme supplied. Perhaps you meant https:///affiliate.php?
2025-05-06 01:54:59,896 - utils - ERROR - Request failed for /adm_auth.php: Invalid URL '/adm_auth.php': No scheme supplied. Perhaps you meant https:///adm_auth.php?
2025-05-06 01:54:59,896 - utils - WARNING - Error checking /adm_auth.php: Invalid URL '/adm_auth.php': No scheme supplied. Perhaps you meant https:///adm_auth.php?
2025-05-06 01:54:59,896 - utils - ERROR - Request failed for /memberadmin.php: Invalid URL '/memberadmin.php': No scheme supplied. Perhaps you meant https:///memberadmin.php?
2025-05-06 01:54:59,896 - utils - WARNING - Error checking /memberadmin.php: Invalid URL '/memberadmin.php': No scheme supplied. Perhaps you meant https:///memberadmin.php?
2025-05-06 01:54:59,896 - utils - ERROR - Request failed for /administratorlogin.php: Invalid URL '/administratorlogin.php': No scheme supplied. Perhaps you meant https:///administratorlogin.php?
2025-05-06 01:54:59,896 - utils - WARNING - Error checking /administratorlogin.php: Invalid URL '/administratorlogin.php': No scheme supplied. Perhaps you meant https:///administratorlogin.php?
2025-05-06 01:54:59,897 - utils - ERROR - Request failed for /account.asp: Invalid URL '/account.asp': No scheme supplied. Perhaps you meant https:///account.asp?
2025-05-06 01:54:59,897 - utils - WARNING - Error checking /account.asp: Invalid URL '/account.asp': No scheme supplied. Perhaps you meant https:///account.asp?
2025-05-06 01:54:59,897 - utils - ERROR - Request failed for /admin/account.asp: Invalid URL '/admin/account.asp': No scheme supplied. Perhaps you meant https:///admin/account.asp?
2025-05-06 01:54:59,897 - utils - WARNING - Error checking /admin/account.asp: Invalid URL '/admin/account.asp': No scheme supplied. Perhaps you meant https:///admin/account.asp?
2025-05-06 01:54:59,897 - utils - ERROR - Request failed for /admin/index.asp: Invalid URL '/admin/index.asp': No scheme supplied. Perhaps you meant https:///admin/index.asp?
2025-05-06 01:54:59,898 - utils - WARNING - Error checking /admin/index.asp: Invalid URL '/admin/index.asp': No scheme supplied. Perhaps you meant https:///admin/index.asp?
2025-05-06 01:54:59,898 - utils - ERROR - Request failed for /admin/login.asp: Invalid URL '/admin/login.asp': No scheme supplied. Perhaps you meant https:///admin/login.asp?
2025-05-06 01:54:59,898 - utils - WARNING - Error checking /admin/login.asp: Invalid URL '/admin/login.asp': No scheme supplied. Perhaps you meant https:///admin/login.asp?
2025-05-06 01:54:59,898 - utils - ERROR - Request failed for /admin/admin.asp: Invalid URL '/admin/admin.asp': No scheme supplied. Perhaps you meant https:///admin/admin.asp?
2025-05-06 01:54:59,898 - utils - WARNING - Error checking /admin/admin.asp: Invalid URL '/admin/admin.asp': No scheme supplied. Perhaps you meant https:///admin/admin.asp?
2025-05-06 01:54:59,898 - utils - ERROR - Request failed for /admin_area/admin.asp: Invalid URL '/admin_area/admin.asp': No scheme supplied. Perhaps you meant https:///admin_area/admin.asp?
2025-05-06 01:54:59,899 - utils - WARNING - Error checking /admin_area/admin.asp: Invalid URL '/admin_area/admin.asp': No scheme supplied. Perhaps you meant https:///admin_area/admin.asp?
2025-05-06 01:54:59,899 - utils - ERROR - Request failed for /admin_area/login.asp: Invalid URL '/admin_area/login.asp': No scheme supplied. Perhaps you meant https:///admin_area/login.asp?
2025-05-06 01:54:59,899 - utils - WARNING - Error checking /admin_area/login.asp: Invalid URL '/admin_area/login.asp': No scheme supplied. Perhaps you meant https:///admin_area/login.asp?
2025-05-06 01:54:59,899 - utils - ERROR - Request failed for /admin_area/index.asp: Invalid URL '/admin_area/index.asp': No scheme supplied. Perhaps you meant https:///admin_area/index.asp?
2025-05-06 01:54:59,899 - utils - WARNING - Error checking /admin_area/index.asp: Invalid URL '/admin_area/index.asp': No scheme supplied. Perhaps you meant https:///admin_area/index.asp?
2025-05-06 01:54:59,899 - utils - ERROR - Request failed for /bb-admin/index.asp: Invalid URL '/bb-admin/index.asp': No scheme supplied. Perhaps you meant https:///bb-admin/index.asp?
2025-05-06 01:54:59,899 - utils - WARNING - Error checking /bb-admin/index.asp: Invalid URL '/bb-admin/index.asp': No scheme supplied. Perhaps you meant https:///bb-admin/index.asp?
2025-05-06 01:54:59,900 - utils - ERROR - Request failed for /bb-admin/login.asp: Invalid URL '/bb-admin/login.asp': No scheme supplied. Perhaps you meant https:///bb-admin/login.asp?
2025-05-06 01:54:59,900 - utils - WARNING - Error checking /bb-admin/login.asp: Invalid URL '/bb-admin/login.asp': No scheme supplied. Perhaps you meant https:///bb-admin/login.asp?
2025-05-06 01:54:59,900 - utils - ERROR - Request failed for /bb-admin/admin.asp: Invalid URL '/bb-admin/admin.asp': No scheme supplied. Perhaps you meant https:///bb-admin/admin.asp?
2025-05-06 01:54:59,900 - utils - WARNING - Error checking /bb-admin/admin.asp: Invalid URL '/bb-admin/admin.asp': No scheme supplied. Perhaps you meant https:///bb-admin/admin.asp?
2025-05-06 01:54:59,900 - utils - ERROR - Request failed for /admin/home.asp: Invalid URL '/admin/home.asp': No scheme supplied. Perhaps you meant https:///admin/home.asp?
2025-05-06 01:54:59,900 - utils - WARNING - Error checking /admin/home.asp: Invalid URL '/admin/home.asp': No scheme supplied. Perhaps you meant https:///admin/home.asp?
2025-05-06 01:54:59,901 - utils - ERROR - Request failed for /admin/controlpanel.asp: Invalid URL '/admin/controlpanel.asp': No scheme supplied. Perhaps you meant https:///admin/controlpanel.asp?
2025-05-06 01:54:59,901 - utils - WARNING - Error checking /admin/controlpanel.asp: Invalid URL '/admin/controlpanel.asp': No scheme supplied. Perhaps you meant https:///admin/controlpanel.asp?
2025-05-06 01:54:59,901 - utils - ERROR - Request failed for /admin.asp: Invalid URL '/admin.asp': No scheme supplied. Perhaps you meant https:///admin.asp?
2025-05-06 01:54:59,901 - utils - WARNING - Error checking /admin.asp: Invalid URL '/admin.asp': No scheme supplied. Perhaps you meant https:///admin.asp?
2025-05-06 01:54:59,901 - utils - ERROR - Request failed for /pages/admin/admin-login.asp: Invalid URL '/pages/admin/admin-login.asp': No scheme supplied. Perhaps you meant https:///pages/admin/admin-login.asp?
2025-05-06 01:54:59,901 - utils - WARNING - Error checking /pages/admin/admin-login.asp: Invalid URL '/pages/admin/admin-login.asp': No scheme supplied. Perhaps you meant https:///pages/admin/admin-login.asp?
2025-05-06 01:54:59,902 - utils - ERROR - Request failed for /admin/admin-login.asp: Invalid URL '/admin/admin-login.asp': No scheme supplied. Perhaps you meant https:///admin/admin-login.asp?
2025-05-06 01:54:59,902 - utils - WARNING - Error checking /admin/admin-login.asp: Invalid URL '/admin/admin-login.asp': No scheme supplied. Perhaps you meant https:///admin/admin-login.asp?
2025-05-06 01:54:59,902 - utils - ERROR - Request failed for /admin-login.asp: Invalid URL '/admin-login.asp': No scheme supplied. Perhaps you meant https:///admin-login.asp?
2025-05-06 01:54:59,902 - utils - WARNING - Error checking /admin-login.asp: Invalid URL '/admin-login.asp': No scheme supplied. Perhaps you meant https:///admin-login.asp?
2025-05-06 01:54:59,902 - utils - ERROR - Request failed for /admin/cp.asp: Invalid URL '/admin/cp.asp': No scheme supplied. Perhaps you meant https:///admin/cp.asp?
2025-05-06 01:54:59,902 - utils - WARNING - Error checking /admin/cp.asp: Invalid URL '/admin/cp.asp': No scheme supplied. Perhaps you meant https:///admin/cp.asp?
2025-05-06 01:54:59,902 - utils - ERROR - Request failed for /cp.asp: Invalid URL '/cp.asp': No scheme supplied. Perhaps you meant https:///cp.asp?
2025-05-06 01:54:59,902 - utils - WARNING - Error checking /cp.asp: Invalid URL '/cp.asp': No scheme supplied. Perhaps you meant https:///cp.asp?
2025-05-06 01:54:59,902 - utils - ERROR - Request failed for /administrator/account.asp: Invalid URL '/administrator/account.asp': No scheme supplied. Perhaps you meant https:///administrator/account.asp?
2025-05-06 01:54:59,902 - utils - WARNING - Error checking /administrator/account.asp: Invalid URL '/administrator/account.asp': No scheme supplied. Perhaps you meant https:///administrator/account.asp?
2025-05-06 01:54:59,902 - utils - ERROR - Request failed for /administrator.asp: Invalid URL '/administrator.asp': No scheme supplied. Perhaps you meant https:///administrator.asp?
2025-05-06 01:54:59,904 - utils - WARNING - Error checking /administrator.asp: Invalid URL '/administrator.asp': No scheme supplied. Perhaps you meant https:///administrator.asp?
2025-05-06 01:54:59,904 - utils - ERROR - Request failed for /acceso.asp: Invalid URL '/acceso.asp': No scheme supplied. Perhaps you meant https:///acceso.asp?
2025-05-06 01:54:59,904 - utils - WARNING - Error checking /acceso.asp: Invalid URL '/acceso.asp': No scheme supplied. Perhaps you meant https:///acceso.asp?
2025-05-06 01:54:59,904 - utils - ERROR - Request failed for /login.asp: Invalid URL '/login.asp': No scheme supplied. Perhaps you meant https:///login.asp?
2025-05-06 01:54:59,904 - utils - WARNING - Error checking /login.asp: Invalid URL '/login.asp': No scheme supplied. Perhaps you meant https:///login.asp?
2025-05-06 01:54:59,904 - utils - ERROR - Request failed for /modelsearch/login.asp: Invalid URL '/modelsearch/login.asp': No scheme supplied. Perhaps you meant https:///modelsearch/login.asp?
2025-05-06 01:54:59,905 - utils - WARNING - Error checking /modelsearch/login.asp: Invalid URL '/modelsearch/login.asp': No scheme supplied. Perhaps you meant https:///modelsearch/login.asp?
2025-05-06 01:54:59,905 - utils - ERROR - Request failed for /moderator.asp: Invalid URL '/moderator.asp': No scheme supplied. Perhaps you meant https:///moderator.asp?
2025-05-06 01:54:59,905 - utils - WARNING - Error checking /moderator.asp: Invalid URL '/moderator.asp': No scheme supplied. Perhaps you meant https:///moderator.asp?
2025-05-06 01:54:59,905 - utils - ERROR - Request failed for /moderator/login.asp: Invalid URL '/moderator/login.asp': No scheme supplied. Perhaps you meant https:///moderator/login.asp?
2025-05-06 01:54:59,905 - utils - WARNING - Error checking /moderator/login.asp: Invalid URL '/moderator/login.asp': No scheme supplied. Perhaps you meant https:///moderator/login.asp?
2025-05-06 01:54:59,905 - utils - ERROR - Request failed for /administrator/login.asp: Invalid URL '/administrator/login.asp': No scheme supplied. Perhaps you meant https:///administrator/login.asp?
2025-05-06 01:54:59,905 - utils - WARNING - Error checking /administrator/login.asp: Invalid URL '/administrator/login.asp': No scheme supplied. Perhaps you meant https:///administrator/login.asp?
2025-05-06 01:54:59,906 - utils - ERROR - Request failed for /moderator/admin.asp: Invalid URL '/moderator/admin.asp': No scheme supplied. Perhaps you meant https:///moderator/admin.asp?
2025-05-06 01:54:59,906 - utils - WARNING - Error checking /moderator/admin.asp: Invalid URL '/moderator/admin.asp': No scheme supplied. Perhaps you meant https:///moderator/admin.asp?
2025-05-06 01:54:59,906 - utils - ERROR - Request failed for /controlpanel.asp: Invalid URL '/controlpanel.asp': No scheme supplied. Perhaps you meant https:///controlpanel.asp?
2025-05-06 01:54:59,906 - utils - WARNING - Error checking /controlpanel.asp: Invalid URL '/controlpanel.asp': No scheme supplied. Perhaps you meant https:///controlpanel.asp?
2025-05-06 01:54:59,906 - utils - ERROR - Request failed for /user.asp: Invalid URL '/user.asp': No scheme supplied. Perhaps you meant https:///user.asp?
2025-05-06 01:54:59,906 - utils - WARNING - Error checking /user.asp: Invalid URL '/user.asp': No scheme supplied. Perhaps you meant https:///user.asp?
2025-05-06 01:54:59,906 - utils - ERROR - Request failed for /admincontrol.asp: Invalid URL '/admincontrol.asp': No scheme supplied. Perhaps you meant https:///admincontrol.asp?
2025-05-06 01:54:59,907 - utils - WARNING - Error checking /admincontrol.asp: Invalid URL '/admincontrol.asp': No scheme supplied. Perhaps you meant https:///admincontrol.asp?
2025-05-06 01:54:59,907 - utils - ERROR - Request failed for /adminpanel.asp: Invalid URL '/adminpanel.asp': No scheme supplied. Perhaps you meant https:///adminpanel.asp?
2025-05-06 01:54:59,907 - utils - WARNING - Error checking /adminpanel.asp: Invalid URL '/adminpanel.asp': No scheme supplied. Perhaps you meant https:///adminpanel.asp?
2025-05-06 01:54:59,907 - utils - ERROR - Request failed for /webadmin.asp: Invalid URL '/webadmin.asp': No scheme supplied. Perhaps you meant https:///webadmin.asp?
2025-05-06 01:54:59,907 - utils - WARNING - Error checking /webadmin.asp: Invalid URL '/webadmin.asp': No scheme supplied. Perhaps you meant https:///webadmin.asp?
2025-05-06 01:54:59,907 - utils - ERROR - Request failed for /webadmin/index.asp: Invalid URL '/webadmin/index.asp': No scheme supplied. Perhaps you meant https:///webadmin/index.asp?
2025-05-06 01:54:59,907 - utils - WARNING - Error checking /webadmin/index.asp: Invalid URL '/webadmin/index.asp': No scheme supplied. Perhaps you meant https:///webadmin/index.asp?
2025-05-06 01:54:59,908 - utils - ERROR - Request failed for /webadmin/admin.asp: Invalid URL '/webadmin/admin.asp': No scheme supplied. Perhaps you meant https:///webadmin/admin.asp?
2025-05-06 01:54:59,908 - utils - WARNING - Error checking /webadmin/admin.asp: Invalid URL '/webadmin/admin.asp': No scheme supplied. Perhaps you meant https:///webadmin/admin.asp?
2025-05-06 01:54:59,908 - utils - ERROR - Request failed for /webadmin/login.asp: Invalid URL '/webadmin/login.asp': No scheme supplied. Perhaps you meant https:///webadmin/login.asp?
2025-05-06 01:54:59,908 - utils - WARNING - Error checking /webadmin/login.asp: Invalid URL '/webadmin/login.asp': No scheme supplied. Perhaps you meant https:///webadmin/login.asp?
2025-05-06 01:54:59,908 - utils - ERROR - Request failed for /admin/admin_login.asp: Invalid URL '/admin/admin_login.asp': No scheme supplied. Perhaps you meant https:///admin/admin_login.asp?
2025-05-06 01:54:59,908 - utils - WARNING - Error checking /admin/admin_login.asp: Invalid URL '/admin/admin_login.asp': No scheme supplied. Perhaps you meant https:///admin/admin_login.asp?
2025-05-06 01:54:59,909 - utils - ERROR - Request failed for /admin_login.asp: Invalid URL '/admin_login.asp': No scheme supplied. Perhaps you meant https:///admin_login.asp?
2025-05-06 01:54:59,909 - utils - WARNING - Error checking /admin_login.asp: Invalid URL '/admin_login.asp': No scheme supplied. Perhaps you meant https:///admin_login.asp?
2025-05-06 01:54:59,909 - utils - ERROR - Request failed for /panel-administracion/login.asp: Invalid URL '/panel-administracion/login.asp': No scheme supplied. Perhaps you meant https:///panel-administracion/login.asp?
2025-05-06 01:54:59,909 - utils - WARNING - Error checking /panel-administracion/login.asp: Invalid URL '/panel-administracion/login.asp': No scheme supplied. Perhaps you meant https:///panel-administracion/login.asp?
2025-05-06 01:54:59,909 - utils - ERROR - Request failed for /adminLogin.asp: Invalid URL '/adminLogin.asp': No scheme supplied. Perhaps you meant https:///adminLogin.asp?
2025-05-06 01:54:59,909 - utils - WARNING - Error checking /adminLogin.asp: Invalid URL '/adminLogin.asp': No scheme supplied. Perhaps you meant https:///adminLogin.asp?
2025-05-06 01:54:59,910 - utils - ERROR - Request failed for /admin/adminLogin.asp: Invalid URL '/admin/adminLogin.asp': No scheme supplied. Perhaps you meant https:///admin/adminLogin.asp?
2025-05-06 01:54:59,910 - utils - WARNING - Error checking /admin/adminLogin.asp: Invalid URL '/admin/adminLogin.asp': No scheme supplied. Perhaps you meant https:///admin/adminLogin.asp?
2025-05-06 01:54:59,910 - utils - ERROR - Request failed for /home.asp: Invalid URL '/home.asp': No scheme supplied. Perhaps you meant https:///home.asp?
2025-05-06 01:54:59,910 - utils - WARNING - Error checking /home.asp: Invalid URL '/home.asp': No scheme supplied. Perhaps you meant https:///home.asp?
2025-05-06 01:54:59,911 - utils - ERROR - Request failed for /adminarea/index.asp: Invalid URL '/adminarea/index.asp': No scheme supplied. Perhaps you meant https:///adminarea/index.asp?
2025-05-06 01:54:59,911 - utils - WARNING - Error checking /adminarea/index.asp: Invalid URL '/adminarea/index.asp': No scheme supplied. Perhaps you meant https:///adminarea/index.asp?
2025-05-06 01:54:59,911 - utils - ERROR - Request failed for /adminarea/admin.asp: Invalid URL '/adminarea/admin.asp': No scheme supplied. Perhaps you meant https:///adminarea/admin.asp?
2025-05-06 01:54:59,911 - utils - WARNING - Error checking /adminarea/admin.asp: Invalid URL '/adminarea/admin.asp': No scheme supplied. Perhaps you meant https:///adminarea/admin.asp?
2025-05-06 01:54:59,911 - utils - ERROR - Request failed for /adminarea/login.asp: Invalid URL '/adminarea/login.asp': No scheme supplied. Perhaps you meant https:///adminarea/login.asp?
2025-05-06 01:54:59,911 - utils - WARNING - Error checking /adminarea/login.asp: Invalid URL '/adminarea/login.asp': No scheme supplied. Perhaps you meant https:///adminarea/login.asp?
2025-05-06 01:54:59,912 - utils - ERROR - Request failed for /panel-administracion/index.asp: Invalid URL '/panel-administracion/index.asp': No scheme supplied. Perhaps you meant https:///panel-administracion/index.asp?
2025-05-06 01:54:59,912 - utils - WARNING - Error checking /panel-administracion/index.asp: Invalid URL '/panel-administracion/index.asp': No scheme supplied. Perhaps you meant https:///panel-administracion/index.asp?
2025-05-06 01:54:59,912 - utils - ERROR - Request failed for /panel-administracion/admin.asp: Invalid URL '/panel-administracion/admin.asp': No scheme supplied. Perhaps you meant https:///panel-administracion/admin.asp?
2025-05-06 01:54:59,912 - utils - WARNING - Error checking /panel-administracion/admin.asp: Invalid URL '/panel-administracion/admin.asp': No scheme supplied. Perhaps you meant https:///panel-administracion/admin.asp?
2025-05-06 01:54:59,912 - utils - ERROR - Request failed for /modelsearch/index.asp: Invalid URL '/modelsearch/index.asp': No scheme supplied. Perhaps you meant https:///modelsearch/index.asp?
2025-05-06 01:54:59,912 - utils - WARNING - Error checking /modelsearch/index.asp: Invalid URL '/modelsearch/index.asp': No scheme supplied. Perhaps you meant https:///modelsearch/index.asp?
2025-05-06 01:54:59,913 - utils - ERROR - Request failed for /modelsearch/admin.asp: Invalid URL '/modelsearch/admin.asp': No scheme supplied. Perhaps you meant https:///modelsearch/admin.asp?
2025-05-06 01:54:59,913 - utils - WARNING - Error checking /modelsearch/admin.asp: Invalid URL '/modelsearch/admin.asp': No scheme supplied. Perhaps you meant https:///modelsearch/admin.asp?
2025-05-06 01:54:59,913 - utils - ERROR - Request failed for /administrator/index.asp: Invalid URL '/administrator/index.asp': No scheme supplied. Perhaps you meant https:///administrator/index.asp?
2025-05-06 01:54:59,913 - utils - WARNING - Error checking /administrator/index.asp: Invalid URL '/administrator/index.asp': No scheme supplied. Perhaps you meant https:///administrator/index.asp?
2025-05-06 01:54:59,913 - utils - ERROR - Request failed for /admincontrol/login.asp: Invalid URL '/admincontrol/login.asp': No scheme supplied. Perhaps you meant https:///admincontrol/login.asp?
2025-05-06 01:54:59,913 - utils - WARNING - Error checking /admincontrol/login.asp: Invalid URL '/admincontrol/login.asp': No scheme supplied. Perhaps you meant https:///admincontrol/login.asp?
2025-05-06 01:54:59,913 - utils - ERROR - Request failed for /adm/admloginuser.asp: Invalid URL '/adm/admloginuser.asp': No scheme supplied. Perhaps you meant https:///adm/admloginuser.asp?
2025-05-06 01:54:59,913 - utils - WARNING - Error checking /adm/admloginuser.asp: Invalid URL '/adm/admloginuser.asp': No scheme supplied. Perhaps you meant https:///adm/admloginuser.asp?
2025-05-06 01:54:59,914 - utils - ERROR - Request failed for /admloginuser.asp: Invalid URL '/admloginuser.asp': No scheme supplied. Perhaps you meant https:///admloginuser.asp?
2025-05-06 01:54:59,914 - utils - WARNING - Error checking /admloginuser.asp: Invalid URL '/admloginuser.asp': No scheme supplied. Perhaps you meant https:///admloginuser.asp?
2025-05-06 01:54:59,914 - utils - ERROR - Request failed for /admin2.asp: Invalid URL '/admin2.asp': No scheme supplied. Perhaps you meant https:///admin2.asp?
2025-05-06 01:54:59,914 - utils - WARNING - Error checking /admin2.asp: Invalid URL '/admin2.asp': No scheme supplied. Perhaps you meant https:///admin2.asp?
2025-05-06 01:54:59,914 - utils - ERROR - Request failed for /admin2/login.asp: Invalid URL '/admin2/login.asp': No scheme supplied. Perhaps you meant https:///admin2/login.asp?
2025-05-06 01:54:59,914 - utils - WARNING - Error checking /admin2/login.asp: Invalid URL '/admin2/login.asp': No scheme supplied. Perhaps you meant https:///admin2/login.asp?
2025-05-06 01:54:59,914 - utils - ERROR - Request failed for /admin2/index.asp: Invalid URL '/admin2/index.asp': No scheme supplied. Perhaps you meant https:///admin2/index.asp?
2025-05-06 01:54:59,914 - utils - WARNING - Error checking /admin2/index.asp: Invalid URL '/admin2/index.asp': No scheme supplied. Perhaps you meant https:///admin2/index.asp?
2025-05-06 01:54:59,915 - utils - ERROR - Request failed for /adm/index.asp: Invalid URL '/adm/index.asp': No scheme supplied. Perhaps you meant https:///adm/index.asp?
2025-05-06 01:54:59,915 - utils - WARNING - Error checking /adm/index.asp: Invalid URL '/adm/index.asp': No scheme supplied. Perhaps you meant https:///adm/index.asp?
2025-05-06 01:54:59,915 - utils - ERROR - Request failed for /adm.asp: Invalid URL '/adm.asp': No scheme supplied. Perhaps you meant https:///adm.asp?
2025-05-06 01:54:59,915 - utils - WARNING - Error checking /adm.asp: Invalid URL '/adm.asp': No scheme supplied. Perhaps you meant https:///adm.asp?
2025-05-06 01:54:59,915 - utils - ERROR - Request failed for /affiliate.asp: Invalid URL '/affiliate.asp': No scheme supplied. Perhaps you meant https:///affiliate.asp?
2025-05-06 01:54:59,915 - utils - WARNING - Error checking /affiliate.asp: Invalid URL '/affiliate.asp': No scheme supplied. Perhaps you meant https:///affiliate.asp?
2025-05-06 01:54:59,915 - utils - ERROR - Request failed for /adm_auth.asp: Invalid URL '/adm_auth.asp': No scheme supplied. Perhaps you meant https:///adm_auth.asp?
2025-05-06 01:54:59,916 - utils - WARNING - Error checking /adm_auth.asp: Invalid URL '/adm_auth.asp': No scheme supplied. Perhaps you meant https:///adm_auth.asp?
2025-05-06 01:54:59,916 - utils - ERROR - Request failed for /memberadmin.asp: Invalid URL '/memberadmin.asp': No scheme supplied. Perhaps you meant https:///memberadmin.asp?
2025-05-06 01:54:59,916 - utils - WARNING - Error checking /memberadmin.asp: Invalid URL '/memberadmin.asp': No scheme supplied. Perhaps you meant https:///memberadmin.asp?
2025-05-06 01:54:59,916 - utils - ERROR - Request failed for /administratorlogin.asp: Invalid URL '/administratorlogin.asp': No scheme supplied. Perhaps you meant https:///administratorlogin.asp?
2025-05-06 01:54:59,916 - utils - WARNING - Error checking /administratorlogin.asp: Invalid URL '/administratorlogin.asp': No scheme supplied. Perhaps you meant https:///administratorlogin.asp?
2025-05-06 01:54:59,916 - utils - ERROR - Request failed for /siteadmin/login.asp: Invalid URL '/siteadmin/login.asp': No scheme supplied. Perhaps you meant https:///siteadmin/login.asp?
2025-05-06 01:54:59,916 - utils - WARNING - Error checking /siteadmin/login.asp: Invalid URL '/siteadmin/login.asp': No scheme supplied. Perhaps you meant https:///siteadmin/login.asp?
2025-05-06 01:54:59,917 - utils - ERROR - Request failed for /siteadmin/index.asp: Invalid URL '/siteadmin/index.asp': No scheme supplied. Perhaps you meant https:///siteadmin/index.asp?
2025-05-06 01:54:59,917 - utils - WARNING - Error checking /siteadmin/index.asp: Invalid URL '/siteadmin/index.asp': No scheme supplied. Perhaps you meant https:///siteadmin/index.asp?
2025-05-06 01:54:59,917 - utils - ERROR - Request failed for /admin/account.cfm: Invalid URL '/admin/account.cfm': No scheme supplied. Perhaps you meant https:///admin/account.cfm?
2025-05-06 01:54:59,917 - utils - WARNING - Error checking /admin/account.cfm: Invalid URL '/admin/account.cfm': No scheme supplied. Perhaps you meant https:///admin/account.cfm?
2025-05-06 01:54:59,917 - utils - ERROR - Request failed for /admin/index.cfm: Invalid URL '/admin/index.cfm': No scheme supplied. Perhaps you meant https:///admin/index.cfm?
2025-05-06 01:54:59,917 - utils - WARNING - Error checking /admin/index.cfm: Invalid URL '/admin/index.cfm': No scheme supplied. Perhaps you meant https:///admin/index.cfm?
2025-05-06 01:54:59,917 - utils - ERROR - Request failed for /admin/login.cfm: Invalid URL '/admin/login.cfm': No scheme supplied. Perhaps you meant https:///admin/login.cfm?
2025-05-06 01:54:59,918 - utils - WARNING - Error checking /admin/login.cfm: Invalid URL '/admin/login.cfm': No scheme supplied. Perhaps you meant https:///admin/login.cfm?
2025-05-06 01:54:59,918 - utils - ERROR - Request failed for /admin/admin.cfm: Invalid URL '/admin/admin.cfm': No scheme supplied. Perhaps you meant https:///admin/admin.cfm?
2025-05-06 01:54:59,918 - utils - WARNING - Error checking /admin/admin.cfm: Invalid URL '/admin/admin.cfm': No scheme supplied. Perhaps you meant https:///admin/admin.cfm?
2025-05-06 01:54:59,918 - utils - ERROR - Request failed for /admin_area/admin.cfm: Invalid URL '/admin_area/admin.cfm': No scheme supplied. Perhaps you meant https:///admin_area/admin.cfm?
2025-05-06 01:54:59,918 - utils - WARNING - Error checking /admin_area/admin.cfm: Invalid URL '/admin_area/admin.cfm': No scheme supplied. Perhaps you meant https:///admin_area/admin.cfm?
2025-05-06 01:54:59,918 - utils - ERROR - Request failed for /admin_area/login.cfm: Invalid URL '/admin_area/login.cfm': No scheme supplied. Perhaps you meant https:///admin_area/login.cfm?
2025-05-06 01:54:59,918 - utils - WARNING - Error checking /admin_area/login.cfm: Invalid URL '/admin_area/login.cfm': No scheme supplied. Perhaps you meant https:///admin_area/login.cfm?
2025-05-06 01:54:59,919 - utils - ERROR - Request failed for /siteadmin/login.cfm: Invalid URL '/siteadmin/login.cfm': No scheme supplied. Perhaps you meant https:///siteadmin/login.cfm?
2025-05-06 01:54:59,919 - utils - WARNING - Error checking /siteadmin/login.cfm: Invalid URL '/siteadmin/login.cfm': No scheme supplied. Perhaps you meant https:///siteadmin/login.cfm?
2025-05-06 01:54:59,919 - utils - ERROR - Request failed for /siteadmin/index.cfm: Invalid URL '/siteadmin/index.cfm': No scheme supplied. Perhaps you meant https:///siteadmin/index.cfm?
2025-05-06 01:54:59,919 - utils - WARNING - Error checking /siteadmin/index.cfm: Invalid URL '/siteadmin/index.cfm': No scheme supplied. Perhaps you meant https:///siteadmin/index.cfm?
2025-05-06 01:54:59,919 - utils - ERROR - Request failed for /admin_area/index.cfm: Invalid URL '/admin_area/index.cfm': No scheme supplied. Perhaps you meant https:///admin_area/index.cfm?
2025-05-06 01:54:59,919 - utils - WARNING - Error checking /admin_area/index.cfm: Invalid URL '/admin_area/index.cfm': No scheme supplied. Perhaps you meant https:///admin_area/index.cfm?
2025-05-06 01:54:59,919 - utils - ERROR - Request failed for /bb-admin/index.cfm: Invalid URL '/bb-admin/index.cfm': No scheme supplied. Perhaps you meant https:///bb-admin/index.cfm?
2025-05-06 01:54:59,920 - utils - WARNING - Error checking /bb-admin/index.cfm: Invalid URL '/bb-admin/index.cfm': No scheme supplied. Perhaps you meant https:///bb-admin/index.cfm?
2025-05-06 01:54:59,920 - utils - ERROR - Request failed for /bb-admin/login.cfm: Invalid URL '/bb-admin/login.cfm': No scheme supplied. Perhaps you meant https:///bb-admin/login.cfm?
2025-05-06 01:54:59,920 - utils - WARNING - Error checking /bb-admin/login.cfm: Invalid URL '/bb-admin/login.cfm': No scheme supplied. Perhaps you meant https:///bb-admin/login.cfm?
2025-05-06 01:54:59,920 - utils - ERROR - Request failed for /bb-admin/admin.cfm: Invalid URL '/bb-admin/admin.cfm': No scheme supplied. Perhaps you meant https:///bb-admin/admin.cfm?
2025-05-06 01:54:59,920 - utils - WARNING - Error checking /bb-admin/admin.cfm: Invalid URL '/bb-admin/admin.cfm': No scheme supplied. Perhaps you meant https:///bb-admin/admin.cfm?
2025-05-06 01:54:59,920 - utils - ERROR - Request failed for /admin/home.cfm: Invalid URL '/admin/home.cfm': No scheme supplied. Perhaps you meant https:///admin/home.cfm?
2025-05-06 01:54:59,920 - utils - WARNING - Error checking /admin/home.cfm: Invalid URL '/admin/home.cfm': No scheme supplied. Perhaps you meant https:///admin/home.cfm?
2025-05-06 01:54:59,921 - utils - ERROR - Request failed for /admin/controlpanel.cfm: Invalid URL '/admin/controlpanel.cfm': No scheme supplied. Perhaps you meant https:///admin/controlpanel.cfm?
2025-05-06 01:54:59,921 - utils - WARNING - Error checking /admin/controlpanel.cfm: Invalid URL '/admin/controlpanel.cfm': No scheme supplied. Perhaps you meant https:///admin/controlpanel.cfm?
2025-05-06 01:54:59,921 - utils - ERROR - Request failed for /admin.cfm: Invalid URL '/admin.cfm': No scheme supplied. Perhaps you meant https:///admin.cfm?
2025-05-06 01:54:59,921 - utils - WARNING - Error checking /admin.cfm: Invalid URL '/admin.cfm': No scheme supplied. Perhaps you meant https:///admin.cfm?
2025-05-06 01:54:59,921 - utils - ERROR - Request failed for /admin/cp.cfm: Invalid URL '/admin/cp.cfm': No scheme supplied. Perhaps you meant https:///admin/cp.cfm?
2025-05-06 01:54:59,921 - utils - WARNING - Error checking /admin/cp.cfm: Invalid URL '/admin/cp.cfm': No scheme supplied. Perhaps you meant https:///admin/cp.cfm?
2025-05-06 01:54:59,921 - utils - ERROR - Request failed for /cp.cfm: Invalid URL '/cp.cfm': No scheme supplied. Perhaps you meant https:///cp.cfm?
2025-05-06 01:54:59,922 - utils - WARNING - Error checking /cp.cfm: Invalid URL '/cp.cfm': No scheme supplied. Perhaps you meant https:///cp.cfm?
2025-05-06 01:54:59,922 - utils - ERROR - Request failed for /administrator/index.cfm: Invalid URL '/administrator/index.cfm': No scheme supplied. Perhaps you meant https:///administrator/index.cfm?
2025-05-06 01:54:59,922 - utils - WARNING - Error checking /administrator/index.cfm: Invalid URL '/administrator/index.cfm': No scheme supplied. Perhaps you meant https:///administrator/index.cfm?
2025-05-06 01:54:59,922 - utils - ERROR - Request failed for /administrator/login.cfm: Invalid URL '/administrator/login.cfm': No scheme supplied. Perhaps you meant https:///administrator/login.cfm?
2025-05-06 01:54:59,922 - utils - WARNING - Error checking /administrator/login.cfm: Invalid URL '/administrator/login.cfm': No scheme supplied. Perhaps you meant https:///administrator/login.cfm?
2025-05-06 01:54:59,922 - utils - ERROR - Request failed for /nsw/admin/login.cfm: Invalid URL '/nsw/admin/login.cfm': No scheme supplied. Perhaps you meant https:///nsw/admin/login.cfm?
2025-05-06 01:54:59,922 - utils - WARNING - Error checking /nsw/admin/login.cfm: Invalid URL '/nsw/admin/login.cfm': No scheme supplied. Perhaps you meant https:///nsw/admin/login.cfm?
2025-05-06 01:54:59,923 - utils - ERROR - Request failed for /webadmin/login.cfm: Invalid URL '/webadmin/login.cfm': No scheme supplied. Perhaps you meant https:///webadmin/login.cfm?
2025-05-06 01:54:59,923 - utils - WARNING - Error checking /webadmin/login.cfm: Invalid URL '/webadmin/login.cfm': No scheme supplied. Perhaps you meant https:///webadmin/login.cfm?
2025-05-06 01:54:59,923 - utils - ERROR - Request failed for /admin/admin_login.cfm: Invalid URL '/admin/admin_login.cfm': No scheme supplied. Perhaps you meant https:///admin/admin_login.cfm?
2025-05-06 01:54:59,923 - utils - WARNING - Error checking /admin/admin_login.cfm: Invalid URL '/admin/admin_login.cfm': No scheme supplied. Perhaps you meant https:///admin/admin_login.cfm?
2025-05-06 01:54:59,923 - utils - ERROR - Request failed for /admin_login.cfm: Invalid URL '/admin_login.cfm': No scheme supplied. Perhaps you meant https:///admin_login.cfm?
2025-05-06 01:54:59,923 - utils - WARNING - Error checking /admin_login.cfm: Invalid URL '/admin_login.cfm': No scheme supplied. Perhaps you meant https:///admin_login.cfm?
2025-05-06 01:54:59,923 - utils - ERROR - Request failed for /administrator/account.cfm: Invalid URL '/administrator/account.cfm': No scheme supplied. Perhaps you meant https:///administrator/account.cfm?
2025-05-06 01:54:59,923 - utils - WARNING - Error checking /administrator/account.cfm: Invalid URL '/administrator/account.cfm': No scheme supplied. Perhaps you meant https:///administrator/account.cfm?
2025-05-06 01:54:59,923 - utils - ERROR - Request failed for /administrator.cfm: Invalid URL '/administrator.cfm': No scheme supplied. Perhaps you meant https:///administrator.cfm?
2025-05-06 01:54:59,925 - utils - WARNING - Error checking /administrator.cfm: Invalid URL '/administrator.cfm': No scheme supplied. Perhaps you meant https:///administrator.cfm?
2025-05-06 01:54:59,925 - utils - ERROR - Request failed for /pages/admin/admin-login.cfm: Invalid URL '/pages/admin/admin-login.cfm': No scheme supplied. Perhaps you meant https:///pages/admin/admin-login.cfm?
2025-05-06 01:54:59,925 - utils - WARNING - Error checking /pages/admin/admin-login.cfm: Invalid URL '/pages/admin/admin-login.cfm': No scheme supplied. Perhaps you meant https:///pages/admin/admin-login.cfm?
2025-05-06 01:54:59,925 - utils - ERROR - Request failed for /admin/admin-login.cfm: Invalid URL '/admin/admin-login.cfm': No scheme supplied. Perhaps you meant https:///admin/admin-login.cfm?
2025-05-06 01:54:59,925 - utils - WARNING - Error checking /admin/admin-login.cfm: Invalid URL '/admin/admin-login.cfm': No scheme supplied. Perhaps you meant https:///admin/admin-login.cfm?
2025-05-06 01:54:59,925 - utils - ERROR - Request failed for /admin-login.cfm: Invalid URL '/admin-login.cfm': No scheme supplied. Perhaps you meant https:///admin-login.cfm?
2025-05-06 01:54:59,925 - utils - WARNING - Error checking /admin-login.cfm: Invalid URL '/admin-login.cfm': No scheme supplied. Perhaps you meant https:///admin-login.cfm?
2025-05-06 01:54:59,926 - utils - ERROR - Request failed for /login.cfm: Invalid URL '/login.cfm': No scheme supplied. Perhaps you meant https:///login.cfm?
2025-05-06 01:54:59,926 - utils - WARNING - Error checking /login.cfm: Invalid URL '/login.cfm': No scheme supplied. Perhaps you meant https:///login.cfm?
2025-05-06 01:54:59,926 - utils - ERROR - Request failed for /modelsearch/login.cfm: Invalid URL '/modelsearch/login.cfm': No scheme supplied. Perhaps you meant https:///modelsearch/login.cfm?
2025-05-06 01:54:59,926 - utils - WARNING - Error checking /modelsearch/login.cfm: Invalid URL '/modelsearch/login.cfm': No scheme supplied. Perhaps you meant https:///modelsearch/login.cfm?
2025-05-06 01:54:59,926 - utils - ERROR - Request failed for /moderator.cfm: Invalid URL '/moderator.cfm': No scheme supplied. Perhaps you meant https:///moderator.cfm?
2025-05-06 01:54:59,926 - utils - WARNING - Error checking /moderator.cfm: Invalid URL '/moderator.cfm': No scheme supplied. Perhaps you meant https:///moderator.cfm?
2025-05-06 01:54:59,926 - utils - ERROR - Request failed for /moderator/login.cfm: Invalid URL '/moderator/login.cfm': No scheme supplied. Perhaps you meant https:///moderator/login.cfm?
2025-05-06 01:54:59,926 - utils - WARNING - Error checking /moderator/login.cfm: Invalid URL '/moderator/login.cfm': No scheme supplied. Perhaps you meant https:///moderator/login.cfm?
2025-05-06 01:54:59,927 - utils - ERROR - Request failed for /moderator/admin.cfm: Invalid URL '/moderator/admin.cfm': No scheme supplied. Perhaps you meant https:///moderator/admin.cfm?
2025-05-06 01:54:59,927 - utils - WARNING - Error checking /moderator/admin.cfm: Invalid URL '/moderator/admin.cfm': No scheme supplied. Perhaps you meant https:///moderator/admin.cfm?
2025-05-06 01:54:59,927 - utils - ERROR - Request failed for /account.cfm: Invalid URL '/account.cfm': No scheme supplied. Perhaps you meant https:///account.cfm?
2025-05-06 01:54:59,927 - utils - WARNING - Error checking /account.cfm: Invalid URL '/account.cfm': No scheme supplied. Perhaps you meant https:///account.cfm?
2025-05-06 01:54:59,927 - utils - ERROR - Request failed for /controlpanel.cfm: Invalid URL '/controlpanel.cfm': No scheme supplied. Perhaps you meant https:///controlpanel.cfm?
2025-05-06 01:54:59,927 - utils - WARNING - Error checking /controlpanel.cfm: Invalid URL '/controlpanel.cfm': No scheme supplied. Perhaps you meant https:///controlpanel.cfm?
2025-05-06 01:54:59,928 - utils - ERROR - Request failed for /admincontrol.cfm: Invalid URL '/admincontrol.cfm': No scheme supplied. Perhaps you meant https:///admincontrol.cfm?
2025-05-06 01:54:59,928 - utils - WARNING - Error checking /admincontrol.cfm: Invalid URL '/admincontrol.cfm': No scheme supplied. Perhaps you meant https:///admincontrol.cfm?
2025-05-06 01:54:59,928 - utils - ERROR - Request failed for /acceso.cfm: Invalid URL '/acceso.cfm': No scheme supplied. Perhaps you meant https:///acceso.cfm?
2025-05-06 01:54:59,928 - utils - WARNING - Error checking /acceso.cfm: Invalid URL '/acceso.cfm': No scheme supplied. Perhaps you meant https:///acceso.cfm?
2025-05-06 01:54:59,928 - utils - ERROR - Request failed for /rcjakar/admin/login.cfm: Invalid URL '/rcjakar/admin/login.cfm': No scheme supplied. Perhaps you meant https:///rcjakar/admin/login.cfm?
2025-05-06 01:54:59,928 - utils - WARNING - Error checking /rcjakar/admin/login.cfm: Invalid URL '/rcjakar/admin/login.cfm': No scheme supplied. Perhaps you meant https:///rcjakar/admin/login.cfm?
2025-05-06 01:54:59,928 - utils - ERROR - Request failed for /webadmin.cfm: Invalid URL '/webadmin.cfm': No scheme supplied. Perhaps you meant https:///webadmin.cfm?
2025-05-06 01:54:59,928 - utils - WARNING - Error checking /webadmin.cfm: Invalid URL '/webadmin.cfm': No scheme supplied. Perhaps you meant https:///webadmin.cfm?
2025-05-06 01:54:59,929 - utils - ERROR - Request failed for /webadmin/index.cfm: Invalid URL '/webadmin/index.cfm': No scheme supplied. Perhaps you meant https:///webadmin/index.cfm?
2025-05-06 01:54:59,929 - utils - WARNING - Error checking /webadmin/index.cfm: Invalid URL '/webadmin/index.cfm': No scheme supplied. Perhaps you meant https:///webadmin/index.cfm?
2025-05-06 01:54:59,929 - utils - ERROR - Request failed for /webadmin/admin.cfm: Invalid URL '/webadmin/admin.cfm': No scheme supplied. Perhaps you meant https:///webadmin/admin.cfm?
2025-05-06 01:54:59,929 - utils - WARNING - Error checking /webadmin/admin.cfm: Invalid URL '/webadmin/admin.cfm': No scheme supplied. Perhaps you meant https:///webadmin/admin.cfm?
2025-05-06 01:54:59,929 - utils - ERROR - Request failed for /adminpanel.cfm: Invalid URL '/adminpanel.cfm': No scheme supplied. Perhaps you meant https:///adminpanel.cfm?
2025-05-06 01:54:59,929 - utils - WARNING - Error checking /adminpanel.cfm: Invalid URL '/adminpanel.cfm': No scheme supplied. Perhaps you meant https:///adminpanel.cfm?
2025-05-06 01:54:59,930 - utils - ERROR - Request failed for /user.cfm: Invalid URL '/user.cfm': No scheme supplied. Perhaps you meant https:///user.cfm?
2025-05-06 01:54:59,930 - utils - WARNING - Error checking /user.cfm: Invalid URL '/user.cfm': No scheme supplied. Perhaps you meant https:///user.cfm?
2025-05-06 01:54:59,930 - utils - ERROR - Request failed for /panel-administracion/login.cfm: Invalid URL '/panel-administracion/login.cfm': No scheme supplied. Perhaps you meant https:///panel-administracion/login.cfm?
2025-05-06 01:54:59,930 - utils - WARNING - Error checking /panel-administracion/login.cfm: Invalid URL '/panel-administracion/login.cfm': No scheme supplied. Perhaps you meant https:///panel-administracion/login.cfm?
2025-05-06 01:54:59,930 - utils - ERROR - Request failed for /wp-login.cfm: Invalid URL '/wp-login.cfm': No scheme supplied. Perhaps you meant https:///wp-login.cfm?
2025-05-06 01:54:59,930 - utils - WARNING - Error checking /wp-login.cfm: Invalid URL '/wp-login.cfm': No scheme supplied. Perhaps you meant https:///wp-login.cfm?
2025-05-06 01:54:59,930 - utils - ERROR - Request failed for /adminLogin.cfm: Invalid URL '/adminLogin.cfm': No scheme supplied. Perhaps you meant https:///adminLogin.cfm?
2025-05-06 01:54:59,930 - utils - WARNING - Error checking /adminLogin.cfm: Invalid URL '/adminLogin.cfm': No scheme supplied. Perhaps you meant https:///adminLogin.cfm?
2025-05-06 01:54:59,931 - utils - ERROR - Request failed for /admin/adminLogin.cfm: Invalid URL '/admin/adminLogin.cfm': No scheme supplied. Perhaps you meant https:///admin/adminLogin.cfm?
2025-05-06 01:54:59,931 - utils - WARNING - Error checking /admin/adminLogin.cfm: Invalid URL '/admin/adminLogin.cfm': No scheme supplied. Perhaps you meant https:///admin/adminLogin.cfm?
2025-05-06 01:54:59,931 - utils - ERROR - Request failed for /home.cfm: Invalid URL '/home.cfm': No scheme supplied. Perhaps you meant https:///home.cfm?
2025-05-06 01:54:59,931 - utils - WARNING - Error checking /home.cfm: Invalid URL '/home.cfm': No scheme supplied. Perhaps you meant https:///home.cfm?
2025-05-06 01:54:59,931 - utils - ERROR - Request failed for /adminarea/index.cfm: Invalid URL '/adminarea/index.cfm': No scheme supplied. Perhaps you meant https:///adminarea/index.cfm?
2025-05-06 01:54:59,931 - utils - WARNING - Error checking /adminarea/index.cfm: Invalid URL '/adminarea/index.cfm': No scheme supplied. Perhaps you meant https:///adminarea/index.cfm?
2025-05-06 01:54:59,932 - utils - ERROR - Request failed for /adminarea/admin.cfm: Invalid URL '/adminarea/admin.cfm': No scheme supplied. Perhaps you meant https:///adminarea/admin.cfm?
2025-05-06 01:54:59,932 - utils - WARNING - Error checking /adminarea/admin.cfm: Invalid URL '/adminarea/admin.cfm': No scheme supplied. Perhaps you meant https:///adminarea/admin.cfm?
2025-05-06 01:54:59,932 - utils - ERROR - Request failed for /adminarea/login.cfm: Invalid URL '/adminarea/login.cfm': No scheme supplied. Perhaps you meant https:///adminarea/login.cfm?
2025-05-06 01:54:59,932 - utils - WARNING - Error checking /adminarea/login.cfm: Invalid URL '/adminarea/login.cfm': No scheme supplied. Perhaps you meant https:///adminarea/login.cfm?
2025-05-06 01:54:59,932 - utils - ERROR - Request failed for /panel-administracion/index.cfm: Invalid URL '/panel-administracion/index.cfm': No scheme supplied. Perhaps you meant https:///panel-administracion/index.cfm?
2025-05-06 01:54:59,932 - utils - WARNING - Error checking /panel-administracion/index.cfm: Invalid URL '/panel-administracion/index.cfm': No scheme supplied. Perhaps you meant https:///panel-administracion/index.cfm?
2025-05-06 01:54:59,932 - utils - ERROR - Request failed for /panel-administracion/admin.cfm: Invalid URL '/panel-administracion/admin.cfm': No scheme supplied. Perhaps you meant https:///panel-administracion/admin.cfm?
2025-05-06 01:54:59,932 - utils - WARNING - Error checking /panel-administracion/admin.cfm: Invalid URL '/panel-administracion/admin.cfm': No scheme supplied. Perhaps you meant https:///panel-administracion/admin.cfm?
2025-05-06 01:54:59,933 - utils - ERROR - Request failed for /modelsearch/index.cfm: Invalid URL '/modelsearch/index.cfm': No scheme supplied. Perhaps you meant https:///modelsearch/index.cfm?
2025-05-06 01:54:59,933 - utils - WARNING - Error checking /modelsearch/index.cfm: Invalid URL '/modelsearch/index.cfm': No scheme supplied. Perhaps you meant https:///modelsearch/index.cfm?
2025-05-06 01:54:59,933 - utils - ERROR - Request failed for /modelsearch/admin.cfm: Invalid URL '/modelsearch/admin.cfm': No scheme supplied. Perhaps you meant https:///modelsearch/admin.cfm?
2025-05-06 01:54:59,933 - utils - WARNING - Error checking /modelsearch/admin.cfm: Invalid URL '/modelsearch/admin.cfm': No scheme supplied. Perhaps you meant https:///modelsearch/admin.cfm?
2025-05-06 01:54:59,933 - utils - ERROR - Request failed for /admincontrol/login.cfm: Invalid URL '/admincontrol/login.cfm': No scheme supplied. Perhaps you meant https:///admincontrol/login.cfm?
2025-05-06 01:54:59,933 - utils - WARNING - Error checking /admincontrol/login.cfm: Invalid URL '/admincontrol/login.cfm': No scheme supplied. Perhaps you meant https:///admincontrol/login.cfm?
2025-05-06 01:54:59,934 - utils - ERROR - Request failed for /adm/admloginuser.cfm: Invalid URL '/adm/admloginuser.cfm': No scheme supplied. Perhaps you meant https:///adm/admloginuser.cfm?
2025-05-06 01:54:59,934 - utils - WARNING - Error checking /adm/admloginuser.cfm: Invalid URL '/adm/admloginuser.cfm': No scheme supplied. Perhaps you meant https:///adm/admloginuser.cfm?
2025-05-06 01:54:59,934 - utils - ERROR - Request failed for /admloginuser.cfm: Invalid URL '/admloginuser.cfm': No scheme supplied. Perhaps you meant https:///admloginuser.cfm?
2025-05-06 01:54:59,934 - utils - WARNING - Error checking /admloginuser.cfm: Invalid URL '/admloginuser.cfm': No scheme supplied. Perhaps you meant https:///admloginuser.cfm?
2025-05-06 01:54:59,934 - utils - ERROR - Request failed for /admin2.cfm: Invalid URL '/admin2.cfm': No scheme supplied. Perhaps you meant https:///admin2.cfm?
2025-05-06 01:54:59,934 - utils - WARNING - Error checking /admin2.cfm: Invalid URL '/admin2.cfm': No scheme supplied. Perhaps you meant https:///admin2.cfm?
2025-05-06 01:54:59,934 - utils - ERROR - Request failed for /admin2/login.cfm: Invalid URL '/admin2/login.cfm': No scheme supplied. Perhaps you meant https:///admin2/login.cfm?
2025-05-06 01:54:59,934 - utils - WARNING - Error checking /admin2/login.cfm: Invalid URL '/admin2/login.cfm': No scheme supplied. Perhaps you meant https:///admin2/login.cfm?
2025-05-06 01:54:59,934 - utils - ERROR - Request failed for /admin2/index.cfm: Invalid URL '/admin2/index.cfm': No scheme supplied. Perhaps you meant https:///admin2/index.cfm?
2025-05-06 01:54:59,934 - utils - WARNING - Error checking /admin2/index.cfm: Invalid URL '/admin2/index.cfm': No scheme supplied. Perhaps you meant https:///admin2/index.cfm?
2025-05-06 01:54:59,935 - utils - ERROR - Request failed for /usuarios/login.cfm: Invalid URL '/usuarios/login.cfm': No scheme supplied. Perhaps you meant https:///usuarios/login.cfm?
2025-05-06 01:54:59,935 - utils - WARNING - Error checking /usuarios/login.cfm: Invalid URL '/usuarios/login.cfm': No scheme supplied. Perhaps you meant https:///usuarios/login.cfm?
2025-05-06 01:54:59,935 - utils - ERROR - Request failed for /adm/index.cfm: Invalid URL '/adm/index.cfm': No scheme supplied. Perhaps you meant https:///adm/index.cfm?
2025-05-06 01:54:59,935 - utils - WARNING - Error checking /adm/index.cfm: Invalid URL '/adm/index.cfm': No scheme supplied. Perhaps you meant https:///adm/index.cfm?
2025-05-06 01:54:59,935 - utils - ERROR - Request failed for /adm.cfm: Invalid URL '/adm.cfm': No scheme supplied. Perhaps you meant https:///adm.cfm?
2025-05-06 01:54:59,935 - utils - WARNING - Error checking /adm.cfm: Invalid URL '/adm.cfm': No scheme supplied. Perhaps you meant https:///adm.cfm?
2025-05-06 01:54:59,935 - utils - ERROR - Request failed for /affiliate.cfm: Invalid URL '/affiliate.cfm': No scheme supplied. Perhaps you meant https:///affiliate.cfm?
2025-05-06 01:54:59,935 - utils - WARNING - Error checking /affiliate.cfm: Invalid URL '/affiliate.cfm': No scheme supplied. Perhaps you meant https:///affiliate.cfm?
2025-05-06 01:54:59,936 - utils - ERROR - Request failed for /adm_auth.cfm: Invalid URL '/adm_auth.cfm': No scheme supplied. Perhaps you meant https:///adm_auth.cfm?
2025-05-06 01:54:59,936 - utils - WARNING - Error checking /adm_auth.cfm: Invalid URL '/adm_auth.cfm': No scheme supplied. Perhaps you meant https:///adm_auth.cfm?
2025-05-06 01:54:59,936 - utils - ERROR - Request failed for /memberadmin.cfm: Invalid URL '/memberadmin.cfm': No scheme supplied. Perhaps you meant https:///memberadmin.cfm?
2025-05-06 01:54:59,936 - utils - WARNING - Error checking /memberadmin.cfm: Invalid URL '/memberadmin.cfm': No scheme supplied. Perhaps you meant https:///memberadmin.cfm?
2025-05-06 01:54:59,936 - utils - ERROR - Request failed for /administratorlogin.cfm: Invalid URL '/administratorlogin.cfm': No scheme supplied. Perhaps you meant https:///administratorlogin.cfm?
2025-05-06 01:54:59,936 - utils - WARNING - Error checking /administratorlogin.cfm: Invalid URL '/administratorlogin.cfm': No scheme supplied. Perhaps you meant https:///administratorlogin.cfm?
2025-05-06 01:54:59,937 - utils - ERROR - Request failed for /admin/account.js: Invalid URL '/admin/account.js': No scheme supplied. Perhaps you meant https:///admin/account.js?
2025-05-06 01:54:59,937 - utils - WARNING - Error checking /admin/account.js: Invalid URL '/admin/account.js': No scheme supplied. Perhaps you meant https:///admin/account.js?
2025-05-06 01:54:59,937 - utils - ERROR - Request failed for /admin/index.js: Invalid URL '/admin/index.js': No scheme supplied. Perhaps you meant https:///admin/index.js?
2025-05-06 01:54:59,937 - utils - WARNING - Error checking /admin/index.js: Invalid URL '/admin/index.js': No scheme supplied. Perhaps you meant https:///admin/index.js?
2025-05-06 01:54:59,937 - utils - ERROR - Request failed for /admin/login.js: Invalid URL '/admin/login.js': No scheme supplied. Perhaps you meant https:///admin/login.js?
2025-05-06 01:54:59,937 - utils - WARNING - Error checking /admin/login.js: Invalid URL '/admin/login.js': No scheme supplied. Perhaps you meant https:///admin/login.js?
2025-05-06 01:54:59,937 - utils - ERROR - Request failed for /admin/admin.js: Invalid URL '/admin/admin.js': No scheme supplied. Perhaps you meant https:///admin/admin.js?
2025-05-06 01:54:59,937 - utils - WARNING - Error checking /admin/admin.js: Invalid URL '/admin/admin.js': No scheme supplied. Perhaps you meant https:///admin/admin.js?
2025-05-06 01:54:59,938 - utils - ERROR - Request failed for /admin_area/admin.js: Invalid URL '/admin_area/admin.js': No scheme supplied. Perhaps you meant https:///admin_area/admin.js?
2025-05-06 01:54:59,938 - utils - WARNING - Error checking /admin_area/admin.js: Invalid URL '/admin_area/admin.js': No scheme supplied. Perhaps you meant https:///admin_area/admin.js?
2025-05-06 01:54:59,938 - utils - ERROR - Request failed for /admin_area/login.js: Invalid URL '/admin_area/login.js': No scheme supplied. Perhaps you meant https:///admin_area/login.js?
2025-05-06 01:54:59,938 - utils - WARNING - Error checking /admin_area/login.js: Invalid URL '/admin_area/login.js': No scheme supplied. Perhaps you meant https:///admin_area/login.js?
2025-05-06 01:54:59,938 - utils - ERROR - Request failed for /siteadmin/login.js: Invalid URL '/siteadmin/login.js': No scheme supplied. Perhaps you meant https:///siteadmin/login.js?
2025-05-06 01:54:59,938 - utils - WARNING - Error checking /siteadmin/login.js: Invalid URL '/siteadmin/login.js': No scheme supplied. Perhaps you meant https:///siteadmin/login.js?
2025-05-06 01:54:59,938 - utils - ERROR - Request failed for /siteadmin/index.js: Invalid URL '/siteadmin/index.js': No scheme supplied. Perhaps you meant https:///siteadmin/index.js?
2025-05-06 01:54:59,939 - utils - WARNING - Error checking /siteadmin/index.js: Invalid URL '/siteadmin/index.js': No scheme supplied. Perhaps you meant https:///siteadmin/index.js?
2025-05-06 01:54:59,939 - utils - ERROR - Request failed for /admin_area/index.js: Invalid URL '/admin_area/index.js': No scheme supplied. Perhaps you meant https:///admin_area/index.js?
2025-05-06 01:54:59,939 - utils - WARNING - Error checking /admin_area/index.js: Invalid URL '/admin_area/index.js': No scheme supplied. Perhaps you meant https:///admin_area/index.js?
2025-05-06 01:54:59,939 - utils - ERROR - Request failed for /bb-admin/index.js: Invalid URL '/bb-admin/index.js': No scheme supplied. Perhaps you meant https:///bb-admin/index.js?
2025-05-06 01:54:59,939 - utils - WARNING - Error checking /bb-admin/index.js: Invalid URL '/bb-admin/index.js': No scheme supplied. Perhaps you meant https:///bb-admin/index.js?
2025-05-06 01:54:59,939 - utils - ERROR - Request failed for /bb-admin/login.js: Invalid URL '/bb-admin/login.js': No scheme supplied. Perhaps you meant https:///bb-admin/login.js?
2025-05-06 01:54:59,939 - utils - WARNING - Error checking /bb-admin/login.js: Invalid URL '/bb-admin/login.js': No scheme supplied. Perhaps you meant https:///bb-admin/login.js?
2025-05-06 01:54:59,940 - utils - ERROR - Request failed for /bb-admin/admin.js: Invalid URL '/bb-admin/admin.js': No scheme supplied. Perhaps you meant https:///bb-admin/admin.js?
2025-05-06 01:54:59,940 - utils - WARNING - Error checking /bb-admin/admin.js: Invalid URL '/bb-admin/admin.js': No scheme supplied. Perhaps you meant https:///bb-admin/admin.js?
2025-05-06 01:54:59,940 - utils - ERROR - Request failed for /admin/home.js: Invalid URL '/admin/home.js': No scheme supplied. Perhaps you meant https:///admin/home.js?
2025-05-06 01:54:59,940 - utils - WARNING - Error checking /admin/home.js: Invalid URL '/admin/home.js': No scheme supplied. Perhaps you meant https:///admin/home.js?
2025-05-06 01:54:59,940 - utils - ERROR - Request failed for /admin/controlpanel.js: Invalid URL '/admin/controlpanel.js': No scheme supplied. Perhaps you meant https:///admin/controlpanel.js?
2025-05-06 01:54:59,940 - utils - WARNING - Error checking /admin/controlpanel.js: Invalid URL '/admin/controlpanel.js': No scheme supplied. Perhaps you meant https:///admin/controlpanel.js?
2025-05-06 01:54:59,941 - utils - ERROR - Request failed for /admin.js: Invalid URL '/admin.js': No scheme supplied. Perhaps you meant https:///admin.js?
2025-05-06 01:54:59,941 - utils - WARNING - Error checking /admin.js: Invalid URL '/admin.js': No scheme supplied. Perhaps you meant https:///admin.js?
2025-05-06 01:54:59,941 - utils - ERROR - Request failed for /admin/cp.js: Invalid URL '/admin/cp.js': No scheme supplied. Perhaps you meant https:///admin/cp.js?
2025-05-06 01:54:59,941 - utils - WARNING - Error checking /admin/cp.js: Invalid URL '/admin/cp.js': No scheme supplied. Perhaps you meant https:///admin/cp.js?
2025-05-06 01:54:59,941 - utils - ERROR - Request failed for /cp.js: Invalid URL '/cp.js': No scheme supplied. Perhaps you meant https:///cp.js?
2025-05-06 01:54:59,941 - utils - WARNING - Error checking /cp.js: Invalid URL '/cp.js': No scheme supplied. Perhaps you meant https:///cp.js?
2025-05-06 01:54:59,942 - utils - ERROR - Request failed for /administrator/index.js: Invalid URL '/administrator/index.js': No scheme supplied. Perhaps you meant https:///administrator/index.js?
2025-05-06 01:54:59,942 - utils - WARNING - Error checking /administrator/index.js: Invalid URL '/administrator/index.js': No scheme supplied. Perhaps you meant https:///administrator/index.js?
2025-05-06 01:54:59,942 - utils - ERROR - Request failed for /administrator/login.js: Invalid URL '/administrator/login.js': No scheme supplied. Perhaps you meant https:///administrator/login.js?
2025-05-06 01:54:59,942 - utils - WARNING - Error checking /administrator/login.js: Invalid URL '/administrator/login.js': No scheme supplied. Perhaps you meant https:///administrator/login.js?
2025-05-06 01:54:59,942 - utils - ERROR - Request failed for /nsw/admin/login.js: Invalid URL '/nsw/admin/login.js': No scheme supplied. Perhaps you meant https:///nsw/admin/login.js?
2025-05-06 01:54:59,942 - utils - WARNING - Error checking /nsw/admin/login.js: Invalid URL '/nsw/admin/login.js': No scheme supplied. Perhaps you meant https:///nsw/admin/login.js?
2025-05-06 01:54:59,942 - utils - ERROR - Request failed for /webadmin/login.js: Invalid URL '/webadmin/login.js': No scheme supplied. Perhaps you meant https:///webadmin/login.js?
2025-05-06 01:54:59,942 - utils - WARNING - Error checking /webadmin/login.js: Invalid URL '/webadmin/login.js': No scheme supplied. Perhaps you meant https:///webadmin/login.js?
2025-05-06 01:54:59,942 - utils - ERROR - Request failed for /admin/admin_login.js: Invalid URL '/admin/admin_login.js': No scheme supplied. Perhaps you meant https:///admin/admin_login.js?
2025-05-06 01:54:59,942 - utils - WARNING - Error checking /admin/admin_login.js: Invalid URL '/admin/admin_login.js': No scheme supplied. Perhaps you meant https:///admin/admin_login.js?
2025-05-06 01:54:59,942 - utils - ERROR - Request failed for /admin_login.js: Invalid URL '/admin_login.js': No scheme supplied. Perhaps you meant https:///admin_login.js?
2025-05-06 01:54:59,944 - utils - WARNING - Error checking /admin_login.js: Invalid URL '/admin_login.js': No scheme supplied. Perhaps you meant https:///admin_login.js?
2025-05-06 01:54:59,944 - utils - ERROR - Request failed for /administrator/account.js: Invalid URL '/administrator/account.js': No scheme supplied. Perhaps you meant https:///administrator/account.js?
2025-05-06 01:54:59,944 - utils - WARNING - Error checking /administrator/account.js: Invalid URL '/administrator/account.js': No scheme supplied. Perhaps you meant https:///administrator/account.js?
2025-05-06 01:54:59,944 - utils - ERROR - Request failed for /administrator.js: Invalid URL '/administrator.js': No scheme supplied. Perhaps you meant https:///administrator.js?
2025-05-06 01:54:59,944 - utils - WARNING - Error checking /administrator.js: Invalid URL '/administrator.js': No scheme supplied. Perhaps you meant https:///administrator.js?
2025-05-06 01:54:59,944 - utils - ERROR - Request failed for /pages/admin/admin-login.js: Invalid URL '/pages/admin/admin-login.js': No scheme supplied. Perhaps you meant https:///pages/admin/admin-login.js?
2025-05-06 01:54:59,944 - utils - WARNING - Error checking /pages/admin/admin-login.js: Invalid URL '/pages/admin/admin-login.js': No scheme supplied. Perhaps you meant https:///pages/admin/admin-login.js?
2025-05-06 01:54:59,945 - utils - ERROR - Request failed for /admin/admin-login.js: Invalid URL '/admin/admin-login.js': No scheme supplied. Perhaps you meant https:///admin/admin-login.js?
2025-05-06 01:54:59,945 - utils - WARNING - Error checking /admin/admin-login.js: Invalid URL '/admin/admin-login.js': No scheme supplied. Perhaps you meant https:///admin/admin-login.js?
2025-05-06 01:54:59,945 - utils - ERROR - Request failed for /admin-login.js: Invalid URL '/admin-login.js': No scheme supplied. Perhaps you meant https:///admin-login.js?
2025-05-06 01:54:59,945 - utils - WARNING - Error checking /admin-login.js: Invalid URL '/admin-login.js': No scheme supplied. Perhaps you meant https:///admin-login.js?
2025-05-06 01:54:59,945 - utils - ERROR - Request failed for /login.js: Invalid URL '/login.js': No scheme supplied. Perhaps you meant https:///login.js?
2025-05-06 01:54:59,946 - utils - WARNING - Error checking /login.js: Invalid URL '/login.js': No scheme supplied. Perhaps you meant https:///login.js?
2025-05-06 01:54:59,946 - utils - ERROR - Request failed for /modelsearch/login.js: Invalid URL '/modelsearch/login.js': No scheme supplied. Perhaps you meant https:///modelsearch/login.js?
2025-05-06 01:54:59,946 - utils - WARNING - Error checking /modelsearch/login.js: Invalid URL '/modelsearch/login.js': No scheme supplied. Perhaps you meant https:///modelsearch/login.js?
2025-05-06 01:54:59,946 - utils - ERROR - Request failed for /moderator.js: Invalid URL '/moderator.js': No scheme supplied. Perhaps you meant https:///moderator.js?
2025-05-06 01:54:59,946 - utils - WARNING - Error checking /moderator.js: Invalid URL '/moderator.js': No scheme supplied. Perhaps you meant https:///moderator.js?
2025-05-06 01:54:59,946 - utils - ERROR - Request failed for /moderator/login.js: Invalid URL '/moderator/login.js': No scheme supplied. Perhaps you meant https:///moderator/login.js?
2025-05-06 01:54:59,946 - utils - WARNING - Error checking /moderator/login.js: Invalid URL '/moderator/login.js': No scheme supplied. Perhaps you meant https:///moderator/login.js?
2025-05-06 01:54:59,947 - utils - ERROR - Request failed for /moderator/admin.js: Invalid URL '/moderator/admin.js': No scheme supplied. Perhaps you meant https:///moderator/admin.js?
2025-05-06 01:54:59,947 - utils - WARNING - Error checking /moderator/admin.js: Invalid URL '/moderator/admin.js': No scheme supplied. Perhaps you meant https:///moderator/admin.js?
2025-05-06 01:54:59,947 - utils - ERROR - Request failed for /account.js: Invalid URL '/account.js': No scheme supplied. Perhaps you meant https:///account.js?
2025-05-06 01:54:59,947 - utils - WARNING - Error checking /account.js: Invalid URL '/account.js': No scheme supplied. Perhaps you meant https:///account.js?
2025-05-06 01:54:59,947 - utils - ERROR - Request failed for /controlpanel.js: Invalid URL '/controlpanel.js': No scheme supplied. Perhaps you meant https:///controlpanel.js?
2025-05-06 01:54:59,947 - utils - WARNING - Error checking /controlpanel.js: Invalid URL '/controlpanel.js': No scheme supplied. Perhaps you meant https:///controlpanel.js?
2025-05-06 01:54:59,947 - utils - ERROR - Request failed for /admincontrol.js: Invalid URL '/admincontrol.js': No scheme supplied. Perhaps you meant https:///admincontrol.js?
2025-05-06 01:54:59,947 - utils - WARNING - Error checking /admincontrol.js: Invalid URL '/admincontrol.js': No scheme supplied. Perhaps you meant https:///admincontrol.js?
2025-05-06 01:54:59,948 - utils - ERROR - Request failed for /rcjakar/admin/login.js: Invalid URL '/rcjakar/admin/login.js': No scheme supplied. Perhaps you meant https:///rcjakar/admin/login.js?
2025-05-06 01:54:59,948 - utils - WARNING - Error checking /rcjakar/admin/login.js: Invalid URL '/rcjakar/admin/login.js': No scheme supplied. Perhaps you meant https:///rcjakar/admin/login.js?
2025-05-06 01:54:59,948 - utils - ERROR - Request failed for /webadmin.js: Invalid URL '/webadmin.js': No scheme supplied. Perhaps you meant https:///webadmin.js?
2025-05-06 01:54:59,948 - utils - WARNING - Error checking /webadmin.js: Invalid URL '/webadmin.js': No scheme supplied. Perhaps you meant https:///webadmin.js?
2025-05-06 01:54:59,948 - utils - ERROR - Request failed for /webadmin/index.js: Invalid URL '/webadmin/index.js': No scheme supplied. Perhaps you meant https:///webadmin/index.js?
2025-05-06 01:54:59,948 - utils - WARNING - Error checking /webadmin/index.js: Invalid URL '/webadmin/index.js': No scheme supplied. Perhaps you meant https:///webadmin/index.js?
2025-05-06 01:54:59,948 - utils - ERROR - Request failed for /acceso.js: Invalid URL '/acceso.js': No scheme supplied. Perhaps you meant https:///acceso.js?
2025-05-06 01:54:59,948 - utils - WARNING - Error checking /acceso.js: Invalid URL '/acceso.js': No scheme supplied. Perhaps you meant https:///acceso.js?
2025-05-06 01:54:59,949 - utils - ERROR - Request failed for /webadmin/admin.js: Invalid URL '/webadmin/admin.js': No scheme supplied. Perhaps you meant https:///webadmin/admin.js?
2025-05-06 01:54:59,949 - utils - WARNING - Error checking /webadmin/admin.js: Invalid URL '/webadmin/admin.js': No scheme supplied. Perhaps you meant https:///webadmin/admin.js?
2025-05-06 01:54:59,949 - utils - ERROR - Request failed for /adminpanel.js: Invalid URL '/adminpanel.js': No scheme supplied. Perhaps you meant https:///adminpanel.js?
2025-05-06 01:54:59,949 - utils - WARNING - Error checking /adminpanel.js: Invalid URL '/adminpanel.js': No scheme supplied. Perhaps you meant https:///adminpanel.js?
2025-05-06 01:54:59,949 - utils - ERROR - Request failed for /user.js: Invalid URL '/user.js': No scheme supplied. Perhaps you meant https:///user.js?
2025-05-06 01:54:59,949 - utils - WARNING - Error checking /user.js: Invalid URL '/user.js': No scheme supplied. Perhaps you meant https:///user.js?
2025-05-06 01:54:59,949 - utils - ERROR - Request failed for /panel-administracion/login.js: Invalid URL '/panel-administracion/login.js': No scheme supplied. Perhaps you meant https:///panel-administracion/login.js?
2025-05-06 01:54:59,949 - utils - WARNING - Error checking /panel-administracion/login.js: Invalid URL '/panel-administracion/login.js': No scheme supplied. Perhaps you meant https:///panel-administracion/login.js?
2025-05-06 01:54:59,950 - utils - ERROR - Request failed for /wp-login.js: Invalid URL '/wp-login.js': No scheme supplied. Perhaps you meant https:///wp-login.js?
2025-05-06 01:54:59,950 - utils - WARNING - Error checking /wp-login.js: Invalid URL '/wp-login.js': No scheme supplied. Perhaps you meant https:///wp-login.js?
2025-05-06 01:54:59,950 - utils - ERROR - Request failed for /adminLogin.js: Invalid URL '/adminLogin.js': No scheme supplied. Perhaps you meant https:///adminLogin.js?
2025-05-06 01:54:59,950 - utils - WARNING - Error checking /adminLogin.js: Invalid URL '/adminLogin.js': No scheme supplied. Perhaps you meant https:///adminLogin.js?
2025-05-06 01:54:59,950 - utils - ERROR - Request failed for /admin/adminLogin.js: Invalid URL '/admin/adminLogin.js': No scheme supplied. Perhaps you meant https:///admin/adminLogin.js?
2025-05-06 01:54:59,950 - utils - WARNING - Error checking /admin/adminLogin.js: Invalid URL '/admin/adminLogin.js': No scheme supplied. Perhaps you meant https:///admin/adminLogin.js?
2025-05-06 01:54:59,950 - utils - ERROR - Request failed for /home.js: Invalid URL '/home.js': No scheme supplied. Perhaps you meant https:///home.js?
2025-05-06 01:54:59,950 - utils - WARNING - Error checking /home.js: Invalid URL '/home.js': No scheme supplied. Perhaps you meant https:///home.js?
2025-05-06 01:54:59,951 - utils - ERROR - Request failed for /adminarea/index.js: Invalid URL '/adminarea/index.js': No scheme supplied. Perhaps you meant https:///adminarea/index.js?
2025-05-06 01:54:59,951 - utils - WARNING - Error checking /adminarea/index.js: Invalid URL '/adminarea/index.js': No scheme supplied. Perhaps you meant https:///adminarea/index.js?
2025-05-06 01:54:59,951 - utils - ERROR - Request failed for /adminarea/admin.js: Invalid URL '/adminarea/admin.js': No scheme supplied. Perhaps you meant https:///adminarea/admin.js?
2025-05-06 01:54:59,951 - utils - WARNING - Error checking /adminarea/admin.js: Invalid URL '/adminarea/admin.js': No scheme supplied. Perhaps you meant https:///adminarea/admin.js?
2025-05-06 01:54:59,951 - utils - ERROR - Request failed for /adminarea/login.js: Invalid URL '/adminarea/login.js': No scheme supplied. Perhaps you meant https:///adminarea/login.js?
2025-05-06 01:54:59,951 - utils - WARNING - Error checking /adminarea/login.js: Invalid URL '/adminarea/login.js': No scheme supplied. Perhaps you meant https:///adminarea/login.js?
2025-05-06 01:54:59,951 - utils - ERROR - Request failed for /panel-administracion/index.js: Invalid URL '/panel-administracion/index.js': No scheme supplied. Perhaps you meant https:///panel-administracion/index.js?
2025-05-06 01:54:59,951 - utils - WARNING - Error checking /panel-administracion/index.js: Invalid URL '/panel-administracion/index.js': No scheme supplied. Perhaps you meant https:///panel-administracion/index.js?
2025-05-06 01:54:59,952 - utils - ERROR - Request failed for /panel-administracion/admin.js: Invalid URL '/panel-administracion/admin.js': No scheme supplied. Perhaps you meant https:///panel-administracion/admin.js?
2025-05-06 01:54:59,952 - utils - WARNING - Error checking /panel-administracion/admin.js: Invalid URL '/panel-administracion/admin.js': No scheme supplied. Perhaps you meant https:///panel-administracion/admin.js?
2025-05-06 01:54:59,952 - utils - ERROR - Request failed for /modelsearch/index.js: Invalid URL '/modelsearch/index.js': No scheme supplied. Perhaps you meant https:///modelsearch/index.js?
2025-05-06 01:54:59,952 - utils - WARNING - Error checking /modelsearch/index.js: Invalid URL '/modelsearch/index.js': No scheme supplied. Perhaps you meant https:///modelsearch/index.js?
2025-05-06 01:54:59,952 - utils - ERROR - Request failed for /modelsearch/admin.js: Invalid URL '/modelsearch/admin.js': No scheme supplied. Perhaps you meant https:///modelsearch/admin.js?
2025-05-06 01:54:59,952 - utils - WARNING - Error checking /modelsearch/admin.js: Invalid URL '/modelsearch/admin.js': No scheme supplied. Perhaps you meant https:///modelsearch/admin.js?
2025-05-06 01:54:59,952 - utils - ERROR - Request failed for /admincontrol/login.js: Invalid URL '/admincontrol/login.js': No scheme supplied. Perhaps you meant https:///admincontrol/login.js?
2025-05-06 01:54:59,952 - utils - WARNING - Error checking /admincontrol/login.js: Invalid URL '/admincontrol/login.js': No scheme supplied. Perhaps you meant https:///admincontrol/login.js?
2025-05-06 01:54:59,953 - utils - ERROR - Request failed for /adm/admloginuser.js: Invalid URL '/adm/admloginuser.js': No scheme supplied. Perhaps you meant https:///adm/admloginuser.js?
2025-05-06 01:54:59,953 - utils - WARNING - Error checking /adm/admloginuser.js: Invalid URL '/adm/admloginuser.js': No scheme supplied. Perhaps you meant https:///adm/admloginuser.js?
2025-05-06 01:54:59,953 - utils - ERROR - Request failed for /admloginuser.js: Invalid URL '/admloginuser.js': No scheme supplied. Perhaps you meant https:///admloginuser.js?
2025-05-06 01:54:59,953 - utils - WARNING - Error checking /admloginuser.js: Invalid URL '/admloginuser.js': No scheme supplied. Perhaps you meant https:///admloginuser.js?
2025-05-06 01:54:59,953 - utils - ERROR - Request failed for /admin2.js: Invalid URL '/admin2.js': No scheme supplied. Perhaps you meant https:///admin2.js?
2025-05-06 01:54:59,953 - utils - WARNING - Error checking /admin2.js: Invalid URL '/admin2.js': No scheme supplied. Perhaps you meant https:///admin2.js?
2025-05-06 01:54:59,953 - utils - ERROR - Request failed for /admin2/login.js: Invalid URL '/admin2/login.js': No scheme supplied. Perhaps you meant https:///admin2/login.js?
2025-05-06 01:54:59,953 - utils - WARNING - Error checking /admin2/login.js: Invalid URL '/admin2/login.js': No scheme supplied. Perhaps you meant https:///admin2/login.js?
2025-05-06 01:54:59,954 - utils - ERROR - Request failed for /admin2/index.js: Invalid URL '/admin2/index.js': No scheme supplied. Perhaps you meant https:///admin2/index.js?
2025-05-06 01:54:59,954 - utils - WARNING - Error checking /admin2/index.js: Invalid URL '/admin2/index.js': No scheme supplied. Perhaps you meant https:///admin2/index.js?
2025-05-06 01:54:59,954 - utils - ERROR - Request failed for /usuarios/login.js: Invalid URL '/usuarios/login.js': No scheme supplied. Perhaps you meant https:///usuarios/login.js?
2025-05-06 01:54:59,954 - utils - WARNING - Error checking /usuarios/login.js: Invalid URL '/usuarios/login.js': No scheme supplied. Perhaps you meant https:///usuarios/login.js?
2025-05-06 01:54:59,954 - utils - ERROR - Request failed for /adm/index.js: Invalid URL '/adm/index.js': No scheme supplied. Perhaps you meant https:///adm/index.js?
2025-05-06 01:54:59,954 - utils - WARNING - Error checking /adm/index.js: Invalid URL '/adm/index.js': No scheme supplied. Perhaps you meant https:///adm/index.js?
2025-05-06 01:54:59,954 - utils - ERROR - Request failed for /adm.js: Invalid URL '/adm.js': No scheme supplied. Perhaps you meant https:///adm.js?
2025-05-06 01:54:59,954 - utils - WARNING - Error checking /adm.js: Invalid URL '/adm.js': No scheme supplied. Perhaps you meant https:///adm.js?
2025-05-06 01:54:59,954 - utils - ERROR - Request failed for /affiliate.js: Invalid URL '/affiliate.js': No scheme supplied. Perhaps you meant https:///affiliate.js?
2025-05-06 01:54:59,954 - utils - WARNING - Error checking /affiliate.js: Invalid URL '/affiliate.js': No scheme supplied. Perhaps you meant https:///affiliate.js?
2025-05-06 01:54:59,954 - utils - ERROR - Request failed for /adm_auth.js: Invalid URL '/adm_auth.js': No scheme supplied. Perhaps you meant https:///adm_auth.js?
2025-05-06 01:54:59,954 - utils - WARNING - Error checking /adm_auth.js: Invalid URL '/adm_auth.js': No scheme supplied. Perhaps you meant https:///adm_auth.js?
2025-05-06 01:54:59,955 - utils - ERROR - Request failed for /memberadmin.js: Invalid URL '/memberadmin.js': No scheme supplied. Perhaps you meant https:///memberadmin.js?
2025-05-06 01:54:59,955 - utils - WARNING - Error checking /memberadmin.js: Invalid URL '/memberadmin.js': No scheme supplied. Perhaps you meant https:///memberadmin.js?
2025-05-06 01:54:59,955 - utils - ERROR - Request failed for /administratorlogin.js: Invalid URL '/administratorlogin.js': No scheme supplied. Perhaps you meant https:///administratorlogin.js?
2025-05-06 01:54:59,955 - utils - WARNING - Error checking /administratorlogin.js: Invalid URL '/administratorlogin.js': No scheme supplied. Perhaps you meant https:///administratorlogin.js?
2025-05-06 01:54:59,955 - utils - ERROR - Request failed for /admin/account.cgi: Invalid URL '/admin/account.cgi': No scheme supplied. Perhaps you meant https:///admin/account.cgi?
2025-05-06 01:54:59,955 - utils - WARNING - Error checking /admin/account.cgi: Invalid URL '/admin/account.cgi': No scheme supplied. Perhaps you meant https:///admin/account.cgi?
2025-05-06 01:54:59,955 - utils - ERROR - Request failed for /admin/index.cgi: Invalid URL '/admin/index.cgi': No scheme supplied. Perhaps you meant https:///admin/index.cgi?
2025-05-06 01:54:59,956 - utils - WARNING - Error checking /admin/index.cgi: Invalid URL '/admin/index.cgi': No scheme supplied. Perhaps you meant https:///admin/index.cgi?
2025-05-06 01:54:59,956 - utils - ERROR - Request failed for /admin/login.cgi: Invalid URL '/admin/login.cgi': No scheme supplied. Perhaps you meant https:///admin/login.cgi?
2025-05-06 01:54:59,956 - utils - WARNING - Error checking /admin/login.cgi: Invalid URL '/admin/login.cgi': No scheme supplied. Perhaps you meant https:///admin/login.cgi?
2025-05-06 01:54:59,956 - utils - ERROR - Request failed for /admin/admin.cgi: Invalid URL '/admin/admin.cgi': No scheme supplied. Perhaps you meant https:///admin/admin.cgi?
2025-05-06 01:54:59,956 - utils - WARNING - Error checking /admin/admin.cgi: Invalid URL '/admin/admin.cgi': No scheme supplied. Perhaps you meant https:///admin/admin.cgi?
2025-05-06 01:54:59,956 - utils - ERROR - Request failed for /admin_area/admin.cgi: Invalid URL '/admin_area/admin.cgi': No scheme supplied. Perhaps you meant https:///admin_area/admin.cgi?
2025-05-06 01:54:59,956 - utils - WARNING - Error checking /admin_area/admin.cgi: Invalid URL '/admin_area/admin.cgi': No scheme supplied. Perhaps you meant https:///admin_area/admin.cgi?
2025-05-06 01:54:59,957 - utils - ERROR - Request failed for /admin_area/login.cgi: Invalid URL '/admin_area/login.cgi': No scheme supplied. Perhaps you meant https:///admin_area/login.cgi?
2025-05-06 01:54:59,957 - utils - WARNING - Error checking /admin_area/login.cgi: Invalid URL '/admin_area/login.cgi': No scheme supplied. Perhaps you meant https:///admin_area/login.cgi?
2025-05-06 01:54:59,957 - utils - ERROR - Request failed for /siteadmin/login.cgi: Invalid URL '/siteadmin/login.cgi': No scheme supplied. Perhaps you meant https:///siteadmin/login.cgi?
2025-05-06 01:54:59,957 - utils - WARNING - Error checking /siteadmin/login.cgi: Invalid URL '/siteadmin/login.cgi': No scheme supplied. Perhaps you meant https:///siteadmin/login.cgi?
2025-05-06 01:54:59,957 - utils - ERROR - Request failed for /siteadmin/index.cgi: Invalid URL '/siteadmin/index.cgi': No scheme supplied. Perhaps you meant https:///siteadmin/index.cgi?
2025-05-06 01:54:59,957 - utils - WARNING - Error checking /siteadmin/index.cgi: Invalid URL '/siteadmin/index.cgi': No scheme supplied. Perhaps you meant https:///siteadmin/index.cgi?
2025-05-06 01:54:59,957 - utils - ERROR - Request failed for /admin_area/index.cgi: Invalid URL '/admin_area/index.cgi': No scheme supplied. Perhaps you meant https:///admin_area/index.cgi?
2025-05-06 01:54:59,957 - utils - WARNING - Error checking /admin_area/index.cgi: Invalid URL '/admin_area/index.cgi': No scheme supplied. Perhaps you meant https:///admin_area/index.cgi?
2025-05-06 01:54:59,958 - utils - ERROR - Request failed for /bb-admin/index.cgi: Invalid URL '/bb-admin/index.cgi': No scheme supplied. Perhaps you meant https:///bb-admin/index.cgi?
2025-05-06 01:54:59,958 - utils - WARNING - Error checking /bb-admin/index.cgi: Invalid URL '/bb-admin/index.cgi': No scheme supplied. Perhaps you meant https:///bb-admin/index.cgi?
2025-05-06 01:54:59,958 - utils - ERROR - Request failed for /bb-admin/login.cgi: Invalid URL '/bb-admin/login.cgi': No scheme supplied. Perhaps you meant https:///bb-admin/login.cgi?
2025-05-06 01:54:59,958 - utils - WARNING - Error checking /bb-admin/login.cgi: Invalid URL '/bb-admin/login.cgi': No scheme supplied. Perhaps you meant https:///bb-admin/login.cgi?
2025-05-06 01:54:59,958 - utils - ERROR - Request failed for /bb-admin/admin.cgi: Invalid URL '/bb-admin/admin.cgi': No scheme supplied. Perhaps you meant https:///bb-admin/admin.cgi?
2025-05-06 01:54:59,958 - utils - WARNING - Error checking /bb-admin/admin.cgi: Invalid URL '/bb-admin/admin.cgi': No scheme supplied. Perhaps you meant https:///bb-admin/admin.cgi?
2025-05-06 01:54:59,958 - utils - ERROR - Request failed for /admin/home.cgi: Invalid URL '/admin/home.cgi': No scheme supplied. Perhaps you meant https:///admin/home.cgi?
2025-05-06 01:54:59,958 - utils - WARNING - Error checking /admin/home.cgi: Invalid URL '/admin/home.cgi': No scheme supplied. Perhaps you meant https:///admin/home.cgi?
2025-05-06 01:54:59,959 - utils - ERROR - Request failed for /admin/controlpanel.cgi: Invalid URL '/admin/controlpanel.cgi': No scheme supplied. Perhaps you meant https:///admin/controlpanel.cgi?
2025-05-06 01:54:59,959 - utils - WARNING - Error checking /admin/controlpanel.cgi: Invalid URL '/admin/controlpanel.cgi': No scheme supplied. Perhaps you meant https:///admin/controlpanel.cgi?
2025-05-06 01:54:59,959 - utils - ERROR - Request failed for /admin.cgi: Invalid URL '/admin.cgi': No scheme supplied. Perhaps you meant https:///admin.cgi?
2025-05-06 01:54:59,959 - utils - WARNING - Error checking /admin.cgi: Invalid URL '/admin.cgi': No scheme supplied. Perhaps you meant https:///admin.cgi?
2025-05-06 01:54:59,959 - utils - ERROR - Request failed for /admin/cp.cgi: Invalid URL '/admin/cp.cgi': No scheme supplied. Perhaps you meant https:///admin/cp.cgi?
2025-05-06 01:54:59,959 - utils - WARNING - Error checking /admin/cp.cgi: Invalid URL '/admin/cp.cgi': No scheme supplied. Perhaps you meant https:///admin/cp.cgi?
2025-05-06 01:54:59,959 - utils - ERROR - Request failed for /cp.cgi: Invalid URL '/cp.cgi': No scheme supplied. Perhaps you meant https:///cp.cgi?
2025-05-06 01:54:59,959 - utils - WARNING - Error checking /cp.cgi: Invalid URL '/cp.cgi': No scheme supplied. Perhaps you meant https:///cp.cgi?
2025-05-06 01:54:59,960 - utils - ERROR - Request failed for /administrator/index.cgi: Invalid URL '/administrator/index.cgi': No scheme supplied. Perhaps you meant https:///administrator/index.cgi?
2025-05-06 01:54:59,960 - utils - WARNING - Error checking /administrator/index.cgi: Invalid URL '/administrator/index.cgi': No scheme supplied. Perhaps you meant https:///administrator/index.cgi?
2025-05-06 01:54:59,960 - utils - ERROR - Request failed for /administrator/login.cgi: Invalid URL '/administrator/login.cgi': No scheme supplied. Perhaps you meant https:///administrator/login.cgi?
2025-05-06 01:54:59,960 - utils - WARNING - Error checking /administrator/login.cgi: Invalid URL '/administrator/login.cgi': No scheme supplied. Perhaps you meant https:///administrator/login.cgi?
2025-05-06 01:54:59,960 - utils - ERROR - Request failed for /nsw/admin/login.cgi: Invalid URL '/nsw/admin/login.cgi': No scheme supplied. Perhaps you meant https:///nsw/admin/login.cgi?
2025-05-06 01:54:59,960 - utils - WARNING - Error checking /nsw/admin/login.cgi: Invalid URL '/nsw/admin/login.cgi': No scheme supplied. Perhaps you meant https:///nsw/admin/login.cgi?
2025-05-06 01:54:59,961 - utils - ERROR - Request failed for /webadmin/login.cgi: Invalid URL '/webadmin/login.cgi': No scheme supplied. Perhaps you meant https:///webadmin/login.cgi?
2025-05-06 01:54:59,961 - utils - WARNING - Error checking /webadmin/login.cgi: Invalid URL '/webadmin/login.cgi': No scheme supplied. Perhaps you meant https:///webadmin/login.cgi?
2025-05-06 01:54:59,961 - utils - ERROR - Request failed for /admin/admin_login.cgi: Invalid URL '/admin/admin_login.cgi': No scheme supplied. Perhaps you meant https:///admin/admin_login.cgi?
2025-05-06 01:54:59,961 - utils - WARNING - Error checking /admin/admin_login.cgi: Invalid URL '/admin/admin_login.cgi': No scheme supplied. Perhaps you meant https:///admin/admin_login.cgi?
2025-05-06 01:54:59,961 - utils - ERROR - Request failed for /admin_login.cgi: Invalid URL '/admin_login.cgi': No scheme supplied. Perhaps you meant https:///admin_login.cgi?
2025-05-06 01:54:59,961 - utils - WARNING - Error checking /admin_login.cgi: Invalid URL '/admin_login.cgi': No scheme supplied. Perhaps you meant https:///admin_login.cgi?
2025-05-06 01:54:59,961 - utils - ERROR - Request failed for /administrator/account.cgi: Invalid URL '/administrator/account.cgi': No scheme supplied. Perhaps you meant https:///administrator/account.cgi?
2025-05-06 01:54:59,961 - utils - WARNING - Error checking /administrator/account.cgi: Invalid URL '/administrator/account.cgi': No scheme supplied. Perhaps you meant https:///administrator/account.cgi?
2025-05-06 01:54:59,962 - utils - ERROR - Request failed for /administrator.cgi: Invalid URL '/administrator.cgi': No scheme supplied. Perhaps you meant https:///administrator.cgi?
2025-05-06 01:54:59,962 - utils - WARNING - Error checking /administrator.cgi: Invalid URL '/administrator.cgi': No scheme supplied. Perhaps you meant https:///administrator.cgi?
2025-05-06 01:54:59,962 - utils - ERROR - Request failed for /pages/admin/admin-login.cgi: Invalid URL '/pages/admin/admin-login.cgi': No scheme supplied. Perhaps you meant https:///pages/admin/admin-login.cgi?
2025-05-06 01:54:59,962 - utils - WARNING - Error checking /pages/admin/admin-login.cgi: Invalid URL '/pages/admin/admin-login.cgi': No scheme supplied. Perhaps you meant https:///pages/admin/admin-login.cgi?
2025-05-06 01:54:59,962 - utils - ERROR - Request failed for /admin/admin-login.cgi: Invalid URL '/admin/admin-login.cgi': No scheme supplied. Perhaps you meant https:///admin/admin-login.cgi?
2025-05-06 01:54:59,962 - utils - WARNING - Error checking /admin/admin-login.cgi: Invalid URL '/admin/admin-login.cgi': No scheme supplied. Perhaps you meant https:///admin/admin-login.cgi?
2025-05-06 01:54:59,962 - utils - ERROR - Request failed for /admin-login.cgi: Invalid URL '/admin-login.cgi': No scheme supplied. Perhaps you meant https:///admin-login.cgi?
2025-05-06 01:54:59,962 - utils - WARNING - Error checking /admin-login.cgi: Invalid URL '/admin-login.cgi': No scheme supplied. Perhaps you meant https:///admin-login.cgi?
2025-05-06 01:54:59,962 - utils - ERROR - Request failed for /login.cgi: Invalid URL '/login.cgi': No scheme supplied. Perhaps you meant https:///login.cgi?
2025-05-06 01:54:59,962 - utils - WARNING - Error checking /login.cgi: Invalid URL '/login.cgi': No scheme supplied. Perhaps you meant https:///login.cgi?
2025-05-06 01:54:59,962 - utils - ERROR - Request failed for /modelsearch/login.cgi: Invalid URL '/modelsearch/login.cgi': No scheme supplied. Perhaps you meant https:///modelsearch/login.cgi?
2025-05-06 01:54:59,962 - utils - WARNING - Error checking /modelsearch/login.cgi: Invalid URL '/modelsearch/login.cgi': No scheme supplied. Perhaps you meant https:///modelsearch/login.cgi?
2025-05-06 01:54:59,964 - utils - ERROR - Request failed for /moderator.cgi: Invalid URL '/moderator.cgi': No scheme supplied. Perhaps you meant https:///moderator.cgi?
2025-05-06 01:54:59,964 - utils - WARNING - Error checking /moderator.cgi: Invalid URL '/moderator.cgi': No scheme supplied. Perhaps you meant https:///moderator.cgi?
2025-05-06 01:54:59,964 - utils - ERROR - Request failed for /moderator/login.cgi: Invalid URL '/moderator/login.cgi': No scheme supplied. Perhaps you meant https:///moderator/login.cgi?
2025-05-06 01:54:59,964 - utils - WARNING - Error checking /moderator/login.cgi: Invalid URL '/moderator/login.cgi': No scheme supplied. Perhaps you meant https:///moderator/login.cgi?
2025-05-06 01:54:59,964 - utils - ERROR - Request failed for /moderator/admin.cgi: Invalid URL '/moderator/admin.cgi': No scheme supplied. Perhaps you meant https:///moderator/admin.cgi?
2025-05-06 01:54:59,964 - utils - WARNING - Error checking /moderator/admin.cgi: Invalid URL '/moderator/admin.cgi': No scheme supplied. Perhaps you meant https:///moderator/admin.cgi?
2025-05-06 01:54:59,964 - utils - ERROR - Request failed for /account.cgi: Invalid URL '/account.cgi': No scheme supplied. Perhaps you meant https:///account.cgi?
2025-05-06 01:54:59,965 - utils - WARNING - Error checking /account.cgi: Invalid URL '/account.cgi': No scheme supplied. Perhaps you meant https:///account.cgi?
2025-05-06 01:54:59,965 - utils - ERROR - Request failed for /controlpanel.cgi: Invalid URL '/controlpanel.cgi': No scheme supplied. Perhaps you meant https:///controlpanel.cgi?
2025-05-06 01:54:59,965 - utils - WARNING - Error checking /controlpanel.cgi: Invalid URL '/controlpanel.cgi': No scheme supplied. Perhaps you meant https:///controlpanel.cgi?
2025-05-06 01:54:59,965 - utils - ERROR - Request failed for /admincontrol.cgi: Invalid URL '/admincontrol.cgi': No scheme supplied. Perhaps you meant https:///admincontrol.cgi?
2025-05-06 01:54:59,965 - utils - WARNING - Error checking /admincontrol.cgi: Invalid URL '/admincontrol.cgi': No scheme supplied. Perhaps you meant https:///admincontrol.cgi?
2025-05-06 01:54:59,965 - utils - ERROR - Request failed for /rcjakar/admin/login.cgi: Invalid URL '/rcjakar/admin/login.cgi': No scheme supplied. Perhaps you meant https:///rcjakar/admin/login.cgi?
2025-05-06 01:54:59,965 - utils - WARNING - Error checking /rcjakar/admin/login.cgi: Invalid URL '/rcjakar/admin/login.cgi': No scheme supplied. Perhaps you meant https:///rcjakar/admin/login.cgi?
2025-05-06 01:54:59,966 - utils - ERROR - Request failed for /webadmin.cgi: Invalid URL '/webadmin.cgi': No scheme supplied. Perhaps you meant https:///webadmin.cgi?
2025-05-06 01:54:59,966 - utils - WARNING - Error checking /webadmin.cgi: Invalid URL '/webadmin.cgi': No scheme supplied. Perhaps you meant https:///webadmin.cgi?
2025-05-06 01:54:59,966 - utils - ERROR - Request failed for /webadmin/index.cgi: Invalid URL '/webadmin/index.cgi': No scheme supplied. Perhaps you meant https:///webadmin/index.cgi?
2025-05-06 01:54:59,966 - utils - WARNING - Error checking /webadmin/index.cgi: Invalid URL '/webadmin/index.cgi': No scheme supplied. Perhaps you meant https:///webadmin/index.cgi?
2025-05-06 01:54:59,966 - utils - ERROR - Request failed for /acceso.cgi: Invalid URL '/acceso.cgi': No scheme supplied. Perhaps you meant https:///acceso.cgi?
2025-05-06 01:54:59,966 - utils - WARNING - Error checking /acceso.cgi: Invalid URL '/acceso.cgi': No scheme supplied. Perhaps you meant https:///acceso.cgi?
2025-05-06 01:54:59,966 - utils - ERROR - Request failed for /webadmin/admin.cgi: Invalid URL '/webadmin/admin.cgi': No scheme supplied. Perhaps you meant https:///webadmin/admin.cgi?
2025-05-06 01:54:59,966 - utils - WARNING - Error checking /webadmin/admin.cgi: Invalid URL '/webadmin/admin.cgi': No scheme supplied. Perhaps you meant https:///webadmin/admin.cgi?
2025-05-06 01:54:59,967 - utils - ERROR - Request failed for /adminpanel.cgi: Invalid URL '/adminpanel.cgi': No scheme supplied. Perhaps you meant https:///adminpanel.cgi?
2025-05-06 01:54:59,967 - utils - WARNING - Error checking /adminpanel.cgi: Invalid URL '/adminpanel.cgi': No scheme supplied. Perhaps you meant https:///adminpanel.cgi?
2025-05-06 01:54:59,967 - utils - ERROR - Request failed for /user.cgi: Invalid URL '/user.cgi': No scheme supplied. Perhaps you meant https:///user.cgi?
2025-05-06 01:54:59,967 - utils - WARNING - Error checking /user.cgi: Invalid URL '/user.cgi': No scheme supplied. Perhaps you meant https:///user.cgi?
2025-05-06 01:54:59,967 - utils - ERROR - Request failed for /panel-administracion/login.cgi: Invalid URL '/panel-administracion/login.cgi': No scheme supplied. Perhaps you meant https:///panel-administracion/login.cgi?
2025-05-06 01:54:59,967 - utils - WARNING - Error checking /panel-administracion/login.cgi: Invalid URL '/panel-administracion/login.cgi': No scheme supplied. Perhaps you meant https:///panel-administracion/login.cgi?
2025-05-06 01:54:59,967 - utils - ERROR - Request failed for /wp-login.cgi: Invalid URL '/wp-login.cgi': No scheme supplied. Perhaps you meant https:///wp-login.cgi?
2025-05-06 01:54:59,967 - utils - WARNING - Error checking /wp-login.cgi: Invalid URL '/wp-login.cgi': No scheme supplied. Perhaps you meant https:///wp-login.cgi?
2025-05-06 01:54:59,968 - utils - ERROR - Request failed for /adminLogin.cgi: Invalid URL '/adminLogin.cgi': No scheme supplied. Perhaps you meant https:///adminLogin.cgi?
2025-05-06 01:54:59,968 - utils - WARNING - Error checking /adminLogin.cgi: Invalid URL '/adminLogin.cgi': No scheme supplied. Perhaps you meant https:///adminLogin.cgi?
2025-05-06 01:54:59,968 - utils - ERROR - Request failed for /admin/adminLogin.cgi: Invalid URL '/admin/adminLogin.cgi': No scheme supplied. Perhaps you meant https:///admin/adminLogin.cgi?
2025-05-06 01:54:59,968 - utils - WARNING - Error checking /admin/adminLogin.cgi: Invalid URL '/admin/adminLogin.cgi': No scheme supplied. Perhaps you meant https:///admin/adminLogin.cgi?
2025-05-06 01:54:59,968 - utils - ERROR - Request failed for /home.cgi: Invalid URL '/home.cgi': No scheme supplied. Perhaps you meant https:///home.cgi?
2025-05-06 01:54:59,968 - utils - WARNING - Error checking /home.cgi: Invalid URL '/home.cgi': No scheme supplied. Perhaps you meant https:///home.cgi?
2025-05-06 01:54:59,968 - utils - ERROR - Request failed for /adminarea/index.cgi: Invalid URL '/adminarea/index.cgi': No scheme supplied. Perhaps you meant https:///adminarea/index.cgi?
2025-05-06 01:54:59,969 - utils - WARNING - Error checking /adminarea/index.cgi: Invalid URL '/adminarea/index.cgi': No scheme supplied. Perhaps you meant https:///adminarea/index.cgi?
2025-05-06 01:54:59,969 - utils - ERROR - Request failed for /adminarea/admin.cgi: Invalid URL '/adminarea/admin.cgi': No scheme supplied. Perhaps you meant https:///adminarea/admin.cgi?
2025-05-06 01:54:59,969 - utils - WARNING - Error checking /adminarea/admin.cgi: Invalid URL '/adminarea/admin.cgi': No scheme supplied. Perhaps you meant https:///adminarea/admin.cgi?
2025-05-06 01:54:59,969 - utils - ERROR - Request failed for /adminarea/login.cgi: Invalid URL '/adminarea/login.cgi': No scheme supplied. Perhaps you meant https:///adminarea/login.cgi?
2025-05-06 01:54:59,969 - utils - WARNING - Error checking /adminarea/login.cgi: Invalid URL '/adminarea/login.cgi': No scheme supplied. Perhaps you meant https:///adminarea/login.cgi?
2025-05-06 01:54:59,969 - utils - ERROR - Request failed for /panel-administracion/index.cgi: Invalid URL '/panel-administracion/index.cgi': No scheme supplied. Perhaps you meant https:///panel-administracion/index.cgi?
2025-05-06 01:54:59,969 - utils - WARNING - Error checking /panel-administracion/index.cgi: Invalid URL '/panel-administracion/index.cgi': No scheme supplied. Perhaps you meant https:///panel-administracion/index.cgi?
2025-05-06 01:54:59,970 - utils - ERROR - Request failed for /panel-administracion/admin.cgi: Invalid URL '/panel-administracion/admin.cgi': No scheme supplied. Perhaps you meant https:///panel-administracion/admin.cgi?
2025-05-06 01:54:59,970 - utils - WARNING - Error checking /panel-administracion/admin.cgi: Invalid URL '/panel-administracion/admin.cgi': No scheme supplied. Perhaps you meant https:///panel-administracion/admin.cgi?
2025-05-06 01:54:59,970 - utils - ERROR - Request failed for /modelsearch/index.cgi: Invalid URL '/modelsearch/index.cgi': No scheme supplied. Perhaps you meant https:///modelsearch/index.cgi?
2025-05-06 01:54:59,970 - utils - WARNING - Error checking /modelsearch/index.cgi: Invalid URL '/modelsearch/index.cgi': No scheme supplied. Perhaps you meant https:///modelsearch/index.cgi?
2025-05-06 01:54:59,970 - utils - ERROR - Request failed for /modelsearch/admin.cgi: Invalid URL '/modelsearch/admin.cgi': No scheme supplied. Perhaps you meant https:///modelsearch/admin.cgi?
2025-05-06 01:54:59,970 - utils - WARNING - Error checking /modelsearch/admin.cgi: Invalid URL '/modelsearch/admin.cgi': No scheme supplied. Perhaps you meant https:///modelsearch/admin.cgi?
2025-05-06 01:54:59,970 - utils - ERROR - Request failed for /admincontrol/login.cgi: Invalid URL '/admincontrol/login.cgi': No scheme supplied. Perhaps you meant https:///admincontrol/login.cgi?
2025-05-06 01:54:59,970 - utils - WARNING - Error checking /admincontrol/login.cgi: Invalid URL '/admincontrol/login.cgi': No scheme supplied. Perhaps you meant https:///admincontrol/login.cgi?
2025-05-06 01:54:59,971 - utils - ERROR - Request failed for /adm/admloginuser.cgi: Invalid URL '/adm/admloginuser.cgi': No scheme supplied. Perhaps you meant https:///adm/admloginuser.cgi?
2025-05-06 01:54:59,971 - utils - WARNING - Error checking /adm/admloginuser.cgi: Invalid URL '/adm/admloginuser.cgi': No scheme supplied. Perhaps you meant https:///adm/admloginuser.cgi?
2025-05-06 01:54:59,971 - utils - ERROR - Request failed for /admloginuser.cgi: Invalid URL '/admloginuser.cgi': No scheme supplied. Perhaps you meant https:///admloginuser.cgi?
2025-05-06 01:54:59,971 - utils - WARNING - Error checking /admloginuser.cgi: Invalid URL '/admloginuser.cgi': No scheme supplied. Perhaps you meant https:///admloginuser.cgi?
2025-05-06 01:54:59,971 - utils - ERROR - Request failed for /admin2.cgi: Invalid URL '/admin2.cgi': No scheme supplied. Perhaps you meant https:///admin2.cgi?
2025-05-06 01:54:59,971 - utils - WARNING - Error checking /admin2.cgi: Invalid URL '/admin2.cgi': No scheme supplied. Perhaps you meant https:///admin2.cgi?
2025-05-06 01:54:59,971 - utils - ERROR - Request failed for /admin2/login.cgi: Invalid URL '/admin2/login.cgi': No scheme supplied. Perhaps you meant https:///admin2/login.cgi?
2025-05-06 01:54:59,971 - utils - WARNING - Error checking /admin2/login.cgi: Invalid URL '/admin2/login.cgi': No scheme supplied. Perhaps you meant https:///admin2/login.cgi?
2025-05-06 01:54:59,972 - utils - ERROR - Request failed for /admin2/index.cgi: Invalid URL '/admin2/index.cgi': No scheme supplied. Perhaps you meant https:///admin2/index.cgi?
2025-05-06 01:54:59,972 - utils - WARNING - Error checking /admin2/index.cgi: Invalid URL '/admin2/index.cgi': No scheme supplied. Perhaps you meant https:///admin2/index.cgi?
2025-05-06 01:54:59,972 - utils - ERROR - Request failed for /usuarios/login.cgi: Invalid URL '/usuarios/login.cgi': No scheme supplied. Perhaps you meant https:///usuarios/login.cgi?
2025-05-06 01:54:59,972 - utils - WARNING - Error checking /usuarios/login.cgi: Invalid URL '/usuarios/login.cgi': No scheme supplied. Perhaps you meant https:///usuarios/login.cgi?
2025-05-06 01:54:59,972 - utils - ERROR - Request failed for /adm/index.cgi: Invalid URL '/adm/index.cgi': No scheme supplied. Perhaps you meant https:///adm/index.cgi?
2025-05-06 01:54:59,972 - utils - WARNING - Error checking /adm/index.cgi: Invalid URL '/adm/index.cgi': No scheme supplied. Perhaps you meant https:///adm/index.cgi?
2025-05-06 01:54:59,972 - utils - ERROR - Request failed for /adm.cgi: Invalid URL '/adm.cgi': No scheme supplied. Perhaps you meant https:///adm.cgi?
2025-05-06 01:54:59,973 - utils - WARNING - Error checking /adm.cgi: Invalid URL '/adm.cgi': No scheme supplied. Perhaps you meant https:///adm.cgi?
2025-05-06 01:54:59,973 - utils - ERROR - Request failed for /affiliate.cgi: Invalid URL '/affiliate.cgi': No scheme supplied. Perhaps you meant https:///affiliate.cgi?
2025-05-06 01:54:59,973 - utils - WARNING - Error checking /affiliate.cgi: Invalid URL '/affiliate.cgi': No scheme supplied. Perhaps you meant https:///affiliate.cgi?
2025-05-06 01:54:59,973 - utils - ERROR - Request failed for /adm_auth.cgi: Invalid URL '/adm_auth.cgi': No scheme supplied. Perhaps you meant https:///adm_auth.cgi?
2025-05-06 01:54:59,973 - utils - WARNING - Error checking /adm_auth.cgi: Invalid URL '/adm_auth.cgi': No scheme supplied. Perhaps you meant https:///adm_auth.cgi?
2025-05-06 01:54:59,973 - utils - ERROR - Request failed for /memberadmin.cgi: Invalid URL '/memberadmin.cgi': No scheme supplied. Perhaps you meant https:///memberadmin.cgi?
2025-05-06 01:54:59,973 - utils - WARNING - Error checking /memberadmin.cgi: Invalid URL '/memberadmin.cgi': No scheme supplied. Perhaps you meant https:///memberadmin.cgi?
2025-05-06 01:54:59,974 - utils - ERROR - Request failed for /administratorlogin.cgi: Invalid URL '/administratorlogin.cgi': No scheme supplied. Perhaps you meant https:///administratorlogin.cgi?
2025-05-06 01:54:59,974 - utils - WARNING - Error checking /administratorlogin.cgi: Invalid URL '/administratorlogin.cgi': No scheme supplied. Perhaps you meant https:///administratorlogin.cgi?
2025-05-06 01:54:59,974 - utils - ERROR - Request failed for /admin_panel/: Invalid URL '/admin_panel/': No scheme supplied. Perhaps you meant https:///admin_panel/?
2025-05-06 01:54:59,974 - utils - WARNING - Error checking /admin_panel/: Invalid URL '/admin_panel/': No scheme supplied. Perhaps you meant https:///admin_panel/?
2025-05-06 01:54:59,974 - utils - ERROR - Request failed for /admin_panel.html: Invalid URL '/admin_panel.html': No scheme supplied. Perhaps you meant https:///admin_panel.html?
2025-05-06 01:54:59,974 - utils - WARNING - Error checking /admin_panel.html: Invalid URL '/admin_panel.html': No scheme supplied. Perhaps you meant https:///admin_panel.html?
2025-05-06 01:54:59,974 - utils - ERROR - Request failed for /adm_cp/: Invalid URL '/adm_cp/': No scheme supplied. Perhaps you meant https:///adm_cp/?
2025-05-06 01:54:59,974 - utils - WARNING - Error checking /adm_cp/: Invalid URL '/adm_cp/': No scheme supplied. Perhaps you meant https:///adm_cp/?
2025-05-06 01:54:59,974 - commands - INFO - Admin Panel Finder command executed successfully
2025-05-06 01:54:59,974 - commands - INFO - Successfully executed command: apf
2025-05-06 01:55:05,591 - commands - INFO - Clear command executed successfully
2025-05-06 01:55:05,591 - commands - INFO - Successfully executed command: clear
2025-05-06 01:55:07,776 - commands - WARNING - Unknown command: ls
2025-05-06 01:56:35,199 - commands - INFO - Help command executed successfully
2025-05-06 01:56:35,199 - commands - INFO - Successfully executed command: help
2025-05-06 15:40:01,103 - settings - INFO - Settings loaded successfully
2025-05-06 15:40:06,882 - commands - INFO - Help command executed successfully
2025-05-06 15:40:06,886 - commands - INFO - Successfully executed command: help
2025-05-06 15:43:17,652 - commands - INFO - Exit command executed successfully
2025-05-06 15:43:23,692 - settings - INFO - Settings loaded successfully
2025-05-06 15:43:28,777 - commands - INFO - Help command executed successfully
2025-05-06 15:43:28,779 - commands - INFO - Successfully executed command: help
2025-05-06 15:43:59,714 - commands - WARNING - Unknown command: ls
2025-05-06 15:51:45,536 - commands - WARNING - Unknown command: python -u "c:\Users\M Sami Furqan\Documents\HackerBox\HackerBox.py"
cls
2025-05-06 15:51:48,000 - commands - WARNING - Unknown command: cleae
2025-05-06 15:51:50,555 - commands - WARNING - Unknown command: cks
2025-05-06 15:51:52,905 - commands - INFO - Clear command executed successfully
2025-05-06 15:51:52,905 - commands - INFO - Successfully executed command: cls
2025-05-06 15:51:55,102 - commands - INFO - Exit command executed successfully
2025-05-06 15:52:13,426 - settings - INFO - Settings loaded successfully
2025-05-06 15:52:36,144 - commands - INFO - Help command executed successfully
2025-05-06 15:52:36,144 - commands - INFO - Successfully executed command: help
2025-05-06 15:52:46,945 - commands - INFO - Pwd command executed successfully
2025-05-06 15:52:46,945 - commands - INFO - Successfully executed command: pwd
2025-05-06 15:52:51,971 - commands - INFO - Ls command executed successfully
2025-05-06 15:52:51,974 - commands - INFO - Successfully executed command: ls
2025-05-06 15:53:06,143 - commands - WARNING - Unknown command: cl
2025-05-06 15:53:07,672 - commands - INFO - Clear command executed successfully
2025-05-06 15:53:07,672 - commands - INFO - Successfully executed command: cls
2025-05-06 15:53:09,617 - commands - INFO - Ls command executed successfully
2025-05-06 15:53:09,617 - commands - INFO - Successfully executed command: ls
2025-05-06 15:53:11,994 - commands - INFO - Clear command executed successfully
2025-05-06 15:53:11,994 - commands - INFO - Successfully executed command: cls
2025-05-06 15:53:13,316 - commands - INFO - Successfully executed command: cd
2025-05-06 15:53:20,564 - commands - INFO - Cd command executed successfully
2025-05-06 15:53:20,566 - commands - INFO - Successfully executed command: cd
2025-05-06 15:53:30,527 - commands - INFO - Ls command executed successfully
2025-05-06 15:53:30,532 - commands - INFO - Successfully executed command: ls
2025-05-06 15:53:45,627 - commands - INFO - Help command executed successfully
2025-05-06 15:53:45,627 - commands - INFO - Successfully executed command: help
2025-05-06 15:54:03,032 - commands - INFO - History command executed successfully
2025-05-06 15:54:03,032 - commands - INFO - Successfully executed command: history
2025-05-06 15:54:13,569 - commands - INFO - Clear command executed successfully
2025-05-06 15:54:13,569 - commands - INFO - Successfully executed command: clear
2025-05-07 19:51:01,333 - settings - INFO - Settings loaded successfully
2025-05-07 19:52:06,564 - commands - INFO - Nmap module loaded but no specific function found
2025-05-07 19:52:06,564 - commands - INFO - Successfully executed command: nmap
2025-05-07 19:53:57,162 - commands - INFO - CheckUpdates command executed successfully
2025-05-07 19:53:57,163 - commands - INFO - Successfully executed command: check-updates
2025-05-07 19:54:14,782 - commands - INFO - Echo command executed successfully
2025-05-07 19:54:14,782 - commands - INFO - Successfully executed command: echo
2025-05-07 19:54:21,253 - commands - INFO - Echo command executed successfully
2025-05-07 19:54:21,253 - commands - INFO - Successfully executed command: echo
2025-05-07 19:54:32,524 - commands - INFO - Ls command executed successfully
2025-05-07 19:54:32,524 - commands - INFO - Successfully executed command: ls
2025-05-07 19:54:41,192 - commands - INFO - Successfully executed command: dos
2025-05-08 20:43:35,920 - settings - INFO - Settings loaded successfully
2025-05-08 20:43:38,359 - commands - INFO - Ls command executed successfully
2025-05-08 20:43:38,359 - commands - INFO - Successfully executed command: ls
2025-05-08 20:46:29,689 - commands - INFO - HostGetIp command executed successfully
2025-05-08 20:46:29,689 - commands - INFO - Successfully executed command: host.getip
2025-05-08 20:46:44,501 - commands - INFO - Ls command executed successfully
2025-05-08 20:46:44,501 - commands - INFO - Successfully executed command: ls
2025-05-08 20:46:46,395 - commands - INFO - Clear command executed successfully
2025-05-08 20:46:46,395 - commands - INFO - Successfully executed command: cls
2025-05-08 20:46:49,594 - commands - INFO - Pwd command executed successfully
2025-05-08 20:46:49,594 - commands - INFO - Successfully executed command: pwd
2025-05-08 20:46:59,942 - commands - INFO - Cd command executed successfully
2025-05-08 20:46:59,942 - commands - INFO - Successfully executed command: cd
2025-05-08 20:47:07,002 - commands - INFO - Cd command executed successfully
2025-05-08 20:47:07,002 - commands - INFO - Successfully executed command: cd
2025-05-08 20:47:23,835 - commands - INFO - Cd command executed successfully
2025-05-08 20:47:23,835 - commands - INFO - Successfully executed command: cd
2025-05-08 20:47:29,119 - commands - INFO - Cd command executed successfully
2025-05-08 20:47:29,119 - commands - INFO - Successfully executed command: cd
2025-05-08 20:47:31,113 - commands - INFO - Ls command executed successfully
2025-05-08 20:47:31,113 - commands - INFO - Successfully executed command: ls
2025-06-28 00:13:21,026 - settings - INFO - Settings loaded successfully
2025-06-28 00:13:40,012 - commands - ERROR - Failed to execute FTP Bruteforcer command: 'NoneType' object has no attribute 'sendall'
2025-06-28 00:13:40,012 - commands - ERROR - Error executing command ftp-bruteforce: Failed to run FTP Bruteforcer: 'NoneType' object has no attribute 'sendall'
2025-06-28 00:13:40,258 - __main__ - WARNING - No command provided
2025-06-28 00:13:40,703 - __main__ - WARNING - No command provided
2025-06-28 00:13:41,013 - __main__ - WARNING - No command provided
2025-06-28 00:13:41,194 - __main__ - WARNING - No command provided
2025-06-28 00:13:41,429 - __main__ - WARNING - No command provided
2025-06-28 00:13:43,189 - commands - WARNING - Unknown command: clea
2025-06-28 00:13:56,703 - commands - ERROR - Failed to execute systeminfo command: No module named 'psutil'
2025-06-28 00:13:56,703 - commands - ERROR - Error executing command systeminfo: Failed to get system information: No module named 'psutil'
2025-06-28 00:14:02,595 - commands - INFO - Clear command executed successfully
2025-06-28 00:14:02,595 - commands - INFO - Successfully executed command: clear
2025-06-28 00:14:12,836 - commands - INFO - Help command executed successfully
2025-06-28 00:14:12,836 - commands - INFO - Successfully executed command: help
2025-06-28 16:23:12,963 - settings - INFO - Settings loaded successfully
2025-06-28 16:23:12,993 - root - ERROR - Main loop error: No Windows console found. Are you running cmd.exe?
2025-06-28 16:23:13,059 - root - ERROR - Main loop error: No Windows console found. Are you running cmd.exe?
2025-06-28 16:23:13,068 - root - ERROR - Main loop error: No Windows console found. Are you running cmd.exe?
2025-06-28 16:23:13,084 - root - ERROR - Main loop error: No Windows console found. Are you running cmd.exe?
2025-06-28 16:23:13,093 - root - ERROR - Main loop error: No Windows console found. Are you running cmd.exe?
2025-06-28 16:23:13,143 - root - ERROR - Main loop error: No Windows console found. Are you running cmd.exe?
2025-06-28 16:23:13,156 - root - ERROR - Main loop error: No Windows console found. Are you running cmd.exe?
2025-06-28 16:23:13,173 - root - ERROR - Main loop error: No Windows console found. Are you running cmd.exe?
2025-06-28 16:23:13,184 - root - ERROR - Main loop error: No Windows console found. Are you running cmd.exe?
2025-06-28 16:23:13,196 - root - ERROR - Main loop error: No Windows console found. Are you running cmd.exe?
2025-06-28 16:23:13,222 - root - ERROR - Main loop error: No Windows console found. Are you running cmd.exe?
2025-06-28 16:23:13,231 - root - ERROR - Main loop error: No Windows console found. Are you running cmd.exe?
2025-06-28 16:23:13,238 - root - ERROR - Main loop error: No Windows console found. Are you running cmd.exe?
2025-06-28 16:23:13,253 - root - ERROR - Main loop error: No Windows console found. Are you running cmd.exe?
2025-06-28 16:23:13,265 - root - ERROR - Main loop error: No Windows console found. Are you running cmd.exe?
2025-06-28 16:23:13,275 - root - ERROR - Main loop error: No Windows console found. Are you running cmd.exe?
2025-06-28 16:23:13,285 - root - ERROR - Main loop error: No Windows console found. Are you running cmd.exe?
2025-06-28 16:23:13,294 - root - ERROR - Main loop error: No Windows console found. Are you running cmd.exe?
2025-06-28 16:23:13,302 - root - ERROR - Main loop error: No Windows console found. Are you running cmd.exe?
2025-06-28 16:23:13,314 - root - ERROR - Main loop error: No Windows console found. Are you running cmd.exe?
2025-06-28 16:23:13,318 - root - ERROR - Main loop error: No Windows console found. Are you running cmd.exe?
2025-06-28 16:23:13,339 - root - ERROR - Main loop error: No Windows console found. Are you running cmd.exe?
2025-06-28 16:23:13,351 - root - ERROR - Main loop error: No Windows console found. Are you running cmd.exe?
2025-06-28 16:23:13,360 - root - ERROR - Main loop error: No Windows console found. Are you running cmd.exe?
2025-06-28 16:23:13,376 - root - ERROR - Main loop error: No Windows console found. Are you running cmd.exe?
2025-06-28 16:23:13,384 - root - ERROR - Main loop error: No Windows console found. Are you running cmd.exe?
2025-06-28 16:23:13,394 - root - ERROR - Main loop error: No Windows console found. Are you running cmd.exe?
2025-06-28 16:23:13,400 - root - ERROR - Main loop error: No Windows console found. Are you running cmd.exe?
2025-06-28 16:23:13,417 - root - ERROR - Main loop error: No Windows console found. Are you running cmd.exe?
2025-06-28 16:23:13,431 - root - ERROR - Main loop error: No Windows console found. Are you running cmd.exe?
2025-06-28 16:23:13,439 - root - ERROR - Main loop error: No Windows console found. Are you running cmd.exe?
2025-06-28 16:23:13,450 - root - ERROR - Main loop error: No Windows console found. Are you running cmd.exe?
2025-06-28 16:23:13,458 - root - ERROR - Main loop error: No Windows console found. Are you running cmd.exe?
2025-06-28 16:23:13,468 - root - ERROR - Main loop error: No Windows console found. Are you running cmd.exe?
2025-06-28 16:23:13,484 - root - ERROR - Main loop error: No Windows console found. Are you running cmd.exe?
2025-06-28 16:23:13,488 - root - ERROR - Main loop error: No Windows console found. Are you running cmd.exe?
2025-06-28 16:23:13,500 - root - ERROR - Main loop error: No Windows console found. Are you running cmd.exe?
2025-06-28 16:23:13,532 - root - ERROR - Main loop error: No Windows console found. Are you running cmd.exe?
2025-06-28 16:23:13,542 - root - ERROR - Main loop error: No Windows console found. Are you running cmd.exe?
2025-06-28 16:23:13,558 - root - ERROR - Main loop error: No Windows console found. Are you running cmd.exe?
2025-06-28 16:23:13,565 - root - ERROR - Main loop error: No Windows console found. Are you running cmd.exe?
2025-06-28 16:23:13,582 - root - ERROR - Main loop error: No Windows console found. Are you running cmd.exe?
2025-06-28 16:23:13,591 - root - ERROR - Main loop error: No Windows console found. Are you running cmd.exe?
2025-06-28 16:23:13,599 - root - ERROR - Main loop error: No Windows console found. Are you running cmd.exe?
2025-06-28 16:23:13,615 - root - ERROR - Main loop error: No Windows console found. Are you running cmd.exe?
2025-06-28 16:23:13,625 - root - ERROR - Main loop error: No Windows console found. Are you running cmd.exe?
2025-06-28 16:23:13,638 - root - ERROR - Main loop error: No Windows console found. Are you running cmd.exe?
2025-06-28 16:23:13,649 - root - ERROR - Main loop error: No Windows console found. Are you running cmd.exe?
2025-06-28 16:23:13,656 - root - ERROR - Main loop error: No Windows console found. Are you running cmd.exe?
2025-06-28 16:23:13,669 - root - ERROR - Main loop error: No Windows console found. Are you running cmd.exe?
2025-06-28 16:23:13,681 - root - ERROR - Main loop error: No Windows console found. Are you running cmd.exe?
2025-06-28 16:23:13,689 - root - ERROR - Main loop error: No Windows console found. Are you running cmd.exe?
2025-06-28 16:23:13,704 - root - ERROR - Main loop error: No Windows console found. Are you running cmd.exe?
2025-06-28 16:23:13,714 - root - ERROR - Main loop error: No Windows console found. Are you running cmd.exe?
2025-06-28 16:23:13,722 - root - ERROR - Main loop error: No Windows console found. Are you running cmd.exe?
2025-06-28 16:23:13,730 - root - ERROR - Main loop error: No Windows console found. Are you running cmd.exe?
2025-06-28 16:23:13,742 - root - ERROR - Main loop error: No Windows console found. Are you running cmd.exe?
2025-06-28 16:23:13,755 - root - ERROR - Main loop error: No Windows console found. Are you running cmd.exe?
2025-06-28 16:23:13,771 - root - ERROR - Main loop error: No Windows console found. Are you running cmd.exe?
2025-06-28 16:23:13,776 - root - ERROR - Main loop error: No Windows console found. Are you running cmd.exe?
2025-06-28 16:23:13,789 - root - ERROR - Main loop error: No Windows console found. Are you running cmd.exe?
2025-06-28 16:23:13,802 - root - ERROR - Main loop error: No Windows console found. Are you running cmd.exe?
2025-06-28 16:23:13,814 - root - ERROR - Main loop error: No Windows console found. Are you running cmd.exe?
2025-06-28 16:23:13,849 - root - ERROR - Main loop error: No Windows console found. Are you running cmd.exe?
2025-06-28 16:23:13,862 - root - ERROR - Main loop error: No Windows console found. Are you running cmd.exe?
2025-06-28 16:23:13,866 - root - ERROR - Main loop error: No Windows console found. Are you running cmd.exe?
2025-06-28 16:23:13,878 - root - ERROR - Main loop error: No Windows console found. Are you running cmd.exe?
2025-06-28 16:23:13,891 - root - ERROR - Main loop error: No Windows console found. Are you running cmd.exe?
2025-06-28 16:23:13,902 - root - ERROR - Main loop error: No Windows console found. Are you running cmd.exe?
2025-06-28 16:23:13,910 - root - ERROR - Main loop error: No Windows console found. Are you running cmd.exe?
2025-06-28 16:23:13,918 - root - ERROR - Main loop error: No Windows console found. Are you running cmd.exe?
2025-06-28 16:23:13,928 - root - ERROR - Main loop error: No Windows console found. Are you running cmd.exe?
2025-06-28 16:23:13,942 - root - ERROR - Main loop error: No Windows console found. Are you running cmd.exe?
2025-06-28 16:23:13,956 - root - ERROR - Main loop error: No Windows console found. Are you running cmd.exe?
2025-06-28 16:23:13,966 - root - ERROR - Main loop error: No Windows console found. Are you running cmd.exe?
2025-06-28 16:23:13,979 - root - ERROR - Main loop error: No Windows console found. Are you running cmd.exe?
2025-06-28 16:23:13,989 - root - ERROR - Main loop error: No Windows console found. Are you running cmd.exe?
2025-06-28 16:23:14,001 - root - ERROR - Main loop error: No Windows console found. Are you running cmd.exe?
2025-06-28 16:23:14,011 - root - ERROR - Main loop error: No Windows console found. Are you running cmd.exe?
2025-06-28 16:23:14,022 - root - ERROR - Main loop error: No Windows console found. Are you running cmd.exe?
2025-06-28 16:23:14,028 - root - ERROR - Main loop error: No Windows console found. Are you running cmd.exe?
2025-06-28 16:23:14,041 - root - ERROR - Main loop error: No Windows console found. Are you running cmd.exe?
2025-06-28 16:23:14,052 - root - ERROR - Main loop error: No Windows console found. Are you running cmd.exe?
2025-06-28 16:23:14,060 - root - ERROR - Main loop error: No Windows console found. Are you running cmd.exe?
2025-06-28 16:23:14,067 - root - ERROR - Main loop error: No Windows console found. Are you running cmd.exe?
2025-06-28 16:23:14,083 - root - ERROR - Main loop error: No Windows console found. Are you running cmd.exe?
2025-06-28 16:23:14,091 - root - ERROR - Main loop error: No Windows console found. Are you running cmd.exe?
2025-06-28 16:23:14,100 - root - ERROR - Main loop error: No Windows console found. Are you running cmd.exe?
2025-06-28 16:23:14,109 - root - ERROR - Main loop error: No Windows console found. Are you running cmd.exe?
2025-06-28 16:23:14,116 - root - ERROR - Main loop error: No Windows console found. Are you running cmd.exe?
2025-06-28 16:23:14,147 - root - ERROR - Main loop error: No Windows console found. Are you running cmd.exe?
2025-06-28 16:23:14,167 - root - ERROR - Main loop error: No Windows console found. Are you running cmd.exe?
2025-06-28 16:23:14,183 - root - ERROR - Main loop error: No Windows console found. Are you running cmd.exe?
2025-06-28 16:23:14,193 - root - ERROR - Main loop error: No Windows console found. Are you running cmd.exe?
2025-06-28 16:23:14,202 - root - ERROR - Main loop error: No Windows console found. Are you running cmd.exe?
2025-06-28 16:23:14,210 - root - ERROR - Main loop error: No Windows console found. Are you running cmd.exe?
2025-06-28 16:23:14,217 - root - ERROR - Main loop error: No Windows console found. Are you running cmd.exe?
2025-06-28 16:23:14,226 - root - ERROR - Main loop error: No Windows console found. Are you running cmd.exe?
2025-06-28 16:23:14,238 - root - ERROR - Main loop error: No Windows console found. Are you running cmd.exe?
2025-06-28 16:23:14,242 - root - ERROR - Main loop error: No Windows console found. Are you running cmd.exe?
2025-06-28 16:23:14,251 - root - ERROR - Main loop error: No Windows console found. Are you running cmd.exe?
2025-06-28 16:23:14,267 - root - ERROR - Main loop error: No Windows console found. Are you running cmd.exe?
2025-06-28 16:23:14,311 - root - ERROR - Main loop error: No Windows console found. Are you running cmd.exe?
2025-06-28 16:23:14,323 - root - ERROR - Main loop error: No Windows console found. Are you running cmd.exe?
2025-06-28 16:23:14,339 - root - ERROR - Main loop error: No Windows console found. Are you running cmd.exe?
2025-06-28 16:23:14,348 - root - ERROR - Main loop error: No Windows console found. Are you running cmd.exe?
2025-06-28 16:23:14,358 - root - ERROR - Main loop error: No Windows console found. Are you running cmd.exe?
2025-06-28 16:23:14,366 - root - ERROR - Main loop error: No Windows console found. Are you running cmd.exe?
2025-06-28 16:23:14,379 - root - ERROR - Main loop error: No Windows console found. Are you running cmd.exe?
2025-06-28 16:23:14,392 - root - ERROR - Main loop error: No Windows console found. Are you running cmd.exe?
2025-06-28 16:23:14,407 - root - ERROR - Main loop error: No Windows console found. Are you running cmd.exe?
2025-06-28 16:23:14,415 - root - ERROR - Main loop error: No Windows console found. Are you running cmd.exe?
2025-06-28 16:23:14,423 - root - ERROR - Main loop error: No Windows console found. Are you running cmd.exe?
2025-06-28 16:23:14,436 - root - ERROR - Main loop error: No Windows console found. Are you running cmd.exe?
2025-06-28 16:23:14,443 - root - ERROR - Main loop error: No Windows console found. Are you running cmd.exe?
2025-06-28 16:23:14,449 - root - ERROR - Main loop error: No Windows console found. Are you running cmd.exe?
2025-06-28 16:23:14,489 - root - ERROR - Main loop error: No Windows console found. Are you running cmd.exe?
2025-06-28 16:23:14,498 - root - ERROR - Main loop error: No Windows console found. Are you running cmd.exe?
2025-06-28 16:23:14,512 - root - ERROR - Main loop error: No Windows console found. Are you running cmd.exe?
2025-06-28 16:23:14,514 - root - ERROR - Main loop error: No Windows console found. Are you running cmd.exe?
2025-06-28 16:23:14,531 - root - ERROR - Main loop error: No Windows console found. Are you running cmd.exe?
2025-06-28 16:23:14,539 - root - ERROR - Main loop error: No Windows console found. Are you running cmd.exe?
2025-06-28 16:23:14,547 - root - ERROR - Main loop error: No Windows console found. Are you running cmd.exe?
2025-06-28 16:23:14,563 - root - ERROR - Main loop error: No Windows console found. Are you running cmd.exe?
2025-06-28 16:23:14,576 - root - ERROR - Main loop error: No Windows console found. Are you running cmd.exe?
2025-06-28 16:23:14,580 - root - ERROR - Main loop error: No Windows console found. Are you running cmd.exe?
2025-06-28 16:23:14,597 - root - ERROR - Main loop error: No Windows console found. Are you running cmd.exe?
2025-06-28 16:23:14,605 - root - ERROR - Main loop error: No Windows console found. Are you running cmd.exe?
2025-06-28 16:23:14,614 - root - ERROR - Main loop error: No Windows console found. Are you running cmd.exe?
2025-06-28 16:23:14,629 - root - ERROR - Main loop error: No Windows console found. Are you running cmd.exe?
2025-06-28 16:23:14,637 - root - ERROR - Main loop error: No Windows console found. Are you running cmd.exe?
2025-06-28 16:23:14,645 - root - ERROR - Main loop error: No Windows console found. Are you running cmd.exe?
2025-06-28 16:23:14,658 - root - ERROR - Main loop error: No Windows console found. Are you running cmd.exe?
2025-06-28 16:23:14,670 - root - ERROR - Main loop error: No Windows console found. Are you running cmd.exe?
2025-06-28 16:23:14,678 - root - ERROR - Main loop error: No Windows console found. Are you running cmd.exe?
2025-06-28 16:23:14,686 - root - ERROR - Main loop error: No Windows console found. Are you running cmd.exe?
2025-06-28 16:23:14,697 - root - ERROR - Main loop error: No Windows console found. Are you running cmd.exe?
2025-06-28 16:23:14,707 - root - ERROR - Main loop error: No Windows console found. Are you running cmd.exe?
2025-06-28 16:23:14,720 - root - ERROR - Main loop error: No Windows console found. Are you running cmd.exe?
2025-06-28 16:23:14,730 - root - ERROR - Main loop error: No Windows console found. Are you running cmd.exe?
2025-06-28 16:23:14,744 - root - ERROR - Main loop error: No Windows console found. Are you running cmd.exe?
2025-06-28 16:23:14,754 - root - ERROR - Main loop error: No Windows console found. Are you running cmd.exe?
2025-06-28 16:23:14,768 - root - ERROR - Main loop error: No Windows console found. Are you running cmd.exe?
2025-06-28 16:23:14,797 - root - ERROR - Main loop error: No Windows console found. Are you running cmd.exe?
2025-06-28 16:23:14,802 - root - ERROR - Main loop error: No Windows console found. Are you running cmd.exe?
2025-06-28 16:23:14,809 - root - ERROR - Main loop error: No Windows console found. Are you running cmd.exe?
2025-06-28 16:23:14,826 - root - ERROR - Main loop error: No Windows console found. Are you running cmd.exe?
2025-06-28 16:23:14,833 - root - ERROR - Main loop error: No Windows console found. Are you running cmd.exe?
2025-06-28 16:23:14,848 - root - ERROR - Main loop error: No Windows console found. Are you running cmd.exe?
2025-06-28 16:23:14,861 - root - ERROR - Main loop error: No Windows console found. Are you running cmd.exe?
2025-06-28 16:23:14,869 - root - ERROR - Main loop error: No Windows console found. Are you running cmd.exe?
2025-06-28 16:23:14,874 - root - ERROR - Main loop error: No Windows console found. Are you running cmd.exe?
2025-06-28 16:23:14,886 - root - ERROR - Main loop error: No Windows console found. Are you running cmd.exe?
2025-06-28 16:23:14,899 - root - ERROR - Main loop error: No Windows console found. Are you running cmd.exe?
2025-06-28 16:23:14,910 - root - ERROR - Main loop error: No Windows console found. Are you running cmd.exe?
2025-06-28 16:23:14,920 - root - ERROR - Main loop error: No Windows console found. Are you running cmd.exe?
2025-06-28 16:23:14,931 - root - ERROR - Main loop error: No Windows console found. Are you running cmd.exe?
2025-06-28 16:23:14,944 - root - ERROR - Main loop error: No Windows console found. Are you running cmd.exe?
2025-06-28 16:23:14,948 - root - ERROR - Main loop error: No Windows console found. Are you running cmd.exe?
2025-06-28 16:23:14,964 - root - ERROR - Main loop error: No Windows console found. Are you running cmd.exe?
2025-06-28 16:23:14,972 - root - ERROR - Main loop error: No Windows console found. Are you running cmd.exe?
2025-06-28 16:23:14,983 - root - ERROR - Main loop error: No Windows console found. Are you running cmd.exe?
2025-06-28 16:23:14,998 - root - ERROR - Main loop error: No Windows console found. Are you running cmd.exe?
2025-06-28 16:23:15,014 - root - ERROR - Main loop error: No Windows console found. Are you running cmd.exe?
2025-06-28 16:23:15,022 - root - ERROR - Main loop error: No Windows console found. Are you running cmd.exe?
2025-06-28 16:23:15,032 - root - ERROR - Main loop error: No Windows console found. Are you running cmd.exe?
2025-06-28 16:23:15,041 - root - ERROR - Main loop error: No Windows console found. Are you running cmd.exe?
2025-06-28 16:23:15,046 - root - ERROR - Main loop error: No Windows console found. Are you running cmd.exe?
2025-06-28 16:23:15,056 - root - ERROR - Main loop error: No Windows console found. Are you running cmd.exe?
2025-06-28 16:23:15,070 - root - ERROR - Main loop error: No Windows console found. Are you running cmd.exe?
2025-06-28 16:23:15,103 - root - ERROR - Main loop error: No Windows console found. Are you running cmd.exe?
2025-06-28 16:23:15,112 - root - ERROR - Main loop error: No Windows console found. Are you running cmd.exe?
2025-06-28 16:23:15,125 - root - ERROR - Main loop error: No Windows console found. Are you running cmd.exe?
2025-06-28 16:23:15,128 - root - ERROR - Main loop error: No Windows console found. Are you running cmd.exe?
2025-06-28 16:23:15,139 - root - ERROR - Main loop error: No Windows console found. Are you running cmd.exe?
2025-06-28 16:23:15,154 - root - ERROR - Main loop error: No Windows console found. Are you running cmd.exe?
2025-06-28 16:23:15,162 - root - ERROR - Main loop error: No Windows console found. Are you running cmd.exe?
2025-06-28 16:23:15,173 - root - ERROR - Main loop error: No Windows console found. Are you running cmd.exe?
2025-06-28 16:23:15,182 - root - ERROR - Main loop error: No Windows console found. Are you running cmd.exe?
2025-06-28 16:23:15,195 - root - ERROR - Main loop error: No Windows console found. Are you running cmd.exe?
2025-06-28 16:23:15,195 - root - ERROR - Main loop error: No Windows console found. Are you running cmd.exe?
2025-06-28 16:23:15,211 - root - ERROR - Main loop error: No Windows console found. Are you running cmd.exe?
2025-06-28 16:23:15,232 - root - ERROR - Main loop error: No Windows console found. Are you running cmd.exe?
2025-06-28 16:23:15,244 - root - ERROR - Main loop error: No Windows console found. Are you running cmd.exe?
2025-06-28 16:23:15,253 - root - ERROR - Main loop error: No Windows console found. Are you running cmd.exe?
2025-06-28 16:23:15,264 - root - ERROR - Main loop error: No Windows console found. Are you running cmd.exe?
2025-06-28 16:23:15,272 - root - ERROR - Main loop error: No Windows console found. Are you running cmd.exe?
2025-06-28 16:23:15,277 - root - ERROR - Main loop error: No Windows console found. Are you running cmd.exe?
2025-06-28 16:23:15,293 - root - ERROR - Main loop error: No Windows console found. Are you running cmd.exe?
2025-06-28 16:23:15,301 - root - ERROR - Main loop error: No Windows console found. Are you running cmd.exe?
2025-06-28 16:23:15,309 - root - ERROR - Main loop error: No Windows console found. Are you running cmd.exe?
2025-06-28 16:23:15,326 - root - ERROR - Main loop error: No Windows console found. Are you running cmd.exe?
2025-06-28 16:23:15,338 - root - ERROR - Main loop error: No Windows console found. Are you running cmd.exe?
2025-06-28 16:23:15,344 - root - ERROR - Main loop error: No Windows console found. Are you running cmd.exe?
2025-06-28 16:23:15,373 - root - ERROR - Main loop error: No Windows console found. Are you running cmd.exe?
2025-06-28 16:23:15,405 - root - ERROR - Main loop error: No Windows console found. Are you running cmd.exe?
2025-06-28 16:23:15,443 - root - ERROR - Main loop error: No Windows console found. Are you running cmd.exe?
2025-06-28 16:23:15,460 - root - ERROR - Main loop error: No Windows console found. Are you running cmd.exe?
2025-06-28 16:23:15,468 - root - ERROR - Main loop error: No Windows console found. Are you running cmd.exe?
2025-06-28 16:23:15,476 - root - ERROR - Main loop error: No Windows console found. Are you running cmd.exe?
2025-06-28 16:23:15,487 - root - ERROR - Main loop error: No Windows console found. Are you running cmd.exe?
2025-06-28 16:23:15,493 - root - ERROR - Main loop error: No Windows console found. Are you running cmd.exe?
2025-06-28 16:23:15,506 - root - ERROR - Main loop error: No Windows console found. Are you running cmd.exe?
2025-06-28 16:23:15,517 - root - ERROR - Main loop error: No Windows console found. Are you running cmd.exe?
2025-06-28 16:23:15,527 - root - ERROR - Main loop error: No Windows console found. Are you running cmd.exe?
2025-06-28 16:23:15,540 - root - ERROR - Main loop error: No Windows console found. Are you running cmd.exe?
2025-06-28 16:23:15,550 - root - ERROR - Main loop error: No Windows console found. Are you running cmd.exe?
2025-06-28 16:23:15,564 - root - ERROR - Main loop error: No Windows console found. Are you running cmd.exe?
2025-06-28 16:23:15,577 - root - ERROR - Main loop error: No Windows console found. Are you running cmd.exe?
2025-06-28 16:23:15,594 - root - ERROR - Main loop error: No Windows console found. Are you running cmd.exe?
2025-06-28 16:23:15,602 - root - ERROR - Main loop error: No Windows console found. Are you running cmd.exe?
2025-06-28 16:23:15,610 - root - ERROR - Main loop error: No Windows console found. Are you running cmd.exe?
2025-06-28 16:23:15,619 - root - ERROR - Main loop error: No Windows console found. Are you running cmd.exe?
2025-06-28 16:23:15,627 - root - ERROR - Main loop error: No Windows console found. Are you running cmd.exe?
2025-06-28 16:23:15,644 - root - ERROR - Main loop error: No Windows console found. Are you running cmd.exe?
2025-06-28 16:23:15,653 - root - ERROR - Main loop error: No Windows console found. Are you running cmd.exe?
2025-06-28 16:23:15,664 - root - ERROR - Main loop error: No Windows console found. Are you running cmd.exe?
2025-06-28 16:23:15,672 - root - ERROR - Main loop error: No Windows console found. Are you running cmd.exe?
2025-06-28 16:23:15,681 - root - ERROR - Main loop error: No Windows console found. Are you running cmd.exe?
2025-06-28 16:23:15,689 - root - ERROR - Main loop error: No Windows console found. Are you running cmd.exe?
2025-06-28 16:23:15,692 - root - ERROR - Main loop error: No Windows console found. Are you running cmd.exe?
2025-06-28 16:23:15,709 - root - ERROR - Main loop error: No Windows console found. Are you running cmd.exe?
2025-06-28 16:23:15,719 - root - ERROR - Main loop error: No Windows console found. Are you running cmd.exe?
2025-06-28 16:23:15,742 - root - ERROR - Main loop error: No Windows console found. Are you running cmd.exe?
2025-06-28 16:23:15,749 - root - ERROR - Main loop error: No Windows console found. Are you running cmd.exe?
2025-06-28 16:23:15,757 - root - ERROR - Main loop error: No Windows console found. Are you running cmd.exe?
2025-06-28 16:23:15,761 - root - ERROR - Main loop error: No Windows console found. Are you running cmd.exe?
2025-06-28 16:23:15,773 - root - ERROR - Main loop error: No Windows console found. Are you running cmd.exe?
2025-06-28 16:23:15,785 - root - ERROR - Main loop error: No Windows console found. Are you running cmd.exe?
2025-06-28 16:23:15,789 - root - ERROR - Main loop error: No Windows console found. Are you running cmd.exe?
2025-06-28 16:23:15,805 - root - ERROR - Main loop error: No Windows console found. Are you running cmd.exe?
2025-06-28 16:23:15,813 - root - ERROR - Main loop error: No Windows console found. Are you running cmd.exe?
2025-06-28 16:23:15,825 - root - ERROR - Main loop error: No Windows console found. Are you running cmd.exe?
2025-06-28 16:23:15,830 - root - ERROR - Main loop error: No Windows console found. Are you running cmd.exe?
2025-06-28 16:23:15,842 - root - ERROR - Main loop error: No Windows console found. Are you running cmd.exe?
2025-06-28 16:23:15,850 - root - ERROR - Main loop error: No Windows console found. Are you running cmd.exe?
2025-06-28 16:23:15,862 - root - ERROR - Main loop error: No Windows console found. Are you running cmd.exe?
2025-06-28 16:23:15,876 - root - ERROR - Main loop error: No Windows console found. Are you running cmd.exe?
2025-06-28 16:23:15,879 - root - ERROR - Main loop error: No Windows console found. Are you running cmd.exe?
2025-06-28 16:23:15,889 - root - ERROR - Main loop error: No Windows console found. Are you running cmd.exe?
2025-06-28 16:23:15,903 - root - ERROR - Main loop error: No Windows console found. Are you running cmd.exe?
2025-06-28 16:23:15,912 - root - ERROR - Main loop error: No Windows console found. Are you running cmd.exe?
2025-06-28 16:23:15,922 - root - ERROR - Main loop error: No Windows console found. Are you running cmd.exe?
2025-06-28 16:23:15,931 - root - ERROR - Main loop error: No Windows console found. Are you running cmd.exe?
2025-06-28 16:23:15,950 - root - ERROR - Main loop error: No Windows console found. Are you running cmd.exe?
2025-06-28 16:23:15,957 - root - ERROR - Main loop error: No Windows console found. Are you running cmd.exe?
2025-06-28 16:23:15,960 - root - ERROR - Main loop error: No Windows console found. Are you running cmd.exe?
2025-06-28 16:23:15,980 - root - ERROR - Main loop error: No Windows console found. Are you running cmd.exe?
2025-06-28 16:23:15,989 - root - ERROR - Main loop error: No Windows console found. Are you running cmd.exe?
2025-06-28 16:23:16,018 - root - ERROR - Main loop error: No Windows console found. Are you running cmd.exe?
2025-06-28 16:23:16,027 - root - ERROR - Main loop error: No Windows console found. Are you running cmd.exe?
2025-06-28 16:23:16,038 - root - ERROR - Main loop error: No Windows console found. Are you running cmd.exe?
2025-06-28 16:23:16,043 - root - ERROR - Main loop error: No Windows console found. Are you running cmd.exe?
2025-06-28 16:23:16,051 - root - ERROR - Main loop error: No Windows console found. Are you running cmd.exe?
2025-06-28 16:23:16,068 - root - ERROR - Main loop error: No Windows console found. Are you running cmd.exe?
2025-06-28 16:23:16,080 - root - ERROR - Main loop error: No Windows console found. Are you running cmd.exe?
2025-06-28 16:23:16,088 - root - ERROR - Main loop error: No Windows console found. Are you running cmd.exe?
2025-06-28 16:23:16,101 - root - ERROR - Main loop error: No Windows console found. Are you running cmd.exe?
2025-06-28 16:23:16,109 - root - ERROR - Main loop error: No Windows console found. Are you running cmd.exe?
2025-06-28 16:23:16,123 - root - ERROR - Main loop error: No Windows console found. Are you running cmd.exe?
2025-06-28 16:23:16,131 - root - ERROR - Main loop error: No Windows console found. Are you running cmd.exe?
2025-06-28 16:23:16,143 - root - ERROR - Main loop error: No Windows console found. Are you running cmd.exe?
2025-06-28 16:23:16,150 - root - ERROR - Main loop error: No Windows console found. Are you running cmd.exe?
2025-06-28 16:23:16,162 - root - ERROR - Main loop error: No Windows console found. Are you running cmd.exe?
2025-06-28 16:23:16,174 - root - ERROR - Main loop error: No Windows console found. Are you running cmd.exe?
2025-06-28 16:23:16,182 - root - ERROR - Main loop error: No Windows console found. Are you running cmd.exe?
2025-06-28 16:23:16,192 - root - ERROR - Main loop error: No Windows console found. Are you running cmd.exe?
2025-06-28 16:23:16,199 - root - ERROR - Main loop error: No Windows console found. Are you running cmd.exe?
2025-06-28 16:23:16,214 - root - ERROR - Main loop error: No Windows console found. Are you running cmd.exe?
2025-06-28 16:23:16,226 - root - ERROR - Main loop error: No Windows console found. Are you running cmd.exe?
2025-06-28 16:23:16,238 - root - ERROR - Main loop error: No Windows console found. Are you running cmd.exe?
2025-06-28 16:23:16,251 - root - ERROR - Main loop error: No Windows console found. Are you running cmd.exe?
2025-06-28 16:23:16,262 - root - ERROR - Main loop error: No Windows console found. Are you running cmd.exe?
2025-06-28 16:23:16,272 - root - ERROR - Main loop error: No Windows console found. Are you running cmd.exe?
2025-06-28 16:23:16,280 - root - ERROR - Main loop error: No Windows console found. Are you running cmd.exe?
2025-06-28 16:23:16,296 - root - ERROR - Main loop error: No Windows console found. Are you running cmd.exe?
2025-06-28 16:23:16,338 - root - ERROR - Main loop error: No Windows console found. Are you running cmd.exe?
2025-06-28 16:23:16,346 - root - ERROR - Main loop error: No Windows console found. Are you running cmd.exe?
2025-06-28 16:23:16,369 - root - ERROR - Main loop error: No Windows console found. Are you running cmd.exe?
2025-06-28 16:23:16,379 - root - ERROR - Main loop error: No Windows console found. Are you running cmd.exe?
2025-06-28 16:23:16,393 - root - ERROR - Main loop error: No Windows console found. Are you running cmd.exe?
2025-06-28 16:23:16,411 - root - ERROR - Main loop error: No Windows console found. Are you running cmd.exe?
2025-06-28 16:23:16,419 - root - ERROR - Main loop error: No Windows console found. Are you running cmd.exe?
2025-06-28 16:23:16,436 - root - ERROR - Main loop error: No Windows console found. Are you running cmd.exe?
2025-06-28 16:23:16,448 - root - ERROR - Main loop error: No Windows console found. Are you running cmd.exe?
2025-06-28 16:23:16,453 - root - ERROR - Main loop error: No Windows console found. Are you running cmd.exe?
2025-06-28 16:23:16,469 - root - ERROR - Main loop error: No Windows console found. Are you running cmd.exe?
2025-06-28 16:23:16,481 - root - ERROR - Main loop error: No Windows console found. Are you running cmd.exe?
2025-06-28 16:23:16,495 - root - ERROR - Main loop error: No Windows console found. Are you running cmd.exe?
2025-06-28 16:23:16,504 - root - ERROR - Main loop error: No Windows console found. Are you running cmd.exe?
2025-06-28 16:23:16,520 - root - ERROR - Main loop error: No Windows console found. Are you running cmd.exe?
2025-06-28 16:23:16,526 - root - ERROR - Main loop error: No Windows console found. Are you running cmd.exe?
2025-06-28 16:23:16,539 - root - ERROR - Main loop error: No Windows console found. Are you running cmd.exe?
2025-06-28 16:23:16,552 - root - ERROR - Main loop error: No Windows console found. Are you running cmd.exe?
2025-06-28 16:23:16,568 - root - ERROR - Main loop error: No Windows console found. Are you running cmd.exe?
2025-06-28 16:23:16,578 - root - ERROR - Main loop error: No Windows console found. Are you running cmd.exe?
2025-06-28 16:23:16,600 - root - ERROR - Main loop error: No Windows console found. Are you running cmd.exe?
2025-06-28 16:23:16,615 - root - ERROR - Main loop error: No Windows console found. Are you running cmd.exe?
2025-06-28 16:23:16,628 - root - ERROR - Main loop error: No Windows console found. Are you running cmd.exe?
2025-06-28 16:23:16,644 - root - ERROR - Main loop error: No Windows console found. Are you running cmd.exe?
2025-06-28 16:23:16,656 - root - ERROR - Main loop error: No Windows console found. Are you running cmd.exe?
2025-06-28 16:23:16,667 - root - ERROR - Main loop error: No Windows console found. Are you running cmd.exe?
2025-06-28 16:23:16,676 - root - ERROR - Main loop error: No Windows console found. Are you running cmd.exe?
2025-06-28 16:23:16,717 - root - ERROR - Main loop error: No Windows console found. Are you running cmd.exe?
2025-06-28 16:23:16,726 - root - ERROR - Main loop error: No Windows console found. Are you running cmd.exe?
2025-06-28 16:23:16,739 - root - ERROR - Main loop error: No Windows console found. Are you running cmd.exe?
2025-06-28 16:23:16,742 - root - ERROR - Main loop error: No Windows console found. Are you running cmd.exe?
2025-06-28 16:23:16,762 - root - ERROR - Main loop error: No Windows console found. Are you running cmd.exe?
2025-06-28 16:23:16,767 - root - ERROR - Main loop error: No Windows console found. Are you running cmd.exe?
2025-06-28 16:23:16,783 - root - ERROR - Main loop error: No Windows console found. Are you running cmd.exe?
2025-06-28 16:23:16,796 - root - ERROR - Main loop error: No Windows console found. Are you running cmd.exe?
2025-06-28 16:23:16,808 - root - ERROR - Main loop error: No Windows console found. Are you running cmd.exe?
2025-06-28 16:23:16,816 - root - ERROR - Main loop error: No Windows console found. Are you running cmd.exe?
2025-06-28 16:23:16,830 - root - ERROR - Main loop error: No Windows console found. Are you running cmd.exe?
2025-06-28 16:23:16,842 - root - ERROR - Main loop error: No Windows console found. Are you running cmd.exe?
2025-06-28 16:23:16,855 - root - ERROR - Main loop error: No Windows console found. Are you running cmd.exe?
2025-06-28 16:23:16,868 - root - ERROR - Main loop error: No Windows console found. Are you running cmd.exe?
2025-06-28 16:23:16,882 - root - ERROR - Main loop error: No Windows console found. Are you running cmd.exe?
2025-06-28 16:23:16,893 - root - ERROR - Main loop error: No Windows console found. Are you running cmd.exe?
2025-06-28 16:23:16,907 - root - ERROR - Main loop error: No Windows console found. Are you running cmd.exe?
2025-06-28 16:23:16,915 - root - ERROR - Main loop error: No Windows console found. Are you running cmd.exe?
2025-06-28 16:23:16,928 - root - ERROR - Main loop error: No Windows console found. Are you running cmd.exe?
2025-06-28 16:23:16,938 - root - ERROR - Main loop error: No Windows console found. Are you running cmd.exe?
2025-06-28 16:23:16,949 - root - ERROR - Main loop error: No Windows console found. Are you running cmd.exe?
2025-06-28 16:23:16,962 - root - ERROR - Main loop error: No Windows console found. Are you running cmd.exe?
2025-06-28 16:23:16,973 - root - ERROR - Main loop error: No Windows console found. Are you running cmd.exe?
2025-06-28 16:23:16,981 - root - ERROR - Main loop error: No Windows console found. Are you running cmd.exe?
2025-06-28 16:23:16,997 - root - ERROR - Main loop error: No Windows console found. Are you running cmd.exe?
2025-06-28 16:23:17,008 - root - ERROR - Main loop error: No Windows console found. Are you running cmd.exe?
2025-06-28 16:23:17,043 - root - ERROR - Main loop error: No Windows console found. Are you running cmd.exe?
2025-06-28 16:23:17,056 - root - ERROR - Main loop error: No Windows console found. Are you running cmd.exe?
2025-06-28 16:23:17,067 - root - ERROR - Main loop error: No Windows console found. Are you running cmd.exe?
2025-06-28 16:23:17,078 - root - ERROR - Main loop error: No Windows console found. Are you running cmd.exe?
2025-06-28 16:23:17,083 - root - ERROR - Main loop error: No Windows console found. Are you running cmd.exe?
2025-06-28 16:23:17,099 - root - ERROR - Main loop error: No Windows console found. Are you running cmd.exe?
2025-06-28 16:23:17,108 - root - ERROR - Main loop error: No Windows console found. Are you running cmd.exe?
2025-06-28 16:23:17,124 - root - ERROR - Main loop error: No Windows console found. Are you running cmd.exe?
2025-06-28 16:23:17,132 - root - ERROR - Main loop error: No Windows console found. Are you running cmd.exe?
2025-06-28 16:23:17,140 - root - ERROR - Main loop error: No Windows console found. Are you running cmd.exe?
2025-06-28 16:23:17,157 - root - ERROR - Main loop error: No Windows console found. Are you running cmd.exe?
2025-06-28 16:23:17,165 - root - ERROR - Main loop error: No Windows console found. Are you running cmd.exe?
2025-06-28 16:23:17,181 - root - ERROR - Main loop error: No Windows console found. Are you running cmd.exe?
2025-06-28 16:23:17,193 - root - ERROR - Main loop error: No Windows console found. Are you running cmd.exe?
2025-06-28 16:23:17,198 - root - ERROR - Main loop error: No Windows console found. Are you running cmd.exe?
2025-06-28 16:23:17,214 - root - ERROR - Main loop error: No Windows console found. Are you running cmd.exe?
2025-06-28 16:23:17,230 - root - ERROR - Main loop error: No Windows console found. Are you running cmd.exe?
2025-06-28 16:23:17,241 - root - ERROR - Main loop error: No Windows console found. Are you running cmd.exe?
2025-06-28 16:23:17,247 - root - ERROR - Main loop error: No Windows console found. Are you running cmd.exe?
2025-06-28 16:23:17,263 - root - ERROR - Main loop error: No Windows console found. Are you running cmd.exe?
2025-06-28 16:23:17,271 - root - ERROR - Main loop error: No Windows console found. Are you running cmd.exe?
2025-06-28 16:23:17,289 - root - ERROR - Main loop error: No Windows console found. Are you running cmd.exe?
2025-06-28 16:23:17,302 - root - ERROR - Main loop error: No Windows console found. Are you running cmd.exe?
2025-06-28 16:23:17,317 - root - ERROR - Main loop error: No Windows console found. Are you running cmd.exe?
2025-06-28 16:23:17,326 - root - ERROR - Main loop error: No Windows console found. Are you running cmd.exe?
2025-06-28 16:23:17,339 - root - ERROR - Main loop error: No Windows console found. Are you running cmd.exe?
2025-06-28 16:23:17,351 - root - ERROR - Main loop error: No Windows console found. Are you running cmd.exe?
2025-06-28 16:23:17,391 - root - ERROR - Main loop error: No Windows console found. Are you running cmd.exe?
2025-06-28 16:23:17,401 - root - ERROR - Main loop error: No Windows console found. Are you running cmd.exe?
2025-06-28 16:23:17,409 - root - ERROR - Main loop error: No Windows console found. Are you running cmd.exe?
2025-06-28 16:23:17,426 - root - ERROR - Main loop error: No Windows console found. Are you running cmd.exe?
2025-06-28 16:23:17,442 - root - ERROR - Main loop error: No Windows console found. Are you running cmd.exe?
2025-06-28 16:23:17,456 - root - ERROR - Main loop error: No Windows console found. Are you running cmd.exe?
2025-06-28 16:23:17,466 - root - ERROR - Main loop error: No Windows console found. Are you running cmd.exe?
2025-06-28 16:23:17,475 - root - ERROR - Main loop error: No Windows console found. Are you running cmd.exe?
2025-06-28 16:23:17,482 - root - ERROR - Main loop error: No Windows console found. Are you running cmd.exe?
2025-06-28 16:23:17,500 - root - ERROR - Main loop error: No Windows console found. Are you running cmd.exe?
2025-06-28 16:23:17,551 - root - ERROR - Main loop error: No Windows console found. Are you running cmd.exe?
2025-06-28 16:23:17,570 - root - ERROR - Main loop error: No Windows console found. Are you running cmd.exe?
2025-06-28 16:23:17,589 - root - ERROR - Main loop error: No Windows console found. Are you running cmd.exe?
2025-06-28 16:23:17,601 - root - ERROR - Main loop error: No Windows console found. Are you running cmd.exe?
2025-06-28 16:23:17,614 - root - ERROR - Main loop error: No Windows console found. Are you running cmd.exe?
2025-06-28 16:23:17,623 - root - ERROR - Main loop error: No Windows console found. Are you running cmd.exe?
2025-06-28 16:23:17,630 - root - ERROR - Main loop error: No Windows console found. Are you running cmd.exe?
2025-06-28 16:23:17,647 - root - ERROR - Main loop error: No Windows console found. Are you running cmd.exe?
2025-06-28 16:23:17,655 - root - ERROR - Main loop error: No Windows console found. Are you running cmd.exe?
2025-06-28 16:23:17,664 - root - ERROR - Main loop error: No Windows console found. Are you running cmd.exe?
2025-06-28 16:23:17,672 - root - ERROR - Main loop error: No Windows console found. Are you running cmd.exe?
2025-06-28 16:23:17,689 - root - ERROR - Main loop error: No Windows console found. Are you running cmd.exe?
2025-06-28 16:23:17,702 - root - ERROR - Main loop error: No Windows console found. Are you running cmd.exe?
2025-06-28 16:23:17,706 - root - ERROR - Main loop error: No Windows console found. Are you running cmd.exe?
2025-06-28 16:23:17,718 - root - ERROR - Main loop error: No Windows console found. Are you running cmd.exe?
2025-06-28 16:23:17,731 - root - ERROR - Main loop error: No Windows console found. Are you running cmd.exe?
2025-06-28 16:23:17,810 - root - ERROR - Main loop error: No Windows console found. Are you running cmd.exe?
2025-06-28 16:23:17,828 - root - ERROR - Main loop error: No Windows console found. Are you running cmd.exe?
2025-06-28 16:23:17,836 - root - ERROR - Main loop error: No Windows console found. Are you running cmd.exe?
2025-06-28 16:23:17,842 - root - ERROR - Main loop error: No Windows console found. Are you running cmd.exe?
2025-06-28 16:23:17,855 - root - ERROR - Main loop error: No Windows console found. Are you running cmd.exe?
2025-06-28 16:23:17,868 - root - ERROR - Main loop error: No Windows console found. Are you running cmd.exe?
2025-06-28 16:23:17,875 - root - ERROR - Main loop error: No Windows console found. Are you running cmd.exe?
2025-06-28 16:23:17,883 - root - ERROR - Main loop error: No Windows console found. Are you running cmd.exe?
2025-06-28 16:23:17,895 - root - ERROR - Main loop error: No Windows console found. Are you running cmd.exe?
2025-06-28 16:23:17,902 - root - ERROR - Main loop error: No Windows console found. Are you running cmd.exe?
2025-06-28 16:23:17,916 - root - ERROR - Main loop error: No Windows console found. Are you running cmd.exe?
2025-06-28 16:23:17,925 - root - ERROR - Main loop error: No Windows console found. Are you running cmd.exe?
2025-06-28 16:23:17,939 - root - ERROR - Main loop error: No Windows console found. Are you running cmd.exe?
2025-06-28 16:23:17,941 - root - ERROR - Main loop error: No Windows console found. Are you running cmd.exe?
2025-06-28 16:23:17,958 - root - ERROR - Main loop error: No Windows console found. Are you running cmd.exe?
2025-06-28 16:23:17,978 - root - ERROR - Main loop error: No Windows console found. Are you running cmd.exe?
2025-06-28 16:23:17,984 - root - ERROR - Main loop error: No Windows console found. Are you running cmd.exe?
2025-06-28 16:23:17,997 - root - ERROR - Main loop error: No Windows console found. Are you running cmd.exe?
2025-06-28 16:23:18,003 - root - ERROR - Main loop error: No Windows console found. Are you running cmd.exe?
2025-06-28 16:23:18,017 - root - ERROR - Main loop error: No Windows console found. Are you running cmd.exe?
2025-06-28 16:23:18,025 - root - ERROR - Main loop error: No Windows console found. Are you running cmd.exe?
2025-06-28 16:23:18,033 - root - ERROR - Main loop error: No Windows console found. Are you running cmd.exe?
2025-06-28 16:23:18,050 - root - ERROR - Main loop error: No Windows console found. Are you running cmd.exe?
2025-06-28 16:23:18,061 - root - ERROR - Main loop error: No Windows console found. Are you running cmd.exe?
2025-06-28 16:23:18,067 - root - ERROR - Main loop error: No Windows console found. Are you running cmd.exe?
2025-06-28 16:23:18,075 - root - ERROR - Main loop error: No Windows console found. Are you running cmd.exe?
2025-06-28 16:23:18,088 - root - ERROR - Main loop error: No Windows console found. Are you running cmd.exe?
2025-06-28 16:23:18,125 - root - ERROR - Main loop error: No Windows console found. Are you running cmd.exe?
2025-06-28 16:23:18,132 - root - ERROR - Main loop error: No Windows console found. Are you running cmd.exe?
2025-06-28 16:23:18,143 - root - ERROR - Main loop error: No Windows console found. Are you running cmd.exe?
2025-06-28 16:23:18,156 - root - ERROR - Main loop error: No Windows console found. Are you running cmd.exe?
2025-06-28 16:23:18,163 - root - ERROR - Main loop error: No Windows console found. Are you running cmd.exe?
2025-06-28 16:23:18,172 - root - ERROR - Main loop error: No Windows console found. Are you running cmd.exe?
2025-06-28 16:23:18,182 - root - ERROR - Main loop error: No Windows console found. Are you running cmd.exe?
2025-06-28 16:23:18,190 - root - ERROR - Main loop error: No Windows console found. Are you running cmd.exe?
2025-06-28 16:23:18,197 - root - ERROR - Main loop error: No Windows console found. Are you running cmd.exe?
2025-06-28 16:23:18,205 - root - ERROR - Main loop error: No Windows console found. Are you running cmd.exe?
2025-06-28 16:23:18,222 - root - ERROR - Main loop error: No Windows console found. Are you running cmd.exe?
2025-06-28 16:23:18,230 - root - ERROR - Main loop error: No Windows console found. Are you running cmd.exe?
2025-06-28 16:23:18,241 - root - ERROR - Main loop error: No Windows console found. Are you running cmd.exe?
2025-06-28 16:23:18,247 - root - ERROR - Main loop error: No Windows console found. Are you running cmd.exe?
2025-06-28 16:23:18,263 - root - ERROR - Main loop error: No Windows console found. Are you running cmd.exe?
2025-06-28 16:23:18,271 - root - ERROR - Main loop error: No Windows console found. Are you running cmd.exe?
2025-06-28 16:23:18,279 - root - ERROR - Main loop error: No Windows console found. Are you running cmd.exe?
2025-06-28 16:23:18,288 - root - ERROR - Main loop error: No Windows console found. Are you running cmd.exe?
2025-06-28 16:23:18,296 - root - ERROR - Main loop error: No Windows console found. Are you running cmd.exe?
2025-06-28 16:23:18,312 - root - ERROR - Main loop error: No Windows console found. Are you running cmd.exe?
2025-06-28 16:23:18,325 - root - ERROR - Main loop error: No Windows console found. Are you running cmd.exe?
2025-06-28 16:23:18,339 - root - ERROR - Main loop error: No Windows console found. Are you running cmd.exe?
2025-06-28 16:23:18,351 - root - ERROR - Main loop error: No Windows console found. Are you running cmd.exe?
2025-06-28 16:23:18,358 - root - ERROR - Main loop error: No Windows console found. Are you running cmd.exe?
2025-06-28 16:23:18,365 - root - ERROR - Main loop error: No Windows console found. Are you running cmd.exe?
2025-06-28 16:23:18,373 - root - ERROR - Main loop error: No Windows console found. Are you running cmd.exe?
2025-06-28 16:23:18,382 - root - ERROR - Main loop error: No Windows console found. Are you running cmd.exe?
2025-06-28 16:23:18,426 - root - ERROR - Main loop error: No Windows console found. Are you running cmd.exe?
2025-06-28 16:23:18,432 - root - ERROR - Main loop error: No Windows console found. Are you running cmd.exe?
2025-06-28 16:23:18,444 - root - ERROR - Main loop error: No Windows console found. Are you running cmd.exe?
2025-06-28 16:23:18,453 - root - ERROR - Main loop error: No Windows console found. Are you running cmd.exe?
2025-06-28 16:23:18,458 - root - ERROR - Main loop error: No Windows console found. Are you running cmd.exe?
2025-06-28 16:23:18,471 - root - ERROR - Main loop error: No Windows console found. Are you running cmd.exe?
2025-06-28 16:23:18,482 - root - ERROR - Main loop error: No Windows console found. Are you running cmd.exe?
2025-06-28 16:23:18,491 - root - ERROR - Main loop error: No Windows console found. Are you running cmd.exe?
2025-06-28 16:23:18,505 - root - ERROR - Main loop error: No Windows console found. Are you running cmd.exe?
2025-06-28 16:23:18,516 - root - ERROR - Main loop error: No Windows console found. Are you running cmd.exe?
2025-06-28 16:23:18,524 - root - ERROR - Main loop error: No Windows console found. Are you running cmd.exe?
2025-06-28 16:23:18,536 - root - ERROR - Main loop error: No Windows console found. Are you running cmd.exe?
2025-06-28 16:23:18,546 - root - ERROR - Main loop error: No Windows console found. Are you running cmd.exe?
2025-06-28 16:23:18,554 - root - ERROR - Main loop error: No Windows console found. Are you running cmd.exe?
2025-06-28 16:23:18,570 - root - ERROR - Main loop error: No Windows console found. Are you running cmd.exe?
2025-06-28 16:23:18,581 - root - ERROR - Main loop error: No Windows console found. Are you running cmd.exe?
2025-06-28 16:23:18,589 - root - ERROR - Main loop error: No Windows console found. Are you running cmd.exe?
2025-06-28 16:23:18,602 - root - ERROR - Main loop error: No Windows console found. Are you running cmd.exe?
2025-06-28 16:23:18,605 - root - ERROR - Main loop error: No Windows console found. Are you running cmd.exe?
2025-06-28 16:23:18,621 - root - ERROR - Main loop error: No Windows console found. Are you running cmd.exe?
2025-06-28 16:23:18,630 - root - ERROR - Main loop error: No Windows console found. Are you running cmd.exe?
2025-06-28 16:23:18,642 - root - ERROR - Main loop error: No Windows console found. Are you running cmd.exe?
2025-06-28 16:23:18,657 - root - ERROR - Main loop error: No Windows console found. Are you running cmd.exe?
2025-06-28 16:23:18,662 - root - ERROR - Main loop error: No Windows console found. Are you running cmd.exe?
2025-06-28 16:23:18,678 - root - ERROR - Main loop error: No Windows console found. Are you running cmd.exe?
2025-06-28 16:23:18,689 - root - ERROR - Main loop error: No Windows console found. Are you running cmd.exe?
2025-06-28 16:23:18,719 - root - ERROR - Main loop error: No Windows console found. Are you running cmd.exe?
2025-06-28 16:23:18,728 - root - ERROR - Main loop error: No Windows console found. Are you running cmd.exe?
2025-06-28 16:23:18,741 - root - ERROR - Main loop error: No Windows console found. Are you running cmd.exe?
2025-06-28 16:23:18,752 - root - ERROR - Main loop error: No Windows console found. Are you running cmd.exe?
2025-06-28 16:23:18,760 - root - ERROR - Main loop error: No Windows console found. Are you running cmd.exe?
2025-06-28 16:23:18,768 - root - ERROR - Main loop error: No Windows console found. Are you running cmd.exe?
2025-06-28 16:23:18,782 - root - ERROR - Main loop error: No Windows console found. Are you running cmd.exe?
2025-06-28 16:23:18,795 - root - ERROR - Main loop error: No Windows console found. Are you running cmd.exe?
2025-06-28 16:23:18,805 - root - ERROR - Main loop error: No Windows console found. Are you running cmd.exe?
2025-06-28 16:23:18,822 - root - ERROR - Main loop error: No Windows console found. Are you running cmd.exe?
2025-06-28 16:23:18,834 - root - ERROR - Main loop error: No Windows console found. Are you running cmd.exe?
2025-06-28 16:23:18,842 - root - ERROR - Main loop error: No Windows console found. Are you running cmd.exe?
2025-06-28 16:23:18,851 - root - ERROR - Main loop error: No Windows console found. Are you running cmd.exe?
2025-06-28 16:23:18,859 - root - ERROR - Main loop error: No Windows console found. Are you running cmd.exe?
2025-06-28 16:23:18,870 - root - ERROR - Main loop error: No Windows console found. Are you running cmd.exe?
2025-06-28 16:23:18,885 - root - ERROR - Main loop error: No Windows console found. Are you running cmd.exe?
2025-06-28 16:23:18,893 - root - ERROR - Main loop error: No Windows console found. Are you running cmd.exe?
2025-06-28 16:23:18,909 - root - ERROR - Main loop error: No Windows console found. Are you running cmd.exe?
2025-06-28 16:23:18,918 - root - ERROR - Main loop error: No Windows console found. Are you running cmd.exe?
2025-06-28 16:23:18,925 - root - ERROR - Main loop error: No Windows console found. Are you running cmd.exe?
2025-06-28 16:23:18,934 - root - ERROR - Main loop error: No Windows console found. Are you running cmd.exe?
2025-06-28 16:23:18,947 - root - ERROR - Main loop error: No Windows console found. Are you running cmd.exe?
2025-06-28 16:23:18,958 - root - ERROR - Main loop error: No Windows console found. Are you running cmd.exe?
2025-06-28 16:23:18,967 - root - ERROR - Main loop error: No Windows console found. Are you running cmd.exe?
2025-06-28 16:23:18,983 - root - ERROR - Main loop error: No Windows console found. Are you running cmd.exe?
2025-06-28 16:23:18,995 - root - ERROR - Main loop error: No Windows console found. Are you running cmd.exe?
2025-06-28 16:23:19,008 - root - ERROR - Main loop error: No Windows console found. Are you running cmd.exe?
2025-06-28 16:23:19,049 - root - ERROR - Main loop error: No Windows console found. Are you running cmd.exe?
2025-06-28 16:23:19,066 - root - ERROR - Main loop error: No Windows console found. Are you running cmd.exe?
2025-06-28 16:23:19,074 - root - ERROR - Main loop error: No Windows console found. Are you running cmd.exe?
2025-06-28 16:23:19,089 - root - ERROR - Main loop error: No Windows console found. Are you running cmd.exe?
2025-06-28 16:23:19,103 - root - ERROR - Main loop error: No Windows console found. Are you running cmd.exe?
2025-06-28 16:23:19,107 - root - ERROR - Main loop error: No Windows console found. Are you running cmd.exe?
2025-06-28 16:23:19,124 - root - ERROR - Main loop error: No Windows console found. Are you running cmd.exe?
2025-06-28 16:23:19,139 - root - ERROR - Main loop error: No Windows console found. Are you running cmd.exe?
2025-06-28 16:23:19,148 - root - ERROR - Main loop error: No Windows console found. Are you running cmd.exe?
2025-06-28 16:23:19,158 - root - ERROR - Main loop error: No Windows console found. Are you running cmd.exe?
2025-06-28 16:23:19,171 - root - ERROR - Main loop error: No Windows console found. Are you running cmd.exe?
2025-06-28 16:23:19,175 - root - ERROR - Main loop error: No Windows console found. Are you running cmd.exe?
2025-06-28 16:23:19,189 - root - ERROR - Main loop error: No Windows console found. Are you running cmd.exe?
2025-06-28 16:23:19,197 - root - ERROR - Main loop error: No Windows console found. Are you running cmd.exe?
2025-06-28 16:23:19,215 - root - ERROR - Main loop error: No Windows console found. Are you running cmd.exe?
2025-06-28 16:23:19,223 - root - ERROR - Main loop error: No Windows console found. Are you running cmd.exe?
2025-06-28 16:23:19,236 - root - ERROR - Main loop error: No Windows console found. Are you running cmd.exe?
2025-06-28 16:23:19,247 - root - ERROR - Main loop error: No Windows console found. Are you running cmd.exe?
2025-06-28 16:23:19,255 - root - ERROR - Main loop error: No Windows console found. Are you running cmd.exe?
2025-06-28 16:23:19,269 - root - ERROR - Main loop error: No Windows console found. Are you running cmd.exe?
2025-06-28 16:23:19,271 - root - ERROR - Main loop error: No Windows console found. Are you running cmd.exe?
2025-06-28 16:23:19,289 - root - ERROR - Main loop error: No Windows console found. Are you running cmd.exe?
2025-06-28 16:23:19,301 - root - ERROR - Main loop error: No Windows console found. Are you running cmd.exe?
2025-06-28 16:23:19,309 - root - ERROR - Main loop error: No Windows console found. Are you running cmd.exe?
2025-06-28 16:23:19,320 - root - ERROR - Main loop error: No Windows console found. Are you running cmd.exe?
2025-06-28 16:23:19,331 - root - ERROR - Main loop error: No Windows console found. Are you running cmd.exe?
2025-06-28 16:23:19,370 - root - ERROR - Main loop error: No Windows console found. Are you running cmd.exe?
2025-06-28 16:23:19,379 - root - ERROR - Main loop error: No Windows console found. Are you running cmd.exe?
2025-06-28 16:23:19,396 - root - ERROR - Main loop error: No Windows console found. Are you running cmd.exe?
2025-06-28 16:23:19,423 - root - ERROR - Main loop error: No Windows console found. Are you running cmd.exe?
2025-06-28 16:23:19,431 - root - ERROR - Main loop error: No Windows console found. Are you running cmd.exe?
2025-06-28 16:23:19,448 - root - ERROR - Main loop error: No Windows console found. Are you running cmd.exe?
2025-06-28 16:23:19,458 - root - ERROR - Main loop error: No Windows console found. Are you running cmd.exe?
2025-06-28 16:23:19,464 - root - ERROR - Main loop error: No Windows console found. Are you running cmd.exe?
2025-06-28 16:23:19,480 - root - ERROR - Main loop error: No Windows console found. Are you running cmd.exe?
2025-06-28 16:23:19,499 - root - ERROR - Main loop error: No Windows console found. Are you running cmd.exe?
2025-06-28 16:23:19,513 - root - ERROR - Main loop error: No Windows console found. Are you running cmd.exe?
2025-06-28 16:23:19,521 - root - ERROR - Main loop error: No Windows console found. Are you running cmd.exe?
2025-06-28 16:23:19,530 - root - ERROR - Main loop error: No Windows console found. Are you running cmd.exe?
2025-06-28 16:23:19,541 - root - ERROR - Main loop error: No Windows console found. Are you running cmd.exe?
2025-06-28 16:23:19,554 - root - ERROR - Main loop error: No Windows console found. Are you running cmd.exe?
2025-06-28 16:23:19,568 - root - ERROR - Main loop error: No Windows console found. Are you running cmd.exe?
2025-06-28 16:23:19,578 - root - ERROR - Main loop error: No Windows console found. Are you running cmd.exe?
2025-06-28 16:23:19,586 - root - ERROR - Main loop error: No Windows console found. Are you running cmd.exe?
2025-06-28 16:23:19,595 - root - ERROR - Main loop error: No Windows console found. Are you running cmd.exe?
2025-06-28 16:23:19,606 - root - ERROR - Main loop error: No Windows console found. Are you running cmd.exe?
2025-06-28 16:23:19,616 - root - ERROR - Main loop error: No Windows console found. Are you running cmd.exe?
2025-06-28 16:23:19,629 - root - ERROR - Main loop error: No Windows console found. Are you running cmd.exe?
2025-06-28 16:23:19,641 - root - ERROR - Main loop error: No Windows console found. Are you running cmd.exe?
2025-06-28 16:23:19,649 - root - ERROR - Main loop error: No Windows console found. Are you running cmd.exe?
2025-06-28 16:23:19,657 - root - ERROR - Main loop error: No Windows console found. Are you running cmd.exe?
2025-06-28 16:23:19,677 - root - ERROR - Main loop error: No Windows console found. Are you running cmd.exe?
2025-06-28 16:23:19,691 - root - ERROR - Main loop error: No Windows console found. Are you running cmd.exe?
2025-06-28 16:23:19,723 - root - ERROR - Main loop error: No Windows console found. Are you running cmd.exe?
2025-06-28 16:23:19,739 - root - ERROR - Main loop error: No Windows console found. Are you running cmd.exe?
2025-06-28 16:23:19,794 - root - ERROR - Main loop error: No Windows console found. Are you running cmd.exe?
2025-06-28 16:23:19,794 - root - ERROR - Main loop error: No Windows console found. Are you running cmd.exe?
2025-06-28 16:23:19,813 - root - ERROR - Main loop error: No Windows console found. Are you running cmd.exe?
2025-06-28 16:23:19,834 - root - ERROR - Main loop error: No Windows console found. Are you running cmd.exe?
2025-06-28 16:23:19,843 - root - ERROR - Main loop error: No Windows console found. Are you running cmd.exe?
2025-06-28 16:23:19,855 - root - ERROR - Main loop error: No Windows console found. Are you running cmd.exe?
2025-06-28 16:23:19,867 - root - ERROR - Main loop error: No Windows console found. Are you running cmd.exe?
2025-06-28 16:23:19,874 - root - ERROR - Main loop error: No Windows console found. Are you running cmd.exe?
2025-06-28 16:23:19,889 - root - ERROR - Main loop error: No Windows console found. Are you running cmd.exe?
2025-06-28 16:23:19,896 - root - ERROR - Main loop error: No Windows console found. Are you running cmd.exe?
2025-06-28 16:23:19,908 - root - ERROR - Main loop error: No Windows console found. Are you running cmd.exe?
2025-06-28 16:23:19,912 - root - ERROR - Main loop error: No Windows console found. Are you running cmd.exe?
2025-06-28 16:23:19,932 - root - ERROR - Main loop error: No Windows console found. Are you running cmd.exe?
2025-06-28 16:23:19,939 - root - ERROR - Main loop error: No Windows console found. Are you running cmd.exe?
2025-06-28 16:23:19,944 - root - ERROR - Main loop error: No Windows console found. Are you running cmd.exe?
2025-06-28 16:23:19,960 - root - ERROR - Main loop error: No Windows console found. Are you running cmd.exe?
2025-06-28 16:23:19,971 - root - ERROR - Main loop error: No Windows console found. Are you running cmd.exe?
2025-06-28 16:23:19,976 - root - ERROR - Main loop error: No Windows console found. Are you running cmd.exe?
2025-06-28 16:23:19,988 - root - ERROR - Main loop error: No Windows console found. Are you running cmd.exe?
2025-06-28 16:23:20,000 - root - ERROR - Main loop error: No Windows console found. Are you running cmd.exe?
2025-06-28 16:23:20,011 - root - ERROR - Main loop error: No Windows console found. Are you running cmd.exe?
2025-06-28 16:23:20,020 - root - ERROR - Main loop error: No Windows console found. Are you running cmd.exe?
2025-06-28 16:23:20,032 - root - ERROR - Main loop error: No Windows console found. Are you running cmd.exe?
2025-06-28 16:23:20,042 - root - ERROR - Main loop error: No Windows console found. Are you running cmd.exe?
2025-06-28 16:23:20,053 - root - ERROR - Main loop error: No Windows console found. Are you running cmd.exe?
2025-06-28 16:23:20,097 - root - ERROR - Main loop error: No Windows console found. Are you running cmd.exe?
2025-06-28 16:23:20,107 - root - ERROR - Main loop error: No Windows console found. Are you running cmd.exe?
2025-06-28 16:23:20,110 - root - ERROR - Main loop error: No Windows console found. Are you running cmd.exe?
2025-06-28 16:23:20,128 - root - ERROR - Main loop error: No Windows console found. Are you running cmd.exe?
2025-06-28 16:23:20,142 - root - ERROR - Main loop error: No Windows console found. Are you running cmd.exe?
2025-06-28 16:23:20,150 - root - ERROR - Main loop error: No Windows console found. Are you running cmd.exe?
2025-06-28 16:23:20,158 - root - ERROR - Main loop error: No Windows console found. Are you running cmd.exe?
2025-06-28 16:23:20,165 - root - ERROR - Main loop error: No Windows console found. Are you running cmd.exe?
2025-06-28 16:23:20,179 - root - ERROR - Main loop error: No Windows console found. Are you running cmd.exe?
2025-06-28 16:23:20,190 - root - ERROR - Main loop error: No Windows console found. Are you running cmd.exe?
2025-06-28 16:23:20,201 - root - ERROR - Main loop error: No Windows console found. Are you running cmd.exe?
2025-06-28 16:23:20,208 - root - ERROR - Main loop error: No Windows console found. Are you running cmd.exe?
2025-06-28 16:23:20,221 - root - ERROR - Main loop error: No Windows console found. Are you running cmd.exe?
2025-06-28 16:23:20,229 - root - ERROR - Main loop error: No Windows console found. Are you running cmd.exe?
2025-06-28 16:23:20,246 - root - ERROR - Main loop error: No Windows console found. Are you running cmd.exe?
2025-06-28 16:23:20,253 - root - ERROR - Main loop error: No Windows console found. Are you running cmd.exe?
2025-06-28 16:23:20,262 - root - ERROR - Main loop error: No Windows console found. Are you running cmd.exe?
2025-06-28 16:23:20,273 - root - ERROR - Main loop error: No Windows console found. Are you running cmd.exe?
2025-06-28 16:23:20,278 - root - ERROR - Main loop error: No Windows console found. Are you running cmd.exe?
2025-06-28 16:23:20,298 - root - ERROR - Main loop error: No Windows console found. Are you running cmd.exe?
2025-06-28 16:23:20,311 - root - ERROR - Main loop error: No Windows console found. Are you running cmd.exe?
2025-06-28 16:23:20,323 - root - ERROR - Main loop error: No Windows console found. Are you running cmd.exe?
2025-06-28 16:23:20,339 - root - ERROR - Main loop error: No Windows console found. Are you running cmd.exe?
2025-06-28 16:23:20,347 - root - ERROR - Main loop error: No Windows console found. Are you running cmd.exe?
2025-06-28 16:23:20,362 - root - ERROR - Main loop error: No Windows console found. Are you running cmd.exe?
2025-06-28 16:23:20,368 - root - ERROR - Main loop error: No Windows console found. Are you running cmd.exe?
2025-06-28 16:23:20,409 - root - ERROR - Main loop error: No Windows console found. Are you running cmd.exe?
2025-06-28 16:23:20,416 - root - ERROR - Main loop error: No Windows console found. Are you running cmd.exe?
2025-06-28 16:23:20,430 - root - ERROR - Main loop error: No Windows console found. Are you running cmd.exe?
2025-06-28 16:23:20,441 - root - ERROR - Main loop error: No Windows console found. Are you running cmd.exe?
2025-06-28 16:23:20,445 - root - ERROR - Main loop error: No Windows console found. Are you running cmd.exe?
2025-06-28 16:23:20,461 - root - ERROR - Main loop error: No Windows console found. Are you running cmd.exe?
2025-06-28 16:23:20,471 - root - ERROR - Main loop error: No Windows console found. Are you running cmd.exe?
2025-06-28 16:23:20,478 - root - ERROR - Main loop error: No Windows console found. Are you running cmd.exe?
2025-06-28 16:23:20,490 - root - ERROR - Main loop error: No Windows console found. Are you running cmd.exe?
2025-06-28 16:23:20,494 - root - ERROR - Main loop error: No Windows console found. Are you running cmd.exe?
2025-06-28 16:23:20,512 - root - ERROR - Main loop error: No Windows console found. Are you running cmd.exe?
2025-06-28 16:23:20,521 - root - ERROR - Main loop error: No Windows console found. Are you running cmd.exe?
2025-06-28 16:23:20,534 - root - ERROR - Main loop error: No Windows console found. Are you running cmd.exe?
2025-06-28 16:23:20,550 - root - ERROR - Main loop error: No Windows console found. Are you running cmd.exe?
2025-06-28 16:23:20,556 - root - ERROR - Main loop error: No Windows console found. Are you running cmd.exe?
2025-06-28 16:23:20,564 - root - ERROR - Main loop error: No Windows console found. Are you running cmd.exe?
2025-06-28 16:23:20,573 - root - ERROR - Main loop error: No Windows console found. Are you running cmd.exe?
2025-06-28 16:23:20,589 - root - ERROR - Main loop error: No Windows console found. Are you running cmd.exe?
2025-06-28 16:23:20,597 - root - ERROR - Main loop error: No Windows console found. Are you running cmd.exe?
2025-06-28 16:23:20,608 - root - ERROR - Main loop error: No Windows console found. Are you running cmd.exe?
2025-06-28 16:23:20,614 - root - ERROR - Main loop error: No Windows console found. Are you running cmd.exe?
2025-06-28 16:23:20,627 - root - ERROR - Main loop error: No Windows console found. Are you running cmd.exe?
2025-06-28 16:23:20,641 - root - ERROR - Main loop error: No Windows console found. Are you running cmd.exe?
2025-06-28 16:23:20,651 - root - ERROR - Main loop error: No Windows console found. Are you running cmd.exe?
2025-06-28 16:23:20,661 - root - ERROR - Main loop error: No Windows console found. Are you running cmd.exe?
2025-06-28 16:23:20,678 - root - ERROR - Main loop error: No Windows console found. Are you running cmd.exe?
2025-06-28 16:23:20,686 - root - ERROR - Main loop error: No Windows console found. Are you running cmd.exe?
2025-06-28 16:23:20,728 - root - ERROR - Main loop error: No Windows console found. Are you running cmd.exe?
2025-06-28 16:23:20,740 - root - ERROR - Main loop error: No Windows console found. Are you running cmd.exe?
2025-06-28 16:23:20,756 - root - ERROR - Main loop error: No Windows console found. Are you running cmd.exe?
2025-06-28 16:23:20,772 - root - ERROR - Main loop error: No Windows console found. Are you running cmd.exe?
2025-06-28 16:23:20,780 - root - ERROR - Main loop error: No Windows console found. Are you running cmd.exe?
2025-06-28 16:23:20,798 - root - ERROR - Main loop error: No Windows console found. Are you running cmd.exe?
2025-06-28 16:23:20,808 - root - ERROR - Main loop error: No Windows console found. Are you running cmd.exe?
2025-06-28 16:23:20,819 - root - ERROR - Main loop error: No Windows console found. Are you running cmd.exe?
2025-06-28 16:23:20,829 - root - ERROR - Main loop error: No Windows console found. Are you running cmd.exe?
2025-06-28 16:23:20,846 - root - ERROR - Main loop error: No Windows console found. Are you running cmd.exe?
2025-06-28 16:23:20,854 - root - ERROR - Main loop error: No Windows console found. Are you running cmd.exe?
2025-06-28 16:23:20,862 - root - ERROR - Main loop error: No Windows console found. Are you running cmd.exe?
2025-06-28 16:23:20,876 - root - ERROR - Main loop error: No Windows console found. Are you running cmd.exe?
2025-06-28 16:23:20,893 - root - ERROR - Main loop error: No Windows console found. Are you running cmd.exe?
2025-06-28 16:23:20,920 - root - ERROR - Main loop error: No Windows console found. Are you running cmd.exe?
2025-06-28 16:23:20,926 - root - ERROR - Main loop error: No Windows console found. Are you running cmd.exe?
2025-06-28 16:23:20,941 - root - ERROR - Main loop error: No Windows console found. Are you running cmd.exe?
2025-06-28 16:23:20,956 - root - ERROR - Main loop error: No Windows console found. Are you running cmd.exe?
2025-06-28 16:23:20,964 - root - ERROR - Main loop error: No Windows console found. Are you running cmd.exe?
2025-06-28 16:23:20,974 - root - ERROR - Main loop error: No Windows console found. Are you running cmd.exe?
2025-06-28 16:23:20,974 - root - ERROR - Main loop error: No Windows console found. Are you running cmd.exe?
2025-06-28 16:23:20,997 - root - ERROR - Main loop error: No Windows console found. Are you running cmd.exe?
2025-06-28 16:23:21,012 - root - ERROR - Main loop error: No Windows console found. Are you running cmd.exe?
2025-06-28 16:23:21,023 - root - ERROR - Main loop error: No Windows console found. Are you running cmd.exe?
2025-06-28 16:23:21,033 - root - ERROR - Main loop error: No Windows console found. Are you running cmd.exe?
2025-06-28 16:23:21,044 - root - ERROR - Main loop error: No Windows console found. Are you running cmd.exe?
2025-06-28 16:23:21,086 - root - ERROR - Main loop error: No Windows console found. Are you running cmd.exe?
2025-06-28 16:23:21,098 - root - ERROR - Main loop error: No Windows console found. Are you running cmd.exe?
2025-06-28 16:23:21,111 - root - ERROR - Main loop error: No Windows console found. Are you running cmd.exe?
2025-06-28 16:23:21,128 - root - ERROR - Main loop error: No Windows console found. Are you running cmd.exe?
2025-06-28 16:23:21,139 - root - ERROR - Main loop error: No Windows console found. Are you running cmd.exe?
2025-06-28 16:23:21,152 - root - ERROR - Main loop error: No Windows console found. Are you running cmd.exe?
2025-06-28 16:23:21,161 - root - ERROR - Main loop error: No Windows console found. Are you running cmd.exe?
2025-06-28 16:23:21,174 - root - ERROR - Main loop error: No Windows console found. Are you running cmd.exe?
2025-06-28 16:23:21,192 - root - ERROR - Main loop error: No Windows console found. Are you running cmd.exe?
2025-06-28 16:23:21,192 - root - ERROR - Main loop error: No Windows console found. Are you running cmd.exe?
2025-06-28 16:23:21,215 - root - ERROR - Main loop error: No Windows console found. Are you running cmd.exe?
2025-06-28 16:23:21,224 - root - ERROR - Main loop error: No Windows console found. Are you running cmd.exe?
2025-06-28 16:23:21,239 - root - ERROR - Main loop error: No Windows console found. Are you running cmd.exe?
2025-06-28 16:23:21,246 - root - ERROR - Main loop error: No Windows console found. Are you running cmd.exe?
2025-06-28 16:23:21,262 - root - ERROR - Main loop error: No Windows console found. Are you running cmd.exe?
2025-06-28 16:23:21,308 - root - ERROR - Main loop error: No Windows console found. Are you running cmd.exe?
2025-06-28 16:23:21,329 - root - ERROR - Main loop error: No Windows console found. Are you running cmd.exe?
2025-06-28 16:23:21,340 - root - ERROR - Main loop error: No Windows console found. Are you running cmd.exe?
2025-06-28 16:23:21,353 - root - ERROR - Main loop error: No Windows console found. Are you running cmd.exe?
2025-06-28 16:23:21,367 - root - ERROR - Main loop error: No Windows console found. Are you running cmd.exe?
2025-06-28 16:23:21,385 - root - ERROR - Main loop error: No Windows console found. Are you running cmd.exe?
2025-06-28 16:23:21,398 - root - ERROR - Main loop error: No Windows console found. Are you running cmd.exe?
2025-06-28 16:23:21,421 - root - ERROR - Main loop error: No Windows console found. Are you running cmd.exe?
2025-06-28 16:23:21,435 - root - ERROR - Main loop error: No Windows console found. Are you running cmd.exe?
2025-06-28 16:23:21,448 - root - ERROR - Main loop error: No Windows console found. Are you running cmd.exe?
2025-06-28 16:23:21,455 - root - ERROR - Main loop error: No Windows console found. Are you running cmd.exe?
2025-06-28 16:23:21,473 - root - ERROR - Main loop error: No Windows console found. Are you running cmd.exe?
2025-06-28 16:23:21,515 - root - ERROR - Main loop error: No Windows console found. Are you running cmd.exe?
2025-06-28 16:23:21,526 - root - ERROR - Main loop error: No Windows console found. Are you running cmd.exe?
2025-06-28 16:23:21,538 - root - ERROR - Main loop error: No Windows console found. Are you running cmd.exe?
2025-06-28 16:23:21,546 - root - ERROR - Main loop error: No Windows console found. Are you running cmd.exe?
2025-06-28 16:23:21,560 - root - ERROR - Main loop error: No Windows console found. Are you running cmd.exe?
2025-06-28 16:23:21,572 - root - ERROR - Main loop error: No Windows console found. Are you running cmd.exe?
2025-06-28 16:23:21,587 - root - ERROR - Main loop error: No Windows console found. Are you running cmd.exe?
2025-06-28 16:23:21,606 - root - ERROR - Main loop error: No Windows console found. Are you running cmd.exe?
2025-06-28 16:23:21,620 - root - ERROR - Main loop error: No Windows console found. Are you running cmd.exe?
2025-06-28 16:23:21,628 - root - ERROR - Main loop error: No Windows console found. Are you running cmd.exe?
2025-06-28 16:23:21,646 - root - ERROR - Main loop error: No Windows console found. Are you running cmd.exe?
2025-06-28 16:23:21,656 - root - ERROR - Main loop error: No Windows console found. Are you running cmd.exe?
2025-06-28 16:23:21,664 - root - ERROR - Main loop error: No Windows console found. Are you running cmd.exe?
2025-06-28 16:23:21,682 - root - ERROR - Main loop error: No Windows console found. Are you running cmd.exe?
2025-06-28 16:23:21,689 - root - ERROR - Main loop error: No Windows console found. Are you running cmd.exe?
2025-06-28 16:23:21,705 - root - ERROR - Main loop error: No Windows console found. Are you running cmd.exe?
2025-06-28 16:23:21,713 - root - ERROR - Main loop error: No Windows console found. Are you running cmd.exe?
2025-06-28 16:23:21,730 - root - ERROR - Main loop error: No Windows console found. Are you running cmd.exe?
2025-06-28 16:23:21,738 - root - ERROR - Main loop error: No Windows console found. Are you running cmd.exe?
2025-06-28 16:23:21,750 - root - ERROR - Main loop error: No Windows console found. Are you running cmd.exe?
2025-06-28 16:23:21,762 - root - ERROR - Main loop error: No Windows console found. Are you running cmd.exe?
2025-06-28 16:23:21,773 - root - ERROR - Main loop error: No Windows console found. Are you running cmd.exe?
2025-06-28 16:23:21,794 - root - ERROR - Main loop error: No Windows console found. Are you running cmd.exe?
2025-06-28 16:23:21,804 - root - ERROR - Main loop error: No Windows console found. Are you running cmd.exe?
2025-06-28 16:23:21,810 - root - ERROR - Main loop error: No Windows console found. Are you running cmd.exe?
2025-06-28 16:23:21,826 - root - ERROR - Main loop error: No Windows console found. Are you running cmd.exe?
2025-06-28 16:23:21,838 - root - ERROR - Main loop error: No Windows console found. Are you running cmd.exe?
2025-06-28 16:23:21,885 - root - ERROR - Main loop error: No Windows console found. Are you running cmd.exe?
2025-06-28 16:23:21,893 - root - ERROR - Main loop error: No Windows console found. Are you running cmd.exe?
2025-06-28 16:23:21,905 - root - ERROR - Main loop error: No Windows console found. Are you running cmd.exe?
2025-06-28 16:23:21,921 - root - ERROR - Main loop error: No Windows console found. Are you running cmd.exe?
2025-06-28 16:23:21,935 - root - ERROR - Main loop error: No Windows console found. Are you running cmd.exe?
2025-06-28 16:23:21,944 - root - ERROR - Main loop error: No Windows console found. Are you running cmd.exe?
2025-06-28 16:23:21,954 - root - ERROR - Main loop error: No Windows console found. Are you running cmd.exe?
2025-06-28 16:23:21,966 - root - ERROR - Main loop error: No Windows console found. Are you running cmd.exe?
2025-06-28 16:23:21,974 - root - ERROR - Main loop error: No Windows console found. Are you running cmd.exe?
2025-06-28 16:23:21,982 - root - ERROR - Main loop error: No Windows console found. Are you running cmd.exe?
2025-06-28 16:23:22,001 - root - ERROR - Main loop error: No Windows console found. Are you running cmd.exe?
2025-06-28 16:23:22,015 - root - ERROR - Main loop error: No Windows console found. Are you running cmd.exe?
2025-06-28 16:23:22,032 - root - ERROR - Main loop error: No Windows console found. Are you running cmd.exe?
2025-06-28 16:23:22,048 - root - ERROR - Main loop error: No Windows console found. Are you running cmd.exe?
2025-06-28 16:23:22,065 - root - ERROR - Main loop error: No Windows console found. Are you running cmd.exe?
2025-06-28 16:23:22,073 - root - ERROR - Main loop error: No Windows console found. Are you running cmd.exe?
2025-06-28 16:23:22,089 - root - ERROR - Main loop error: No Windows console found. Are you running cmd.exe?
2025-06-28 16:23:22,105 - root - ERROR - Main loop error: No Windows console found. Are you running cmd.exe?
2025-06-28 16:23:22,114 - root - ERROR - Main loop error: No Windows console found. Are you running cmd.exe?
2025-06-28 16:23:22,135 - root - ERROR - Main loop error: No Windows console found. Are you running cmd.exe?
2025-06-28 16:23:22,148 - root - ERROR - Main loop error: No Windows console found. Are you running cmd.exe?
2025-06-28 16:23:22,162 - root - ERROR - Main loop error: No Windows console found. Are you running cmd.exe?
2025-06-28 16:23:22,179 - root - ERROR - Main loop error: No Windows console found. Are you running cmd.exe?
2025-06-28 16:23:22,189 - root - ERROR - Main loop error: No Windows console found. Are you running cmd.exe?
2025-06-28 16:23:22,205 - root - ERROR - Main loop error: No Windows console found. Are you running cmd.exe?
2025-06-28 16:23:22,220 - root - ERROR - Main loop error: No Windows console found. Are you running cmd.exe?
2025-06-28 16:23:22,259 - root - ERROR - Main loop error: No Windows console found. Are you running cmd.exe?
2025-06-28 16:23:22,273 - root - ERROR - Main loop error: No Windows console found. Are you running cmd.exe?
2025-06-28 16:23:22,289 - root - ERROR - Main loop error: No Windows console found. Are you running cmd.exe?
2025-06-28 16:23:22,302 - root - ERROR - Main loop error: No Windows console found. Are you running cmd.exe?
2025-06-28 16:23:22,309 - root - ERROR - Main loop error: No Windows console found. Are you running cmd.exe?
2025-06-28 16:23:22,332 - root - ERROR - Main loop error: No Windows console found. Are you running cmd.exe?
2025-06-28 16:23:22,340 - root - ERROR - Main loop error: No Windows console found. Are you running cmd.exe?
2025-06-28 16:23:22,359 - root - ERROR - Main loop error: No Windows console found. Are you running cmd.exe?
2025-06-28 16:23:22,373 - root - ERROR - Main loop error: No Windows console found. Are you running cmd.exe?
2025-06-28 16:23:22,384 - root - ERROR - Main loop error: No Windows console found. Are you running cmd.exe?
2025-06-28 16:23:22,392 - root - ERROR - Main loop error: No Windows console found. Are you running cmd.exe?
2025-06-28 16:23:22,410 - root - ERROR - Main loop error: No Windows console found. Are you running cmd.exe?
2025-06-28 16:23:22,425 - root - ERROR - Main loop error: No Windows console found. Are you running cmd.exe?
2025-06-28 16:23:22,433 - root - ERROR - Main loop error: No Windows console found. Are you running cmd.exe?
2025-06-28 16:23:22,442 - root - ERROR - Main loop error: No Windows console found. Are you running cmd.exe?
2025-06-28 16:23:22,457 - root - ERROR - Main loop error: No Windows console found. Are you running cmd.exe?
2025-06-28 16:23:22,473 - root - ERROR - Main loop error: No Windows console found. Are you running cmd.exe?
2025-06-28 16:23:22,485 - root - ERROR - Main loop error: No Windows console found. Are you running cmd.exe?
2025-06-28 16:23:22,489 - root - ERROR - Main loop error: No Windows console found. Are you running cmd.exe?
2025-06-28 16:23:22,505 - root - ERROR - Main loop error: No Windows console found. Are you running cmd.exe?
2025-06-28 16:23:22,530 - root - ERROR - Main loop error: No Windows console found. Are you running cmd.exe?
2025-06-28 16:23:22,539 - root - ERROR - Main loop error: No Windows console found. Are you running cmd.exe?
2025-06-28 16:23:22,557 - root - ERROR - Main loop error: No Windows console found. Are you running cmd.exe?
2025-06-28 16:23:22,575 - root - ERROR - Main loop error: No Windows console found. Are you running cmd.exe?
2025-06-28 16:23:22,597 - root - ERROR - Main loop error: No Windows console found. Are you running cmd.exe?
2025-06-28 16:23:22,613 - root - ERROR - Main loop error: No Windows console found. Are you running cmd.exe?
2025-06-28 16:23:22,625 - root - ERROR - Main loop error: No Windows console found. Are you running cmd.exe?
2025-06-28 16:23:22,679 - root - ERROR - Main loop error: No Windows console found. Are you running cmd.exe?
2025-06-28 16:23:22,697 - root - ERROR - Main loop error: No Windows console found. Are you running cmd.exe?
2025-06-28 16:23:22,763 - root - ERROR - Main loop error: No Windows console found. Are you running cmd.exe?
2025-06-28 16:23:22,818 - root - ERROR - Main loop error: No Windows console found. Are you running cmd.exe?
2025-06-28 16:23:22,834 - root - ERROR - Main loop error: No Windows console found. Are you running cmd.exe?
2025-06-28 16:23:22,866 - root - ERROR - Main loop error: No Windows console found. Are you running cmd.exe?
2025-06-28 16:23:22,884 - root - ERROR - Main loop error: No Windows console found. Are you running cmd.exe?
2025-06-28 16:23:22,906 - root - ERROR - Main loop error: No Windows console found. Are you running cmd.exe?
2025-06-28 16:23:22,919 - root - ERROR - Main loop error: No Windows console found. Are you running cmd.exe?
2025-06-28 16:23:22,938 - root - ERROR - Main loop error: No Windows console found. Are you running cmd.exe?
2025-06-28 16:23:22,950 - root - ERROR - Main loop error: No Windows console found. Are you running cmd.exe?
2025-06-28 16:23:22,972 - root - ERROR - Main loop error: No Windows console found. Are you running cmd.exe?
2025-06-28 16:23:22,990 - root - ERROR - Main loop error: No Windows console found. Are you running cmd.exe?
2025-06-28 16:23:23,005 - root - ERROR - Main loop error: No Windows console found. Are you running cmd.exe?
2025-06-28 16:23:23,016 - root - ERROR - Main loop error: No Windows console found. Are you running cmd.exe?
2025-06-28 16:23:23,032 - root - ERROR - Main loop error: No Windows console found. Are you running cmd.exe?
2025-06-28 16:23:23,038 - root - ERROR - Main loop error: No Windows console found. Are you running cmd.exe?
2025-06-28 16:23:23,054 - root - ERROR - Main loop error: No Windows console found. Are you running cmd.exe?
2025-06-28 16:23:23,066 - root - ERROR - Main loop error: No Windows console found. Are you running cmd.exe?
2025-06-28 16:23:23,071 - root - ERROR - Main loop error: No Windows console found. Are you running cmd.exe?
2025-06-28 16:23:23,079 - root - ERROR - Main loop error: No Windows console found. Are you running cmd.exe?
2025-06-28 16:23:23,089 - root - ERROR - Main loop error: No Windows console found. Are you running cmd.exe?
2025-06-28 16:23:23,104 - root - ERROR - Main loop error: No Windows console found. Are you running cmd.exe?
2025-06-28 16:23:23,111 - root - ERROR - Main loop error: No Windows console found. Are you running cmd.exe?
2025-06-28 16:23:23,127 - root - ERROR - Main loop error: No Windows console found. Are you running cmd.exe?
2025-06-28 16:23:23,143 - root - ERROR - Main loop error: No Windows console found. Are you running cmd.exe?
2025-06-28 16:23:23,191 - root - ERROR - Main loop error: No Windows console found. Are you running cmd.exe?
2025-06-28 16:23:23,204 - root - ERROR - Main loop error: No Windows console found. Are you running cmd.exe?
2025-06-28 16:23:23,224 - root - ERROR - Main loop error: No Windows console found. Are you running cmd.exe?
2025-06-28 16:23:23,240 - root - ERROR - Main loop error: No Windows console found. Are you running cmd.exe?
2025-06-28 16:23:23,249 - root - ERROR - Main loop error: No Windows console found. Are you running cmd.exe?
2025-06-28 16:23:23,267 - root - ERROR - Main loop error: No Windows console found. Are you running cmd.exe?
2025-06-28 16:23:23,281 - root - ERROR - Main loop error: No Windows console found. Are you running cmd.exe?
2025-06-28 16:23:23,298 - root - ERROR - Main loop error: No Windows console found. Are you running cmd.exe?
2025-06-28 16:23:23,311 - root - ERROR - Main loop error: No Windows console found. Are you running cmd.exe?
2025-06-28 16:23:23,321 - root - ERROR - Main loop error: No Windows console found. Are you running cmd.exe?
2025-06-28 16:23:23,338 - root - ERROR - Main loop error: No Windows console found. Are you running cmd.exe?
2025-06-28 16:23:23,353 - root - ERROR - Main loop error: No Windows console found. Are you running cmd.exe?
2025-06-28 16:23:23,365 - root - ERROR - Main loop error: No Windows console found. Are you running cmd.exe?
2025-06-28 16:23:23,373 - root - ERROR - Main loop error: No Windows console found. Are you running cmd.exe?
2025-06-28 16:23:23,380 - root - ERROR - Main loop error: No Windows console found. Are you running cmd.exe?
2025-06-28 16:23:23,404 - root - ERROR - Main loop error: No Windows console found. Are you running cmd.exe?
2025-06-28 16:23:23,451 - root - ERROR - Main loop error: No Windows console found. Are you running cmd.exe?
2025-06-28 16:23:23,487 - root - ERROR - Main loop error: No Windows console found. Are you running cmd.exe?
2025-06-28 16:23:23,493 - root - ERROR - Main loop error: No Windows console found. Are you running cmd.exe?
2025-06-28 16:23:23,510 - root - ERROR - Main loop error: No Windows console found. Are you running cmd.exe?
2025-06-28 16:23:23,526 - root - ERROR - Main loop error: No Windows console found. Are you running cmd.exe?
2025-06-28 16:23:23,534 - root - ERROR - Main loop error: No Windows console found. Are you running cmd.exe?
2025-06-28 16:23:23,558 - root - ERROR - Main loop error: No Windows console found. Are you running cmd.exe?
2025-06-28 16:23:23,567 - root - ERROR - Main loop error: No Windows console found. Are you running cmd.exe?
2025-06-28 16:23:23,582 - root - ERROR - Main loop error: No Windows console found. Are you running cmd.exe?
2025-06-28 16:23:23,592 - root - ERROR - Main loop error: No Windows console found. Are you running cmd.exe?
2025-06-28 16:23:23,612 - root - ERROR - Main loop error: No Windows console found. Are you running cmd.exe?
2025-06-28 16:23:23,657 - root - ERROR - Main loop error: No Windows console found. Are you running cmd.exe?
2025-06-28 16:23:23,674 - root - ERROR - Main loop error: No Windows console found. Are you running cmd.exe?
2025-06-28 16:23:23,682 - root - ERROR - Main loop error: No Windows console found. Are you running cmd.exe?
2025-06-28 16:23:23,699 - root - ERROR - Main loop error: No Windows console found. Are you running cmd.exe?
2025-06-28 16:23:23,715 - root - ERROR - Main loop error: No Windows console found. Are you running cmd.exe?
2025-06-28 16:23:23,731 - root - ERROR - Main loop error: No Windows console found. Are you running cmd.exe?
2025-06-28 16:23:23,739 - root - ERROR - Main loop error: No Windows console found. Are you running cmd.exe?
2025-06-28 16:23:23,755 - root - ERROR - Main loop error: No Windows console found. Are you running cmd.exe?
2025-06-28 16:23:23,771 - root - ERROR - Main loop error: No Windows console found. Are you running cmd.exe?
2025-06-28 16:23:23,787 - root - ERROR - Main loop error: No Windows console found. Are you running cmd.exe?
2025-06-28 16:23:23,803 - root - ERROR - Main loop error: No Windows console found. Are you running cmd.exe?
2025-06-28 16:23:23,814 - root - ERROR - Main loop error: No Windows console found. Are you running cmd.exe?
2025-06-28 16:23:23,828 - root - ERROR - Main loop error: No Windows console found. Are you running cmd.exe?
2025-06-28 16:23:23,839 - root - ERROR - Main loop error: No Windows console found. Are you running cmd.exe?
2025-06-28 16:23:23,853 - root - ERROR - Main loop error: No Windows console found. Are you running cmd.exe?
2025-06-28 16:23:23,863 - root - ERROR - Main loop error: No Windows console found. Are you running cmd.exe?
2025-06-28 16:23:23,878 - root - ERROR - Main loop error: No Windows console found. Are you running cmd.exe?
2025-06-28 16:23:23,894 - root - ERROR - Main loop error: No Windows console found. Are you running cmd.exe?
2025-06-28 16:23:23,907 - root - ERROR - Main loop error: No Windows console found. Are you running cmd.exe?
2025-06-28 16:23:23,911 - root - ERROR - Main loop error: No Windows console found. Are you running cmd.exe?
2025-06-28 16:23:23,935 - root - ERROR - Main loop error: No Windows console found. Are you running cmd.exe?
2025-06-28 16:23:23,951 - root - ERROR - Main loop error: No Windows console found. Are you running cmd.exe?
2025-06-28 16:23:23,967 - root - ERROR - Main loop error: No Windows console found. Are you running cmd.exe?
2025-06-28 16:23:23,976 - root - ERROR - Main loop error: No Windows console found. Are you running cmd.exe?
2025-06-28 16:23:23,998 - root - ERROR - Main loop error: No Windows console found. Are you running cmd.exe?
2025-06-28 16:23:24,068 - root - ERROR - Main loop error: No Windows console found. Are you running cmd.exe?
2025-06-28 16:23:24,082 - root - ERROR - Main loop error: No Windows console found. Are you running cmd.exe?
2025-06-28 16:23:24,136 - root - ERROR - Main loop error: No Windows console found. Are you running cmd.exe?
2025-06-28 16:23:24,145 - root - ERROR - Main loop error: No Windows console found. Are you running cmd.exe?
2025-06-28 16:23:24,160 - root - ERROR - Main loop error: No Windows console found. Are you running cmd.exe?
2025-06-28 16:23:24,169 - root - ERROR - Main loop error: No Windows console found. Are you running cmd.exe?
2025-06-28 16:23:24,189 - root - ERROR - Main loop error: No Windows console found. Are you running cmd.exe?
2025-06-28 16:23:24,201 - root - ERROR - Main loop error: No Windows console found. Are you running cmd.exe?
2025-06-28 16:23:24,210 - root - ERROR - Main loop error: No Windows console found. Are you running cmd.exe?
2025-06-28 16:23:24,219 - root - ERROR - Main loop error: No Windows console found. Are you running cmd.exe?
2025-06-28 16:23:24,226 - root - ERROR - Main loop error: No Windows console found. Are you running cmd.exe?
2025-06-28 16:23:24,240 - root - ERROR - Main loop error: No Windows console found. Are you running cmd.exe?
2025-06-28 16:23:24,250 - root - ERROR - Main loop error: No Windows console found. Are you running cmd.exe?
2025-06-28 16:23:24,258 - root - ERROR - Main loop error: No Windows console found. Are you running cmd.exe?
2025-06-28 16:23:24,267 - root - ERROR - Main loop error: No Windows console found. Are you running cmd.exe?
2025-06-28 16:23:24,275 - root - ERROR - Main loop error: No Windows console found. Are you running cmd.exe?
2025-06-28 16:23:24,291 - root - ERROR - Main loop error: No Windows console found. Are you running cmd.exe?
2025-06-28 16:23:24,300 - root - ERROR - Main loop error: No Windows console found. Are you running cmd.exe?
2025-06-28 16:23:24,316 - root - ERROR - Main loop error: No Windows console found. Are you running cmd.exe?
2025-06-28 16:23:24,333 - root - ERROR - Main loop error: No Windows console found. Are you running cmd.exe?
2025-06-28 16:23:24,341 - root - ERROR - Main loop error: No Windows console found. Are you running cmd.exe?
2025-06-28 16:23:24,349 - root - ERROR - Main loop error: No Windows console found. Are you running cmd.exe?
2025-06-28 16:23:24,366 - root - ERROR - Main loop error: No Windows console found. Are you running cmd.exe?
2025-06-28 16:23:24,376 - root - ERROR - Main loop error: No Windows console found. Are you running cmd.exe?
2025-06-28 16:23:24,384 - root - ERROR - Main loop error: No Windows console found. Are you running cmd.exe?
2025-06-28 16:23:24,401 - root - ERROR - Main loop error: No Windows console found. Are you running cmd.exe?
2025-06-28 16:23:24,415 - root - ERROR - Main loop error: No Windows console found. Are you running cmd.exe?
2025-06-28 16:23:24,423 - root - ERROR - Main loop error: No Windows console found. Are you running cmd.exe?
2025-06-28 16:23:24,465 - root - ERROR - Main loop error: No Windows console found. Are you running cmd.exe?
2025-06-28 16:23:24,514 - root - ERROR - Main loop error: No Windows console found. Are you running cmd.exe?
2025-06-28 16:23:24,529 - root - ERROR - Main loop error: No Windows console found. Are you running cmd.exe?
2025-06-28 16:23:24,546 - root - ERROR - Main loop error: No Windows console found. Are you running cmd.exe?
2025-06-28 16:23:24,554 - root - ERROR - Main loop error: No Windows console found. Are you running cmd.exe?
2025-06-28 16:23:24,562 - root - ERROR - Main loop error: No Windows console found. Are you running cmd.exe?
2025-06-28 16:23:24,578 - root - ERROR - Main loop error: No Windows console found. Are you running cmd.exe?
2025-06-28 16:23:24,589 - root - ERROR - Main loop error: No Windows console found. Are you running cmd.exe?
2025-06-28 16:23:24,594 - root - ERROR - Main loop error: No Windows console found. Are you running cmd.exe?
2025-06-28 16:23:24,607 - root - ERROR - Main loop error: No Windows console found. Are you running cmd.exe?
2025-06-28 16:23:24,619 - root - ERROR - Main loop error: No Windows console found. Are you running cmd.exe?
2025-06-28 16:23:24,629 - root - ERROR - Main loop error: No Windows console found. Are you running cmd.exe?
2025-06-28 16:23:24,639 - root - ERROR - Main loop error: No Windows console found. Are you running cmd.exe?
2025-06-28 16:23:24,639 - root - ERROR - Main loop error: No Windows console found. Are you running cmd.exe?
2025-06-28 16:23:24,657 - root - ERROR - Main loop error: No Windows console found. Are you running cmd.exe?
2025-06-28 16:23:24,668 - root - ERROR - Main loop error: No Windows console found. Are you running cmd.exe?
2025-06-28 16:23:24,681 - root - ERROR - Main loop error: No Windows console found. Are you running cmd.exe?
2025-06-28 16:23:24,689 - root - ERROR - Main loop error: No Windows console found. Are you running cmd.exe?
2025-06-28 16:23:24,697 - root - ERROR - Main loop error: No Windows console found. Are you running cmd.exe?
2025-06-28 16:23:24,713 - root - ERROR - Main loop error: No Windows console found. Are you running cmd.exe?
2025-06-28 16:23:24,723 - root - ERROR - Main loop error: No Windows console found. Are you running cmd.exe?
2025-06-28 16:23:24,732 - root - ERROR - Main loop error: No Windows console found. Are you running cmd.exe?
2025-06-28 16:23:24,748 - root - ERROR - Main loop error: No Windows console found. Are you running cmd.exe?
2025-06-28 16:23:24,754 - root - ERROR - Main loop error: No Windows console found. Are you running cmd.exe?
2025-06-28 16:23:24,771 - root - ERROR - Main loop error: No Windows console found. Are you running cmd.exe?
2025-06-28 16:23:24,784 - root - ERROR - Main loop error: No Windows console found. Are you running cmd.exe?
2025-06-28 16:23:24,789 - root - ERROR - Main loop error: No Windows console found. Are you running cmd.exe?
2025-06-28 16:23:24,846 - root - ERROR - Main loop error: No Windows console found. Are you running cmd.exe?
2025-06-28 16:23:24,857 - root - ERROR - Main loop error: No Windows console found. Are you running cmd.exe?
2025-06-28 16:23:24,863 - root - ERROR - Main loop error: No Windows console found. Are you running cmd.exe?
2025-06-28 16:23:24,871 - root - ERROR - Main loop error: No Windows console found. Are you running cmd.exe?
2025-06-28 16:23:24,884 - root - ERROR - Main loop error: No Windows console found. Are you running cmd.exe?
2025-06-28 16:23:24,924 - root - ERROR - Main loop error: No Windows console found. Are you running cmd.exe?
2025-06-28 16:23:24,940 - root - ERROR - Main loop error: No Windows console found. Are you running cmd.exe?
2025-06-28 16:23:24,960 - root - ERROR - Main loop error: No Windows console found. Are you running cmd.exe?
2025-06-28 16:23:24,969 - root - ERROR - Main loop error: No Windows console found. Are you running cmd.exe?
2025-06-28 16:23:24,983 - root - ERROR - Main loop error: No Windows console found. Are you running cmd.exe?
2025-06-28 16:23:24,996 - root - ERROR - Main loop error: No Windows console found. Are you running cmd.exe?
2025-06-28 16:23:25,013 - root - ERROR - Main loop error: No Windows console found. Are you running cmd.exe?
2025-06-28 16:23:25,029 - root - ERROR - Main loop error: No Windows console found. Are you running cmd.exe?
2025-06-28 16:23:25,042 - root - ERROR - Main loop error: No Windows console found. Are you running cmd.exe?
2025-06-28 16:23:25,049 - root - ERROR - Main loop error: No Windows console found. Are you running cmd.exe?
2025-06-28 16:23:25,068 - root - ERROR - Main loop error: No Windows console found. Are you running cmd.exe?
2025-06-28 16:23:25,082 - root - ERROR - Main loop error: No Windows console found. Are you running cmd.exe?
2025-06-28 16:23:25,099 - root - ERROR - Main loop error: No Windows console found. Are you running cmd.exe?
2025-06-28 16:23:25,106 - root - ERROR - Main loop error: No Windows console found. Are you running cmd.exe?
2025-06-28 16:23:25,128 - root - ERROR - Main loop error: No Windows console found. Are you running cmd.exe?
2025-06-28 16:23:25,139 - root - ERROR - Main loop error: No Windows console found. Are you running cmd.exe?
2025-06-28 16:23:25,154 - root - ERROR - Main loop error: No Windows console found. Are you running cmd.exe?
2025-06-28 16:23:25,163 - root - ERROR - Main loop error: No Windows console found. Are you running cmd.exe?
2025-06-28 16:23:25,170 - root - ERROR - Main loop error: No Windows console found. Are you running cmd.exe?
2025-06-28 16:23:25,178 - root - ERROR - Main loop error: No Windows console found. Are you running cmd.exe?
2025-06-28 16:23:25,197 - root - ERROR - Main loop error: No Windows console found. Are you running cmd.exe?
2025-06-28 16:23:25,240 - root - ERROR - Main loop error: No Windows console found. Are you running cmd.exe?
2025-06-28 16:23:25,252 - root - ERROR - Main loop error: No Windows console found. Are you running cmd.exe?
2025-06-28 16:23:25,253 - root - ERROR - Main loop error: No Windows console found. Are you running cmd.exe?
2025-06-28 16:23:25,275 - root - ERROR - Main loop error: No Windows console found. Are you running cmd.exe?
2025-06-28 16:23:25,285 - root - ERROR - Main loop error: No Windows console found. Are you running cmd.exe?
2025-06-28 16:23:25,293 - root - ERROR - Main loop error: No Windows console found. Are you running cmd.exe?
2025-06-28 16:23:25,307 - root - ERROR - Main loop error: No Windows console found. Are you running cmd.exe?
2025-06-28 16:23:25,315 - root - ERROR - Main loop error: No Windows console found. Are you running cmd.exe?
2025-06-28 16:23:25,324 - root - ERROR - Main loop error: No Windows console found. Are you running cmd.exe?
2025-06-28 16:23:25,339 - root - ERROR - Main loop error: No Windows console found. Are you running cmd.exe?
2025-06-28 16:23:25,352 - root - ERROR - Main loop error: No Windows console found. Are you running cmd.exe?
2025-06-28 16:23:25,367 - root - ERROR - Main loop error: No Windows console found. Are you running cmd.exe?
2025-06-28 16:23:25,394 - root - ERROR - Main loop error: No Windows console found. Are you running cmd.exe?
2025-06-28 16:23:25,412 - root - ERROR - Main loop error: No Windows console found. Are you running cmd.exe?
2025-06-28 16:23:25,433 - root - ERROR - Main loop error: No Windows console found. Are you running cmd.exe?
2025-06-28 16:23:25,452 - root - ERROR - Main loop error: No Windows console found. Are you running cmd.exe?
2025-06-28 16:23:25,468 - root - ERROR - Main loop error: No Windows console found. Are you running cmd.exe?
2025-06-28 16:23:25,486 - root - ERROR - Main loop error: No Windows console found. Are you running cmd.exe?
2025-06-28 16:23:25,504 - root - ERROR - Main loop error: No Windows console found. Are you running cmd.exe?
2025-06-28 16:23:25,517 - root - ERROR - Main loop error: No Windows console found. Are you running cmd.exe?
2025-06-28 16:23:25,527 - root - ERROR - Main loop error: No Windows console found. Are you running cmd.exe?
2025-06-28 16:23:25,533 - root - ERROR - Main loop error: No Windows console found. Are you running cmd.exe?
2025-06-28 16:23:25,550 - root - ERROR - Main loop error: No Windows console found. Are you running cmd.exe?
2025-06-28 16:23:25,564 - root - ERROR - Main loop error: No Windows console found. Are you running cmd.exe?
2025-06-28 16:23:25,574 - root - ERROR - Main loop error: No Windows console found. Are you running cmd.exe?
2025-06-28 16:23:25,585 - root - ERROR - Main loop error: No Windows console found. Are you running cmd.exe?
2025-06-28 16:23:25,596 - root - ERROR - Main loop error: No Windows console found. Are you running cmd.exe?
2025-06-28 16:23:25,634 - root - ERROR - Main loop error: No Windows console found. Are you running cmd.exe?
2025-06-28 16:23:25,643 - root - ERROR - Main loop error: No Windows console found. Are you running cmd.exe?
2025-06-28 16:23:25,651 - root - ERROR - Main loop error: No Windows console found. Are you running cmd.exe?
2025-06-28 16:23:25,664 - root - ERROR - Main loop error: No Windows console found. Are you running cmd.exe?
2025-06-28 16:23:25,665 - root - ERROR - Main loop error: No Windows console found. Are you running cmd.exe?
2025-06-28 16:23:25,682 - root - ERROR - Main loop error: No Windows console found. Are you running cmd.exe?
2025-06-28 16:23:25,690 - root - ERROR - Main loop error: No Windows console found. Are you running cmd.exe?
2025-06-28 16:23:25,699 - root - ERROR - Main loop error: No Windows console found. Are you running cmd.exe?
2025-06-28 16:23:25,714 - root - ERROR - Main loop error: No Windows console found. Are you running cmd.exe?
2025-06-28 16:23:25,723 - root - ERROR - Main loop error: No Windows console found. Are you running cmd.exe?
2025-06-28 16:23:25,737 - root - ERROR - Main loop error: No Windows console found. Are you running cmd.exe?
2025-06-28 16:23:25,747 - root - ERROR - Main loop error: No Windows console found. Are you running cmd.exe?
2025-06-28 16:23:25,757 - root - ERROR - Main loop error: No Windows console found. Are you running cmd.exe?
2025-06-28 16:23:25,765 - root - ERROR - Main loop error: No Windows console found. Are you running cmd.exe?
2025-06-28 16:23:25,779 - root - ERROR - Main loop error: No Windows console found. Are you running cmd.exe?
2025-06-28 16:23:25,789 - root - ERROR - Main loop error: No Windows console found. Are you running cmd.exe?
2025-06-28 16:23:25,800 - root - ERROR - Main loop error: No Windows console found. Are you running cmd.exe?
2025-06-28 16:23:25,821 - root - ERROR - Main loop error: No Windows console found. Are you running cmd.exe?
2025-06-28 16:23:25,837 - root - ERROR - Main loop error: No Windows console found. Are you running cmd.exe?
2025-06-28 16:23:25,857 - root - ERROR - Main loop error: No Windows console found. Are you running cmd.exe?
2025-06-28 16:23:25,870 - root - ERROR - Main loop error: No Windows console found. Are you running cmd.exe?
2025-06-28 16:23:25,893 - root - ERROR - Main loop error: No Windows console found. Are you running cmd.exe?
2025-06-28 16:23:25,909 - root - ERROR - Main loop error: No Windows console found. Are you running cmd.exe?
2025-06-28 16:23:25,918 - root - ERROR - Main loop error: No Windows console found. Are you running cmd.exe?
2025-06-28 16:23:25,934 - root - ERROR - Main loop error: No Windows console found. Are you running cmd.exe?
2025-06-28 16:23:25,942 - root - ERROR - Main loop error: No Windows console found. Are you running cmd.exe?
2025-06-28 16:23:25,963 - root - ERROR - Main loop error: No Windows console found. Are you running cmd.exe?
2025-06-28 16:23:26,032 - root - ERROR - Main loop error: No Windows console found. Are you running cmd.exe?
2025-06-28 16:23:26,046 - root - ERROR - Main loop error: No Windows console found. Are you running cmd.exe?
2025-06-28 16:23:26,069 - root - ERROR - Main loop error: No Windows console found. Are you running cmd.exe?
2025-06-28 16:23:26,081 - root - ERROR - Main loop error: No Windows console found. Are you running cmd.exe?
2025-06-28 16:23:26,097 - root - ERROR - Main loop error: No Windows console found. Are you running cmd.exe?
2025-06-28 16:23:31,375 - settings - INFO - Settings loaded successfully
2025-06-28 16:23:31,398 - root - ERROR - Main loop error: No Windows console found. Are you running cmd.exe?
2025-06-28 16:23:31,415 - root - ERROR - Main loop error: No Windows console found. Are you running cmd.exe?
2025-06-28 16:23:31,427 - root - ERROR - Main loop error: No Windows console found. Are you running cmd.exe?
2025-06-28 16:23:31,439 - root - ERROR - Main loop error: No Windows console found. Are you running cmd.exe?
2025-06-28 16:23:31,448 - root - ERROR - Main loop error: No Windows console found. Are you running cmd.exe?
2025-06-28 16:23:31,456 - root - ERROR - Main loop error: No Windows console found. Are you running cmd.exe?
2025-06-28 16:23:31,464 - root - ERROR - Main loop error: No Windows console found. Are you running cmd.exe?
2025-06-28 16:23:31,472 - root - ERROR - Main loop error: No Windows console found. Are you running cmd.exe?
2025-06-28 16:23:31,489 - root - ERROR - Main loop error: No Windows console found. Are you running cmd.exe?
2025-06-28 16:23:31,497 - root - ERROR - Main loop error: No Windows console found. Are you running cmd.exe?
2025-06-28 16:23:31,521 - root - ERROR - Main loop error: No Windows console found. Are you running cmd.exe?
2025-06-28 16:23:31,541 - root - ERROR - Main loop error: No Windows console found. Are you running cmd.exe?
2025-06-28 16:23:31,554 - root - ERROR - Main loop error: No Windows console found. Are you running cmd.exe?
2025-06-28 16:23:31,562 - root - ERROR - Main loop error: No Windows console found. Are you running cmd.exe?
2025-06-28 16:23:31,572 - root - ERROR - Main loop error: No Windows console found. Are you running cmd.exe?
2025-06-28 16:23:31,585 - root - ERROR - Main loop error: No Windows console found. Are you running cmd.exe?
2025-06-28 16:23:31,595 - root - ERROR - Main loop error: No Windows console found. Are you running cmd.exe?
2025-06-28 16:23:31,604 - root - ERROR - Main loop error: No Windows console found. Are you running cmd.exe?
2025-06-28 16:23:31,612 - root - ERROR - Main loop error: No Windows console found. Are you running cmd.exe?
2025-06-28 16:23:31,620 - root - ERROR - Main loop error: No Windows console found. Are you running cmd.exe?
2025-06-28 16:23:31,630 - root - ERROR - Main loop error: No Windows console found. Are you running cmd.exe?
2025-06-28 16:23:31,641 - root - ERROR - Main loop error: No Windows console found. Are you running cmd.exe?
2025-06-28 16:23:31,643 - root - ERROR - Main loop error: No Windows console found. Are you running cmd.exe?
2025-06-28 16:23:31,656 - root - ERROR - Main loop error: No Windows console found. Are you running cmd.exe?
2025-06-28 16:23:31,670 - root - ERROR - Main loop error: No Windows console found. Are you running cmd.exe?
2025-06-28 16:23:31,684 - root - ERROR - Main loop error: No Windows console found. Are you running cmd.exe?
2025-06-28 16:23:31,692 - root - ERROR - Main loop error: No Windows console found. Are you running cmd.exe?
2025-06-28 16:23:31,704 - root - ERROR - Main loop error: No Windows console found. Are you running cmd.exe?
2025-06-28 16:23:31,725 - root - ERROR - Main loop error: No Windows console found. Are you running cmd.exe?
2025-06-28 16:23:31,744 - root - ERROR - Main loop error: No Windows console found. Are you running cmd.exe?
2025-06-28 16:23:31,760 - root - ERROR - Main loop error: No Windows console found. Are you running cmd.exe?
2025-06-28 16:23:31,767 - root - ERROR - Main loop error: No Windows console found. Are you running cmd.exe?
2025-06-28 16:23:31,789 - root - ERROR - Main loop error: No Windows console found. Are you running cmd.exe?
2025-06-28 16:23:31,801 - root - ERROR - Main loop error: No Windows console found. Are you running cmd.exe?
2025-06-28 16:23:31,815 - root - ERROR - Main loop error: No Windows console found. Are you running cmd.exe?
2025-06-28 16:23:31,823 - root - ERROR - Main loop error: No Windows console found. Are you running cmd.exe?
2025-06-28 16:23:31,835 - root - ERROR - Main loop error: No Windows console found. Are you running cmd.exe?
2025-06-28 16:23:31,880 - root - ERROR - Main loop error: No Windows console found. Are you running cmd.exe?
2025-06-28 16:23:31,889 - root - ERROR - Main loop error: No Windows console found. Are you running cmd.exe?
2025-06-28 16:23:31,902 - root - ERROR - Main loop error: No Windows console found. Are you running cmd.exe?
2025-06-28 16:23:31,913 - root - ERROR - Main loop error: No Windows console found. Are you running cmd.exe?
2025-06-28 16:23:31,925 - root - ERROR - Main loop error: No Windows console found. Are you running cmd.exe?
2025-06-28 16:23:31,941 - root - ERROR - Main loop error: No Windows console found. Are you running cmd.exe?
2025-06-28 16:23:31,953 - root - ERROR - Main loop error: No Windows console found. Are you running cmd.exe?
2025-06-28 16:23:31,970 - root - ERROR - Main loop error: No Windows console found. Are you running cmd.exe?
2025-06-28 16:23:31,980 - root - ERROR - Main loop error: No Windows console found. Are you running cmd.exe?
2025-06-28 16:23:31,997 - root - ERROR - Main loop error: No Windows console found. Are you running cmd.exe?
2025-06-28 16:23:32,011 - root - ERROR - Main loop error: No Windows console found. Are you running cmd.exe?
2025-06-28 16:23:32,022 - root - ERROR - Main loop error: No Windows console found. Are you running cmd.exe?
2025-06-28 16:23:32,035 - root - ERROR - Main loop error: No Windows console found. Are you running cmd.exe?
2025-06-28 16:23:32,046 - root - ERROR - Main loop error: No Windows console found. Are you running cmd.exe?
2025-06-28 16:23:32,059 - root - ERROR - Main loop error: No Windows console found. Are you running cmd.exe?
2025-06-28 16:23:32,068 - root - ERROR - Main loop error: No Windows console found. Are you running cmd.exe?
2025-06-28 16:23:32,086 - root - ERROR - Main loop error: No Windows console found. Are you running cmd.exe?
2025-06-28 16:23:32,096 - root - ERROR - Main loop error: No Windows console found. Are you running cmd.exe?
2025-06-28 16:23:32,108 - root - ERROR - Main loop error: No Windows console found. Are you running cmd.exe?
2025-06-28 16:23:32,119 - root - ERROR - Main loop error: No Windows console found. Are you running cmd.exe?
2025-06-28 16:23:32,177 - root - ERROR - Main loop error: No Windows console found. Are you running cmd.exe?
2025-06-28 16:23:32,189 - root - ERROR - Main loop error: No Windows console found. Are you running cmd.exe?
2025-06-28 16:23:32,207 - root - ERROR - Main loop error: No Windows console found. Are you running cmd.exe?
2025-06-28 16:23:32,212 - root - ERROR - Main loop error: No Windows console found. Are you running cmd.exe?
2025-06-28 16:23:32,226 - root - ERROR - Main loop error: No Windows console found. Are you running cmd.exe?
2025-06-28 16:23:32,238 - root - ERROR - Main loop error: No Windows console found. Are you running cmd.exe?
2025-06-28 16:23:32,283 - root - ERROR - Main loop error: No Windows console found. Are you running cmd.exe?
2025-06-28 16:23:32,296 - root - ERROR - Main loop error: No Windows console found. Are you running cmd.exe?
2025-06-28 16:23:32,309 - root - ERROR - Main loop error: No Windows console found. Are you running cmd.exe?
2025-06-28 16:23:32,329 - root - ERROR - Main loop error: No Windows console found. Are you running cmd.exe?
2025-06-28 16:23:32,340 - root - ERROR - Main loop error: No Windows console found. Are you running cmd.exe?
2025-06-28 16:23:32,349 - root - ERROR - Main loop error: No Windows console found. Are you running cmd.exe?
2025-06-28 16:23:32,366 - root - ERROR - Main loop error: No Windows console found. Are you running cmd.exe?
2025-06-28 16:23:32,381 - root - ERROR - Main loop error: No Windows console found. Are you running cmd.exe?
2025-06-28 16:23:32,389 - root - ERROR - Main loop error: No Windows console found. Are you running cmd.exe?
2025-06-28 16:23:32,404 - root - ERROR - Main loop error: No Windows console found. Are you running cmd.exe?
2025-06-28 16:23:32,417 - root - ERROR - Main loop error: No Windows console found. Are you running cmd.exe?
2025-06-28 16:23:32,426 - root - ERROR - Main loop error: No Windows console found. Are you running cmd.exe?
2025-06-28 16:23:32,443 - root - ERROR - Main loop error: No Windows console found. Are you running cmd.exe?
2025-06-28 16:23:32,451 - root - ERROR - Main loop error: No Windows console found. Are you running cmd.exe?
2025-06-28 16:23:32,468 - root - ERROR - Main loop error: No Windows console found. Are you running cmd.exe?
2025-06-28 16:23:32,484 - root - ERROR - Main loop error: No Windows console found. Are you running cmd.exe?
2025-06-28 16:23:32,497 - root - ERROR - Main loop error: No Windows console found. Are you running cmd.exe?
2025-06-28 16:23:32,512 - root - ERROR - Main loop error: No Windows console found. Are you running cmd.exe?
2025-06-28 16:23:32,525 - root - ERROR - Main loop error: No Windows console found. Are you running cmd.exe?
2025-06-28 16:23:32,583 - root - ERROR - Main loop error: No Windows console found. Are you running cmd.exe?
2025-06-28 16:23:32,606 - root - ERROR - Main loop error: No Windows console found. Are you running cmd.exe?
2025-06-28 16:23:32,618 - root - ERROR - Main loop error: No Windows console found. Are you running cmd.exe?
2025-06-28 16:23:32,631 - root - ERROR - Main loop error: No Windows console found. Are you running cmd.exe?
2025-06-28 16:23:32,643 - root - ERROR - Main loop error: No Windows console found. Are you running cmd.exe?
2025-06-28 16:23:32,650 - root - ERROR - Main loop error: No Windows console found. Are you running cmd.exe?
2025-06-28 16:23:32,674 - root - ERROR - Main loop error: No Windows console found. Are you running cmd.exe?
2025-06-28 16:23:32,691 - root - ERROR - Main loop error: No Windows console found. Are you running cmd.exe?
2025-06-28 16:23:32,739 - root - ERROR - Main loop error: No Windows console found. Are you running cmd.exe?
2025-06-28 16:23:32,749 - root - ERROR - Main loop error: No Windows console found. Are you running cmd.exe?
2025-06-28 16:23:32,753 - root - ERROR - Main loop error: No Windows console found. Are you running cmd.exe?
2025-06-28 16:23:32,762 - root - ERROR - Main loop error: No Windows console found. Are you running cmd.exe?
2025-06-28 16:23:32,778 - root - ERROR - Main loop error: No Windows console found. Are you running cmd.exe?
2025-06-28 16:23:32,791 - root - ERROR - Main loop error: No Windows console found. Are you running cmd.exe?
2025-06-28 16:23:32,803 - root - ERROR - Main loop error: No Windows console found. Are you running cmd.exe?
2025-06-28 16:23:32,813 - root - ERROR - Main loop error: No Windows console found. Are you running cmd.exe?
2025-06-28 16:23:32,821 - root - ERROR - Main loop error: No Windows console found. Are you running cmd.exe?
2025-06-28 16:23:32,840 - root - ERROR - Main loop error: No Windows console found. Are you running cmd.exe?
2025-06-28 16:23:32,848 - root - ERROR - Main loop error: No Windows console found. Are you running cmd.exe?
2025-06-28 16:23:32,861 - root - ERROR - Main loop error: No Windows console found. Are you running cmd.exe?
2025-06-28 16:23:32,881 - root - ERROR - Main loop error: No Windows console found. Are you running cmd.exe?
2025-06-28 16:23:32,894 - root - ERROR - Main loop error: No Windows console found. Are you running cmd.exe?
2025-06-28 16:23:32,904 - root - ERROR - Main loop error: No Windows console found. Are you running cmd.exe?
2025-06-28 16:23:32,920 - root - ERROR - Main loop error: No Windows console found. Are you running cmd.exe?
2025-06-28 16:23:32,936 - root - ERROR - Main loop error: No Windows console found. Are you running cmd.exe?
2025-06-28 16:23:32,949 - root - ERROR - Main loop error: No Windows console found. Are you running cmd.exe?
2025-06-28 16:23:32,953 - root - ERROR - Main loop error: No Windows console found. Are you running cmd.exe?
2025-06-28 16:23:32,972 - root - ERROR - Main loop error: No Windows console found. Are you running cmd.exe?
2025-06-28 16:23:32,985 - root - ERROR - Main loop error: No Windows console found. Are you running cmd.exe?
2025-06-28 16:23:33,003 - root - ERROR - Main loop error: No Windows console found. Are you running cmd.exe?
2025-06-28 16:23:33,023 - root - ERROR - Main loop error: No Windows console found. Are you running cmd.exe?
2025-06-28 16:23:33,041 - root - ERROR - Main loop error: No Windows console found. Are you running cmd.exe?
2025-06-28 16:23:33,058 - root - ERROR - Main loop error: No Windows console found. Are you running cmd.exe?
2025-06-28 16:23:33,069 - root - ERROR - Main loop error: No Windows console found. Are you running cmd.exe?
2025-06-28 16:23:33,120 - root - ERROR - Main loop error: No Windows console found. Are you running cmd.exe?
2025-06-28 16:23:33,131 - root - ERROR - Main loop error: No Windows console found. Are you running cmd.exe?
2025-06-28 16:23:33,144 - root - ERROR - Main loop error: No Windows console found. Are you running cmd.exe?
2025-06-28 16:23:33,152 - root - ERROR - Main loop error: No Windows console found. Are you running cmd.exe?
2025-06-28 16:23:33,162 - root - ERROR - Main loop error: No Windows console found. Are you running cmd.exe?
2025-06-28 16:23:33,180 - root - ERROR - Main loop error: No Windows console found. Are you running cmd.exe?
2025-06-28 16:23:33,188 - root - ERROR - Main loop error: No Windows console found. Are you running cmd.exe?
2025-06-28 16:23:33,203 - root - ERROR - Main loop error: No Windows console found. Are you running cmd.exe?
2025-06-28 16:23:33,213 - root - ERROR - Main loop error: No Windows console found. Are you running cmd.exe?
2025-06-28 16:23:33,228 - root - ERROR - Main loop error: No Windows console found. Are you running cmd.exe?
2025-06-28 16:23:33,232 - root - ERROR - Main loop error: No Windows console found. Are you running cmd.exe?
2025-06-28 16:23:33,252 - root - ERROR - Main loop error: No Windows console found. Are you running cmd.exe?
2025-06-28 16:23:33,266 - root - ERROR - Main loop error: No Windows console found. Are you running cmd.exe?
2025-06-28 16:23:33,273 - root - ERROR - Main loop error: No Windows console found. Are you running cmd.exe?
2025-06-28 16:23:33,288 - root - ERROR - Main loop error: No Windows console found. Are you running cmd.exe?
2025-06-28 16:23:33,297 - root - ERROR - Main loop error: No Windows console found. Are you running cmd.exe?
2025-06-28 16:23:33,306 - root - ERROR - Main loop error: No Windows console found. Are you running cmd.exe?
2025-06-28 16:23:33,317 - root - ERROR - Main loop error: No Windows console found. Are you running cmd.exe?
2025-06-28 16:23:33,324 - root - ERROR - Main loop error: No Windows console found. Are you running cmd.exe?
2025-06-28 16:23:33,329 - root - ERROR - Main loop error: No Windows console found. Are you running cmd.exe?
2025-06-28 16:23:33,344 - root - ERROR - Main loop error: No Windows console found. Are you running cmd.exe?
2025-06-28 16:23:33,355 - root - ERROR - Main loop error: No Windows console found. Are you running cmd.exe?
2025-06-28 16:23:33,368 - root - ERROR - Main loop error: No Windows console found. Are you running cmd.exe?
2025-06-28 16:23:33,376 - root - ERROR - Main loop error: No Windows console found. Are you running cmd.exe?
2025-06-28 16:23:33,388 - root - ERROR - Main loop error: No Windows console found. Are you running cmd.exe?
2025-06-28 16:23:33,396 - root - ERROR - Main loop error: No Windows console found. Are you running cmd.exe?
2025-06-28 16:23:33,407 - root - ERROR - Main loop error: No Windows console found. Are you running cmd.exe?
2025-06-28 16:23:33,447 - root - ERROR - Main loop error: No Windows console found. Are you running cmd.exe?
2025-06-28 16:23:33,482 - root - ERROR - Main loop error: No Windows console found. Are you running cmd.exe?
2025-06-28 16:23:33,501 - root - ERROR - Main loop error: No Windows console found. Are you running cmd.exe?
2025-06-28 16:23:33,518 - root - ERROR - Main loop error: No Windows console found. Are you running cmd.exe?
2025-06-28 16:23:33,528 - root - ERROR - Main loop error: No Windows console found. Are you running cmd.exe?
2025-06-28 16:23:33,538 - root - ERROR - Main loop error: No Windows console found. Are you running cmd.exe?
2025-06-28 16:23:33,552 - root - ERROR - Main loop error: No Windows console found. Are you running cmd.exe?
2025-06-28 16:23:33,562 - root - ERROR - Main loop error: No Windows console found. Are you running cmd.exe?
2025-06-28 16:23:33,573 - root - ERROR - Main loop error: No Windows console found. Are you running cmd.exe?
2025-06-28 16:23:33,579 - root - ERROR - Main loop error: No Windows console found. Are you running cmd.exe?
2025-06-28 16:23:33,589 - root - ERROR - Main loop error: No Windows console found. Are you running cmd.exe?
2025-06-28 16:23:33,600 - root - ERROR - Main loop error: No Windows console found. Are you running cmd.exe?
2025-06-28 16:23:33,613 - root - ERROR - Main loop error: No Windows console found. Are you running cmd.exe?
2025-06-28 16:23:33,613 - root - ERROR - Main loop error: No Windows console found. Are you running cmd.exe?
2025-06-28 16:23:33,632 - root - ERROR - Main loop error: No Windows console found. Are you running cmd.exe?
2025-06-28 16:23:33,640 - root - ERROR - Main loop error: No Windows console found. Are you running cmd.exe?
2025-06-28 16:23:33,652 - root - ERROR - Main loop error: No Windows console found. Are you running cmd.exe?
2025-06-28 16:23:33,661 - root - ERROR - Main loop error: No Windows console found. Are you running cmd.exe?
2025-06-28 16:23:33,669 - root - ERROR - Main loop error: No Windows console found. Are you running cmd.exe?
2025-06-28 16:23:33,679 - root - ERROR - Main loop error: No Windows console found. Are you running cmd.exe?
2025-06-28 16:23:33,688 - root - ERROR - Main loop error: No Windows console found. Are you running cmd.exe?
2025-06-28 16:23:33,698 - root - ERROR - Main loop error: No Windows console found. Are you running cmd.exe?
2025-06-28 16:23:33,714 - root - ERROR - Main loop error: No Windows console found. Are you running cmd.exe?
2025-06-28 16:23:33,721 - root - ERROR - Main loop error: No Windows console found. Are you running cmd.exe?
2025-06-28 16:23:33,739 - root - ERROR - Main loop error: No Windows console found. Are you running cmd.exe?
2025-06-28 16:23:33,749 - root - ERROR - Main loop error: No Windows console found. Are you running cmd.exe?
2025-06-28 16:23:33,749 - root - ERROR - Main loop error: No Windows console found. Are you running cmd.exe?
2025-06-28 16:23:33,815 - root - ERROR - Main loop error: No Windows console found. Are you running cmd.exe?
2025-06-28 16:23:33,829 - root - ERROR - Main loop error: No Windows console found. Are you running cmd.exe?
2025-06-28 16:23:33,846 - root - ERROR - Main loop error: No Windows console found. Are you running cmd.exe?
2025-06-28 16:23:33,855 - root - ERROR - Main loop error: No Windows console found. Are you running cmd.exe?
2025-06-28 16:23:33,862 - root - ERROR - Main loop error: No Windows console found. Are you running cmd.exe?
2025-06-28 16:23:33,879 - root - ERROR - Main loop error: No Windows console found. Are you running cmd.exe?
2025-06-28 16:23:33,889 - root - ERROR - Main loop error: No Windows console found. Are you running cmd.exe?
2025-06-28 16:23:33,903 - root - ERROR - Main loop error: No Windows console found. Are you running cmd.exe?
2025-06-28 16:23:33,919 - root - ERROR - Main loop error: No Windows console found. Are you running cmd.exe?
2025-06-28 16:23:33,931 - root - ERROR - Main loop error: No Windows console found. Are you running cmd.exe?
2025-06-28 16:23:33,945 - root - ERROR - Main loop error: No Windows console found. Are you running cmd.exe?
2025-06-28 16:23:33,953 - root - ERROR - Main loop error: No Windows console found. Are you running cmd.exe?
2025-06-28 16:23:33,973 - root - ERROR - Main loop error: No Windows console found. Are you running cmd.exe?
2025-06-28 16:23:33,988 - root - ERROR - Main loop error: No Windows console found. Are you running cmd.exe?
2025-06-28 16:23:34,000 - root - ERROR - Main loop error: No Windows console found. Are you running cmd.exe?
2025-06-28 16:23:34,012 - root - ERROR - Main loop error: No Windows console found. Are you running cmd.exe?
2025-06-28 16:23:34,015 - root - ERROR - Main loop error: No Windows console found. Are you running cmd.exe?
2025-06-28 16:23:34,039 - root - ERROR - Main loop error: No Windows console found. Are you running cmd.exe?
2025-06-28 16:23:34,049 - root - ERROR - Main loop error: No Windows console found. Are you running cmd.exe?
2025-06-28 16:23:34,062 - root - ERROR - Main loop error: No Windows console found. Are you running cmd.exe?
2025-06-28 16:23:34,080 - root - ERROR - Main loop error: No Windows console found. Are you running cmd.exe?
2025-06-28 16:23:34,098 - root - ERROR - Main loop error: No Windows console found. Are you running cmd.exe?
2025-06-28 16:23:34,119 - root - ERROR - Main loop error: No Windows console found. Are you running cmd.exe?
2025-06-28 16:23:34,138 - root - ERROR - Main loop error: No Windows console found. Are you running cmd.exe?
2025-06-28 16:23:34,150 - root - ERROR - Main loop error: No Windows console found. Are you running cmd.exe?
2025-06-28 16:23:34,164 - root - ERROR - Main loop error: No Windows console found. Are you running cmd.exe?
2025-06-28 16:23:34,215 - root - ERROR - Main loop error: No Windows console found. Are you running cmd.exe?
2025-06-28 16:23:34,230 - root - ERROR - Main loop error: No Windows console found. Are you running cmd.exe?
2025-06-28 16:23:34,241 - root - ERROR - Main loop error: No Windows console found. Are you running cmd.exe?
2025-06-28 16:23:34,256 - root - ERROR - Main loop error: No Windows console found. Are you running cmd.exe?
2025-06-28 16:23:34,266 - root - ERROR - Main loop error: No Windows console found. Are you running cmd.exe?
2025-06-28 16:23:34,288 - root - ERROR - Main loop error: No Windows console found. Are you running cmd.exe?
2025-06-28 16:23:34,305 - root - ERROR - Main loop error: No Windows console found. Are you running cmd.exe?
2025-06-28 16:23:34,314 - root - ERROR - Main loop error: No Windows console found. Are you running cmd.exe?
2025-06-28 16:23:34,318 - root - ERROR - Main loop error: No Windows console found. Are you running cmd.exe?
2025-06-28 16:23:34,335 - root - ERROR - Main loop error: No Windows console found. Are you running cmd.exe?
2025-06-28 16:23:34,345 - root - ERROR - Main loop error: No Windows console found. Are you running cmd.exe?
2025-06-28 16:23:34,361 - root - ERROR - Main loop error: No Windows console found. Are you running cmd.exe?
2025-06-28 16:23:34,366 - root - ERROR - Main loop error: No Windows console found. Are you running cmd.exe?
2025-06-28 16:23:34,383 - root - ERROR - Main loop error: No Windows console found. Are you running cmd.exe?
2025-06-28 16:23:34,394 - root - ERROR - Main loop error: No Windows console found. Are you running cmd.exe?
2025-06-28 16:23:34,402 - root - ERROR - Main loop error: No Windows console found. Are you running cmd.exe?
2025-06-28 16:23:34,418 - root - ERROR - Main loop error: No Windows console found. Are you running cmd.exe?
2025-06-28 16:23:34,430 - root - ERROR - Main loop error: No Windows console found. Are you running cmd.exe?
2025-06-28 16:23:34,439 - root - ERROR - Main loop error: No Windows console found. Are you running cmd.exe?
2025-06-28 16:23:34,460 - root - ERROR - Main loop error: No Windows console found. Are you running cmd.exe?
2025-06-28 16:23:34,468 - root - ERROR - Main loop error: No Windows console found. Are you running cmd.exe?
2025-06-28 16:23:34,484 - root - ERROR - Main loop error: No Windows console found. Are you running cmd.exe?
2025-06-28 16:23:34,501 - root - ERROR - Main loop error: No Windows console found. Are you running cmd.exe?
2025-06-28 16:23:34,509 - root - ERROR - Main loop error: No Windows console found. Are you running cmd.exe?
2025-06-28 16:23:34,528 - root - ERROR - Main loop error: No Windows console found. Are you running cmd.exe?
2025-06-28 16:23:34,538 - root - ERROR - Main loop error: No Windows console found. Are you running cmd.exe?
2025-06-28 16:23:34,544 - root - ERROR - Main loop error: No Windows console found. Are you running cmd.exe?
2025-06-28 16:23:34,589 - root - ERROR - Main loop error: No Windows console found. Are you running cmd.exe?
2025-06-28 16:23:34,601 - root - ERROR - Main loop error: No Windows console found. Are you running cmd.exe?
2025-06-28 16:23:34,612 - root - ERROR - Main loop error: No Windows console found. Are you running cmd.exe?
2025-06-28 16:23:34,629 - root - ERROR - Main loop error: No Windows console found. Are you running cmd.exe?
2025-06-28 16:23:34,641 - root - ERROR - Main loop error: No Windows console found. Are you running cmd.exe?
2025-06-28 16:23:34,652 - root - ERROR - Main loop error: No Windows console found. Are you running cmd.exe?
2025-06-28 16:23:34,660 - root - ERROR - Main loop error: No Windows console found. Are you running cmd.exe?
2025-06-28 16:23:34,668 - root - ERROR - Main loop error: No Windows console found. Are you running cmd.exe?
2025-06-28 16:23:34,677 - root - ERROR - Main loop error: No Windows console found. Are you running cmd.exe?
2025-06-28 16:23:34,695 - root - ERROR - Main loop error: No Windows console found. Are you running cmd.exe?
2025-06-28 16:23:34,709 - root - ERROR - Main loop error: No Windows console found. Are you running cmd.exe?
2025-06-28 16:23:34,719 - root - ERROR - Main loop error: No Windows console found. Are you running cmd.exe?
2025-06-28 16:23:34,727 - root - ERROR - Main loop error: No Windows console found. Are you running cmd.exe?
2025-06-28 16:23:34,739 - root - ERROR - Main loop error: No Windows console found. Are you running cmd.exe?
2025-06-28 16:23:34,750 - root - ERROR - Main loop error: No Windows console found. Are you running cmd.exe?
2025-06-28 16:23:34,760 - root - ERROR - Main loop error: No Windows console found. Are you running cmd.exe?
2025-06-28 16:23:34,775 - root - ERROR - Main loop error: No Windows console found. Are you running cmd.exe?
2025-06-28 16:23:34,783 - root - ERROR - Main loop error: No Windows console found. Are you running cmd.exe?
2025-06-28 16:23:34,792 - root - ERROR - Main loop error: No Windows console found. Are you running cmd.exe?
2025-06-28 16:23:34,805 - root - ERROR - Main loop error: No Windows console found. Are you running cmd.exe?
2025-06-28 16:23:34,816 - root - ERROR - Main loop error: No Windows console found. Are you running cmd.exe?
2025-06-28 16:23:34,827 - root - ERROR - Main loop error: No Windows console found. Are you running cmd.exe?
2025-06-28 16:23:34,843 - root - ERROR - Main loop error: No Windows console found. Are you running cmd.exe?
2025-06-28 16:23:34,854 - root - ERROR - Main loop error: No Windows console found. Are you running cmd.exe?
2025-06-28 16:23:34,869 - root - ERROR - Main loop error: No Windows console found. Are you running cmd.exe?
2025-06-28 16:23:34,882 - root - ERROR - Main loop error: No Windows console found. Are you running cmd.exe?
2025-06-28 16:23:34,915 - root - ERROR - Main loop error: No Windows console found. Are you running cmd.exe?
2025-06-28 16:23:34,929 - root - ERROR - Main loop error: No Windows console found. Are you running cmd.exe?
2025-06-28 16:23:34,940 - root - ERROR - Main loop error: No Windows console found. Are you running cmd.exe?
2025-06-28 16:23:34,948 - root - ERROR - Main loop error: No Windows console found. Are you running cmd.exe?
2025-06-28 16:23:34,962 - root - ERROR - Main loop error: No Windows console found. Are you running cmd.exe?
2025-06-28 16:23:34,981 - root - ERROR - Main loop error: No Windows console found. Are you running cmd.exe?
2025-06-28 16:23:34,989 - root - ERROR - Main loop error: No Windows console found. Are you running cmd.exe?
2025-06-28 16:23:34,998 - root - ERROR - Main loop error: No Windows console found. Are you running cmd.exe?
2025-06-28 16:23:35,013 - root - ERROR - Main loop error: No Windows console found. Are you running cmd.exe?
2025-06-28 16:23:35,021 - root - ERROR - Main loop error: No Windows console found. Are you running cmd.exe?
2025-06-28 16:23:35,030 - root - ERROR - Main loop error: No Windows console found. Are you running cmd.exe?
2025-06-28 16:23:35,038 - root - ERROR - Main loop error: No Windows console found. Are you running cmd.exe?
2025-06-28 16:23:35,047 - root - ERROR - Main loop error: No Windows console found. Are you running cmd.exe?
2025-06-28 16:23:35,063 - root - ERROR - Main loop error: No Windows console found. Are you running cmd.exe?
2025-06-28 16:23:35,077 - root - ERROR - Main loop error: No Windows console found. Are you running cmd.exe?
2025-06-28 16:23:35,089 - root - ERROR - Main loop error: No Windows console found. Are you running cmd.exe?
2025-06-28 16:23:35,110 - root - ERROR - Main loop error: No Windows console found. Are you running cmd.exe?
2025-06-28 16:23:35,127 - root - ERROR - Main loop error: No Windows console found. Are you running cmd.exe?
2025-06-28 16:23:35,141 - root - ERROR - Main loop error: No Windows console found. Are you running cmd.exe?
2025-06-28 16:23:35,150 - root - ERROR - Main loop error: No Windows console found. Are you running cmd.exe?
2025-06-28 16:23:35,166 - root - ERROR - Main loop error: No Windows console found. Are you running cmd.exe?
2025-06-28 16:23:35,177 - root - ERROR - Main loop error: No Windows console found. Are you running cmd.exe?
2025-06-28 16:23:35,192 - root - ERROR - Main loop error: No Windows console found. Are you running cmd.exe?
2025-06-28 16:23:35,200 - root - ERROR - Main loop error: No Windows console found. Are you running cmd.exe?
2025-06-28 16:23:35,210 - root - ERROR - Main loop error: No Windows console found. Are you running cmd.exe?
2025-06-28 16:23:35,218 - root - ERROR - Main loop error: No Windows console found. Are you running cmd.exe?
2025-06-28 16:23:35,234 - root - ERROR - Main loop error: No Windows console found. Are you running cmd.exe?
2025-06-28 16:23:35,284 - root - ERROR - Main loop error: No Windows console found. Are you running cmd.exe?
2025-06-28 16:23:35,294 - root - ERROR - Main loop error: No Windows console found. Are you running cmd.exe?
2025-06-28 16:23:35,294 - root - ERROR - Main loop error: No Windows console found. Are you running cmd.exe?
2025-06-28 16:23:35,310 - root - ERROR - Main loop error: No Windows console found. Are you running cmd.exe?
2025-06-28 16:23:35,317 - root - ERROR - Main loop error: No Windows console found. Are you running cmd.exe?
2025-06-28 16:23:35,333 - root - ERROR - Main loop error: No Windows console found. Are you running cmd.exe?
2025-06-28 16:23:35,346 - root - ERROR - Main loop error: No Windows console found. Are you running cmd.exe?
2025-06-28 16:23:35,360 - root - ERROR - Main loop error: No Windows console found. Are you running cmd.exe?
2025-06-28 16:23:35,366 - root - ERROR - Main loop error: No Windows console found. Are you running cmd.exe?
2025-06-28 16:23:35,376 - root - ERROR - Main loop error: No Windows console found. Are you running cmd.exe?
2025-06-28 16:23:35,390 - root - ERROR - Main loop error: No Windows console found. Are you running cmd.exe?
2025-06-28 16:23:35,399 - root - ERROR - Main loop error: No Windows console found. Are you running cmd.exe?
2025-06-28 16:23:35,410 - root - ERROR - Main loop error: No Windows console found. Are you running cmd.exe?
2025-06-28 16:23:35,421 - root - ERROR - Main loop error: No Windows console found. Are you running cmd.exe?
2025-06-28 16:23:35,431 - root - ERROR - Main loop error: No Windows console found. Are you running cmd.exe?
2025-06-28 16:23:35,439 - root - ERROR - Main loop error: No Windows console found. Are you running cmd.exe?
2025-06-28 16:23:35,447 - root - ERROR - Main loop error: No Windows console found. Are you running cmd.exe?
2025-06-28 16:23:35,464 - root - ERROR - Main loop error: No Windows console found. Are you running cmd.exe?
2025-06-28 16:23:35,471 - root - ERROR - Main loop error: No Windows console found. Are you running cmd.exe?
2025-06-28 16:23:35,491 - root - ERROR - Main loop error: No Windows console found. Are you running cmd.exe?
2025-06-28 16:23:35,497 - root - ERROR - Main loop error: No Windows console found. Are you running cmd.exe?
2025-06-28 16:23:35,510 - root - ERROR - Main loop error: No Windows console found. Are you running cmd.exe?
2025-06-28 16:23:35,518 - root - ERROR - Main loop error: No Windows console found. Are you running cmd.exe?
2025-06-28 16:23:35,526 - root - ERROR - Main loop error: No Windows console found. Are you running cmd.exe?
2025-06-28 16:23:35,543 - root - ERROR - Main loop error: No Windows console found. Are you running cmd.exe?
2025-06-28 16:23:35,557 - root - ERROR - Main loop error: No Windows console found. Are you running cmd.exe?
2025-06-28 16:23:35,566 - root - ERROR - Main loop error: No Windows console found. Are you running cmd.exe?
2025-06-28 16:23:35,616 - root - ERROR - Main loop error: No Windows console found. Are you running cmd.exe?
2025-06-28 16:23:35,626 - root - ERROR - Main loop error: No Windows console found. Are you running cmd.exe?
2025-06-28 16:23:35,638 - root - ERROR - Main loop error: No Windows console found. Are you running cmd.exe?
2025-06-28 16:23:35,643 - root - ERROR - Main loop error: No Windows console found. Are you running cmd.exe?
2025-06-28 16:23:35,658 - root - ERROR - Main loop error: No Windows console found. Are you running cmd.exe?
2025-06-28 16:23:35,666 - root - ERROR - Main loop error: No Windows console found. Are you running cmd.exe?
2025-06-28 16:23:35,680 - root - ERROR - Main loop error: No Windows console found. Are you running cmd.exe?
2025-06-28 16:23:35,688 - root - ERROR - Main loop error: No Windows console found. Are you running cmd.exe?
2025-06-28 16:23:35,703 - root - ERROR - Main loop error: No Windows console found. Are you running cmd.exe?
2025-06-28 16:23:35,711 - root - ERROR - Main loop error: No Windows console found. Are you running cmd.exe?
2025-06-28 16:23:35,724 - root - ERROR - Main loop error: No Windows console found. Are you running cmd.exe?
2025-06-28 16:23:35,728 - root - ERROR - Main loop error: No Windows console found. Are you running cmd.exe?
2025-06-28 16:23:35,746 - root - ERROR - Main loop error: No Windows console found. Are you running cmd.exe?
2025-06-28 16:23:35,761 - root - ERROR - Main loop error: No Windows console found. Are you running cmd.exe?
2025-06-28 16:23:35,769 - root - ERROR - Main loop error: No Windows console found. Are you running cmd.exe?
2025-06-28 16:23:35,779 - root - ERROR - Main loop error: No Windows console found. Are you running cmd.exe?
2025-06-28 16:23:35,793 - root - ERROR - Main loop error: No Windows console found. Are you running cmd.exe?
2025-06-28 16:23:35,801 - root - ERROR - Main loop error: No Windows console found. Are you running cmd.exe?
2025-06-28 16:23:35,809 - root - ERROR - Main loop error: No Windows console found. Are you running cmd.exe?
2025-06-28 16:23:35,823 - root - ERROR - Main loop error: No Windows console found. Are you running cmd.exe?
2025-06-28 16:23:35,833 - root - ERROR - Main loop error: No Windows console found. Are you running cmd.exe?
2025-06-28 16:23:35,847 - root - ERROR - Main loop error: No Windows console found. Are you running cmd.exe?
2025-06-28 16:23:35,851 - root - ERROR - Main loop error: No Windows console found. Are you running cmd.exe?
2025-06-28 16:23:35,868 - root - ERROR - Main loop error: No Windows console found. Are you running cmd.exe?
2025-06-28 16:23:35,876 - root - ERROR - Main loop error: No Windows console found. Are you running cmd.exe?
2025-06-28 16:23:35,889 - root - ERROR - Main loop error: No Windows console found. Are you running cmd.exe?
2025-06-28 16:23:35,930 - root - ERROR - Main loop error: No Windows console found. Are you running cmd.exe?
2025-06-28 16:23:35,939 - root - ERROR - Main loop error: No Windows console found. Are you running cmd.exe?
2025-06-28 16:23:35,955 - root - ERROR - Main loop error: No Windows console found. Are you running cmd.exe?
2025-06-28 16:23:35,970 - root - ERROR - Main loop error: No Windows console found. Are you running cmd.exe?
2025-06-28 16:23:35,976 - root - ERROR - Main loop error: No Windows console found. Are you running cmd.exe?
2025-06-28 16:23:35,993 - root - ERROR - Main loop error: No Windows console found. Are you running cmd.exe?
2025-06-28 16:23:35,995 - root - ERROR - Main loop error: No Windows console found. Are you running cmd.exe?
2025-06-28 16:23:36,012 - root - ERROR - Main loop error: No Windows console found. Are you running cmd.exe?
2025-06-28 16:23:36,025 - root - ERROR - Main loop error: No Windows console found. Are you running cmd.exe?
2025-06-28 16:23:36,038 - root - ERROR - Main loop error: No Windows console found. Are you running cmd.exe?
2025-06-28 16:23:36,049 - root - ERROR - Main loop error: No Windows console found. Are you running cmd.exe?
2025-06-28 16:23:36,061 - root - ERROR - Main loop error: No Windows console found. Are you running cmd.exe?
2025-06-28 16:23:36,073 - root - ERROR - Main loop error: No Windows console found. Are you running cmd.exe?
2025-06-28 16:23:36,076 - root - ERROR - Main loop error: No Windows console found. Are you running cmd.exe?
2025-06-28 16:23:36,092 - root - ERROR - Main loop error: No Windows console found. Are you running cmd.exe?
2025-06-28 16:23:36,101 - root - ERROR - Main loop error: No Windows console found. Are you running cmd.exe?
2025-06-28 16:23:36,112 - root - ERROR - Main loop error: No Windows console found. Are you running cmd.exe?
2025-06-28 16:23:36,129 - root - ERROR - Main loop error: No Windows console found. Are you running cmd.exe?
2025-06-28 16:23:36,144 - root - ERROR - Main loop error: No Windows console found. Are you running cmd.exe?
2025-06-28 16:23:36,159 - root - ERROR - Main loop error: No Windows console found. Are you running cmd.exe?
2025-06-28 16:23:36,178 - root - ERROR - Main loop error: No Windows console found. Are you running cmd.exe?
2025-06-28 16:23:36,191 - root - ERROR - Main loop error: No Windows console found. Are you running cmd.exe?
2025-06-28 16:23:36,199 - root - ERROR - Main loop error: No Windows console found. Are you running cmd.exe?
2025-06-28 16:23:36,210 - root - ERROR - Main loop error: No Windows console found. Are you running cmd.exe?
2025-06-28 16:23:36,224 - root - ERROR - Main loop error: No Windows console found. Are you running cmd.exe?
2025-06-28 16:23:36,236 - root - ERROR - Main loop error: No Windows console found. Are you running cmd.exe?
2025-06-28 16:23:36,243 - root - ERROR - Main loop error: No Windows console found. Are you running cmd.exe?
2025-06-28 16:23:36,283 - root - ERROR - Main loop error: No Windows console found. Are you running cmd.exe?
2025-06-28 16:23:36,289 - root - ERROR - Main loop error: No Windows console found. Are you running cmd.exe?
2025-06-28 16:23:36,305 - root - ERROR - Main loop error: No Windows console found. Are you running cmd.exe?
2025-06-28 16:23:36,315 - root - ERROR - Main loop error: No Windows console found. Are you running cmd.exe?
2025-06-28 16:23:36,325 - root - ERROR - Main loop error: No Windows console found. Are you running cmd.exe?
2025-06-28 16:23:36,348 - root - ERROR - Main loop error: No Windows console found. Are you running cmd.exe?
2025-06-28 16:23:36,355 - root - ERROR - Main loop error: No Windows console found. Are you running cmd.exe?
2025-06-28 16:23:36,369 - root - ERROR - Main loop error: No Windows console found. Are you running cmd.exe?
2025-06-28 16:23:36,379 - root - ERROR - Main loop error: No Windows console found. Are you running cmd.exe?
2025-06-28 16:23:36,389 - root - ERROR - Main loop error: No Windows console found. Are you running cmd.exe?
2025-06-28 16:23:36,396 - root - ERROR - Main loop error: No Windows console found. Are you running cmd.exe?
2025-06-28 16:23:36,406 - root - ERROR - Main loop error: No Windows console found. Are you running cmd.exe?
2025-06-28 16:23:36,420 - root - ERROR - Main loop error: No Windows console found. Are you running cmd.exe?
2025-06-28 16:23:36,429 - root - ERROR - Main loop error: No Windows console found. Are you running cmd.exe?
2025-06-28 16:23:36,439 - root - ERROR - Main loop error: No Windows console found. Are you running cmd.exe?
2025-06-28 16:23:36,445 - root - ERROR - Main loop error: No Windows console found. Are you running cmd.exe?
2025-06-28 16:23:36,458 - root - ERROR - Main loop error: No Windows console found. Are you running cmd.exe?
2025-06-28 16:23:36,475 - root - ERROR - Main loop error: No Windows console found. Are you running cmd.exe?
2025-06-28 16:23:36,488 - root - ERROR - Main loop error: No Windows console found. Are you running cmd.exe?
2025-06-28 16:23:36,495 - root - ERROR - Main loop error: No Windows console found. Are you running cmd.exe?
2025-06-28 16:23:36,509 - root - ERROR - Main loop error: No Windows console found. Are you running cmd.exe?
2025-06-28 16:23:36,522 - root - ERROR - Main loop error: No Windows console found. Are you running cmd.exe?
2025-06-28 16:23:36,529 - root - ERROR - Main loop error: No Windows console found. Are you running cmd.exe?
2025-06-28 16:23:36,539 - root - ERROR - Main loop error: No Windows console found. Are you running cmd.exe?
2025-06-28 16:23:36,551 - root - ERROR - Main loop error: No Windows console found. Are you running cmd.exe?
2025-06-28 16:23:36,561 - root - ERROR - Main loop error: No Windows console found. Are you running cmd.exe?
2025-06-28 16:23:36,594 - root - ERROR - Main loop error: No Windows console found. Are you running cmd.exe?
2025-06-28 16:23:36,609 - root - ERROR - Main loop error: No Windows console found. Are you running cmd.exe?
2025-06-28 16:23:36,621 - root - ERROR - Main loop error: No Windows console found. Are you running cmd.exe?
2025-06-28 16:23:36,639 - root - ERROR - Main loop error: No Windows console found. Are you running cmd.exe?
2025-06-28 16:23:36,653 - root - ERROR - Main loop error: No Windows console found. Are you running cmd.exe?
2025-06-28 16:23:36,669 - root - ERROR - Main loop error: No Windows console found. Are you running cmd.exe?
2025-06-28 16:23:36,681 - root - ERROR - Main loop error: No Windows console found. Are you running cmd.exe?
2025-06-28 16:23:36,692 - root - ERROR - Main loop error: No Windows console found. Are you running cmd.exe?
2025-06-28 16:23:36,704 - root - ERROR - Main loop error: No Windows console found. Are you running cmd.exe?
2025-06-28 16:23:36,715 - root - ERROR - Main loop error: No Windows console found. Are you running cmd.exe?
2025-06-28 16:23:36,736 - root - ERROR - Main loop error: No Windows console found. Are you running cmd.exe?
2025-06-28 16:23:36,753 - root - ERROR - Main loop error: No Windows console found. Are you running cmd.exe?
2025-06-28 16:23:36,765 - root - ERROR - Main loop error: No Windows console found. Are you running cmd.exe?
2025-06-28 16:23:36,777 - root - ERROR - Main loop error: No Windows console found. Are you running cmd.exe?
2025-06-28 16:23:36,787 - root - ERROR - Main loop error: No Windows console found. Are you running cmd.exe?
2025-06-28 16:23:36,800 - root - ERROR - Main loop error: No Windows console found. Are you running cmd.exe?
2025-06-28 16:23:36,814 - root - ERROR - Main loop error: No Windows console found. Are you running cmd.exe?
2025-06-28 16:23:36,830 - root - ERROR - Main loop error: No Windows console found. Are you running cmd.exe?
2025-06-28 16:23:36,842 - root - ERROR - Main loop error: No Windows console found. Are you running cmd.exe?
2025-06-28 16:23:36,855 - root - ERROR - Main loop error: No Windows console found. Are you running cmd.exe?
2025-06-28 16:23:36,873 - root - ERROR - Main loop error: No Windows console found. Are you running cmd.exe?
2025-06-28 16:23:36,879 - root - ERROR - Main loop error: No Windows console found. Are you running cmd.exe?
2025-06-28 16:23:36,896 - root - ERROR - Main loop error: No Windows console found. Are you running cmd.exe?
2025-06-28 16:23:36,912 - root - ERROR - Main loop error: No Windows console found. Are you running cmd.exe?
2025-06-28 16:23:36,950 - root - ERROR - Main loop error: No Windows console found. Are you running cmd.exe?
2025-06-28 16:23:36,970 - root - ERROR - Main loop error: No Windows console found. Are you running cmd.exe?
2025-06-28 16:23:36,985 - root - ERROR - Main loop error: No Windows console found. Are you running cmd.exe?
2025-06-28 16:23:37,039 - root - ERROR - Main loop error: No Windows console found. Are you running cmd.exe?
2025-06-28 16:23:37,046 - root - ERROR - Main loop error: No Windows console found. Are you running cmd.exe?
2025-06-28 16:23:37,058 - root - ERROR - Main loop error: No Windows console found. Are you running cmd.exe?
2025-06-28 16:23:37,069 - root - ERROR - Main loop error: No Windows console found. Are you running cmd.exe?
2025-06-28 16:23:37,081 - root - ERROR - Main loop error: No Windows console found. Are you running cmd.exe?
2025-06-28 16:23:37,097 - root - ERROR - Main loop error: No Windows console found. Are you running cmd.exe?
2025-06-28 16:23:37,100 - root - ERROR - Main loop error: No Windows console found. Are you running cmd.exe?
2025-06-28 16:23:37,120 - root - ERROR - Main loop error: No Windows console found. Are you running cmd.exe?
2025-06-28 16:23:37,125 - root - ERROR - Main loop error: No Windows console found. Are you running cmd.exe?
2025-06-28 16:23:37,141 - root - ERROR - Main loop error: No Windows console found. Are you running cmd.exe?
2025-06-28 16:23:37,149 - root - ERROR - Main loop error: No Windows console found. Are you running cmd.exe?
2025-06-28 16:23:37,158 - root - ERROR - Main loop error: No Windows console found. Are you running cmd.exe?
2025-06-28 16:23:37,174 - root - ERROR - Main loop error: No Windows console found. Are you running cmd.exe?
2025-06-28 16:23:37,191 - root - ERROR - Main loop error: No Windows console found. Are you running cmd.exe?
2025-06-28 16:23:37,208 - root - ERROR - Main loop error: No Windows console found. Are you running cmd.exe?
2025-06-28 16:23:37,223 - root - ERROR - Main loop error: No Windows console found. Are you running cmd.exe?
2025-06-28 16:23:37,232 - root - ERROR - Main loop error: No Windows console found. Are you running cmd.exe?
2025-06-28 16:23:37,248 - root - ERROR - Main loop error: No Windows console found. Are you running cmd.exe?
2025-06-28 16:23:37,258 - root - ERROR - Main loop error: No Windows console found. Are you running cmd.exe?
2025-06-28 16:23:37,265 - root - ERROR - Main loop error: No Windows console found. Are you running cmd.exe?
2025-06-28 16:23:37,281 - root - ERROR - Main loop error: No Windows console found. Are you running cmd.exe?
2025-06-28 16:23:37,298 - root - ERROR - Main loop error: No Windows console found. Are you running cmd.exe?
2025-06-28 16:23:37,316 - root - ERROR - Main loop error: No Windows console found. Are you running cmd.exe?
2025-06-28 16:23:37,329 - root - ERROR - Main loop error: No Windows console found. Are you running cmd.exe?
2025-06-28 16:23:37,340 - root - ERROR - Main loop error: No Windows console found. Are you running cmd.exe?
2025-06-28 16:23:37,352 - root - ERROR - Main loop error: No Windows console found. Are you running cmd.exe?
2025-06-28 16:23:37,361 - root - ERROR - Main loop error: No Windows console found. Are you running cmd.exe?
2025-06-28 16:23:37,408 - root - ERROR - Main loop error: No Windows console found. Are you running cmd.exe?
2025-06-28 16:23:37,418 - root - ERROR - Main loop error: No Windows console found. Are you running cmd.exe?
2025-06-28 16:23:37,427 - root - ERROR - Main loop error: No Windows console found. Are you running cmd.exe?
2025-06-28 16:23:37,439 - root - ERROR - Main loop error: No Windows console found. Are you running cmd.exe?
2025-06-28 16:23:37,454 - root - ERROR - Main loop error: No Windows console found. Are you running cmd.exe?
2025-06-28 16:23:37,464 - root - ERROR - Main loop error: No Windows console found. Are you running cmd.exe?
2025-06-28 16:23:37,474 - root - ERROR - Main loop error: No Windows console found. Are you running cmd.exe?
2025-06-28 16:23:37,484 - root - ERROR - Main loop error: No Windows console found. Are you running cmd.exe?
2025-06-28 16:23:37,496 - root - ERROR - Main loop error: No Windows console found. Are you running cmd.exe?
2025-06-28 16:23:37,510 - root - ERROR - Main loop error: No Windows console found. Are you running cmd.exe?
2025-06-28 16:23:37,524 - root - ERROR - Main loop error: No Windows console found. Are you running cmd.exe?
2025-06-28 16:23:37,541 - root - ERROR - Main loop error: No Windows console found. Are you running cmd.exe?
2025-06-28 16:23:37,552 - root - ERROR - Main loop error: No Windows console found. Are you running cmd.exe?
2025-06-28 16:23:37,562 - root - ERROR - Main loop error: No Windows console found. Are you running cmd.exe?
2025-06-28 16:23:37,574 - root - ERROR - Main loop error: No Windows console found. Are you running cmd.exe?
2025-06-28 16:23:37,582 - root - ERROR - Main loop error: No Windows console found. Are you running cmd.exe?
2025-06-28 16:23:37,593 - root - ERROR - Main loop error: No Windows console found. Are you running cmd.exe?
2025-06-28 16:23:37,607 - root - ERROR - Main loop error: No Windows console found. Are you running cmd.exe?
2025-06-28 16:23:37,616 - root - ERROR - Main loop error: No Windows console found. Are you running cmd.exe?
2025-06-28 16:23:37,632 - root - ERROR - Main loop error: No Windows console found. Are you running cmd.exe?
2025-06-28 16:23:37,643 - root - ERROR - Main loop error: No Windows console found. Are you running cmd.exe?
2025-06-28 16:23:37,648 - root - ERROR - Main loop error: No Windows console found. Are you running cmd.exe?
2025-06-28 16:23:37,664 - root - ERROR - Main loop error: No Windows console found. Are you running cmd.exe?
2025-06-28 16:23:37,674 - root - ERROR - Main loop error: No Windows console found. Are you running cmd.exe?
2025-06-28 16:23:37,684 - root - ERROR - Main loop error: No Windows console found. Are you running cmd.exe?
2025-06-28 16:23:37,689 - root - ERROR - Main loop error: No Windows console found. Are you running cmd.exe?
2025-06-28 16:23:37,733 - root - ERROR - Main loop error: No Windows console found. Are you running cmd.exe?
2025-06-28 16:23:37,740 - root - ERROR - Main loop error: No Windows console found. Are you running cmd.exe?
2025-06-28 16:23:37,754 - root - ERROR - Main loop error: No Windows console found. Are you running cmd.exe?
2025-06-28 16:23:37,762 - root - ERROR - Main loop error: No Windows console found. Are you running cmd.exe?
2025-06-28 16:23:37,773 - root - ERROR - Main loop error: No Windows console found. Are you running cmd.exe?
2025-06-28 16:23:37,791 - root - ERROR - Main loop error: No Windows console found. Are you running cmd.exe?
2025-06-28 16:23:37,799 - root - ERROR - Main loop error: No Windows console found. Are you running cmd.exe?
2025-06-28 16:23:37,811 - root - ERROR - Main loop error: No Windows console found. Are you running cmd.exe?
2025-06-28 16:23:37,824 - root - ERROR - Main loop error: No Windows console found. Are you running cmd.exe?
2025-06-28 16:23:37,835 - root - ERROR - Main loop error: No Windows console found. Are you running cmd.exe?
2025-06-28 16:23:37,852 - root - ERROR - Main loop error: No Windows console found. Are you running cmd.exe?
2025-06-28 16:23:37,858 - root - ERROR - Main loop error: No Windows console found. Are you running cmd.exe?
2025-06-28 16:23:37,872 - root - ERROR - Main loop error: No Windows console found. Are you running cmd.exe?
2025-06-28 16:23:37,881 - root - ERROR - Main loop error: No Windows console found. Are you running cmd.exe?
2025-06-28 16:23:37,888 - root - ERROR - Main loop error: No Windows console found. Are you running cmd.exe?
2025-06-28 16:23:37,900 - root - ERROR - Main loop error: No Windows console found. Are you running cmd.exe?
2025-06-28 16:23:37,911 - root - ERROR - Main loop error: No Windows console found. Are you running cmd.exe?
2025-06-28 16:23:37,916 - root - ERROR - Main loop error: No Windows console found. Are you running cmd.exe?
2025-06-28 16:23:37,932 - root - ERROR - Main loop error: No Windows console found. Are you running cmd.exe?
2025-06-28 16:23:37,944 - root - ERROR - Main loop error: No Windows console found. Are you running cmd.exe?
2025-06-28 16:23:37,953 - root - ERROR - Main loop error: No Windows console found. Are you running cmd.exe?
2025-06-28 16:23:37,958 - root - ERROR - Main loop error: No Windows console found. Are you running cmd.exe?
2025-06-28 16:23:37,974 - root - ERROR - Main loop error: No Windows console found. Are you running cmd.exe?
2025-06-28 16:23:37,982 - root - ERROR - Main loop error: No Windows console found. Are you running cmd.exe?
2025-06-28 16:23:37,998 - root - ERROR - Main loop error: No Windows console found. Are you running cmd.exe?
2025-06-28 16:23:38,005 - root - ERROR - Main loop error: No Windows console found. Are you running cmd.exe?
2025-06-28 16:23:38,013 - root - ERROR - Main loop error: No Windows console found. Are you running cmd.exe?
2025-06-28 16:23:38,057 - root - ERROR - Main loop error: No Windows console found. Are you running cmd.exe?
2025-06-28 16:23:38,074 - root - ERROR - Main loop error: No Windows console found. Are you running cmd.exe?
2025-06-28 16:23:38,088 - root - ERROR - Main loop error: No Windows console found. Are you running cmd.exe?
2025-06-28 16:23:38,098 - root - ERROR - Main loop error: No Windows console found. Are you running cmd.exe?
2025-06-28 16:23:38,111 - root - ERROR - Main loop error: No Windows console found. Are you running cmd.exe?
2025-06-28 16:23:38,124 - root - ERROR - Main loop error: No Windows console found. Are you running cmd.exe?
2025-06-28 16:23:38,133 - root - ERROR - Main loop error: No Windows console found. Are you running cmd.exe?
2025-06-28 16:23:38,152 - root - ERROR - Main loop error: No Windows console found. Are you running cmd.exe?
2025-06-28 16:23:38,165 - root - ERROR - Main loop error: No Windows console found. Are you running cmd.exe?
2025-06-28 16:23:38,174 - root - ERROR - Main loop error: No Windows console found. Are you running cmd.exe?
2025-06-28 16:23:38,183 - root - ERROR - Main loop error: No Windows console found. Are you running cmd.exe?
2025-06-28 16:23:38,190 - root - ERROR - Main loop error: No Windows console found. Are you running cmd.exe?
2025-06-28 16:23:43,296 - settings - INFO - Settings loaded successfully
2025-06-28 16:24:18,442 - commands - INFO - Exit command executed successfully
2025-06-28 16:24:22,770 - settings - INFO - Settings loaded successfully
2025-06-28 16:24:22,791 - root - ERROR - Main loop error: No Windows console found. Are you running cmd.exe?
2025-06-28 16:24:22,806 - root - ERROR - Main loop error: No Windows console found. Are you running cmd.exe?
2025-06-28 16:24:22,821 - root - ERROR - Main loop error: No Windows console found. Are you running cmd.exe?
2025-06-28 16:24:22,828 - root - ERROR - Main loop error: No Windows console found. Are you running cmd.exe?
2025-06-28 16:24:22,849 - root - ERROR - Main loop error: No Windows console found. Are you running cmd.exe?
2025-06-28 16:24:22,875 - root - ERROR - Main loop error: No Windows console found. Are you running cmd.exe?
2025-06-28 16:24:22,889 - root - ERROR - Main loop error: No Windows console found. Are you running cmd.exe?
2025-06-28 16:24:22,905 - root - ERROR - Main loop error: No Windows console found. Are you running cmd.exe?
2025-06-28 16:24:22,915 - root - ERROR - Main loop error: No Windows console found. Are you running cmd.exe?
2025-06-28 16:24:22,929 - root - ERROR - Main loop error: No Windows console found. Are you running cmd.exe?
2025-06-28 16:24:22,953 - root - ERROR - Main loop error: No Windows console found. Are you running cmd.exe?
2025-06-28 16:24:22,970 - root - ERROR - Main loop error: No Windows console found. Are you running cmd.exe?
2025-06-28 16:24:22,989 - root - ERROR - Main loop error: No Windows console found. Are you running cmd.exe?
2025-06-28 16:24:22,997 - root - ERROR - Main loop error: No Windows console found. Are you running cmd.exe?
2025-06-28 16:24:23,006 - root - ERROR - Main loop error: No Windows console found. Are you running cmd.exe?
2025-06-28 16:24:23,014 - root - ERROR - Main loop error: No Windows console found. Are you running cmd.exe?
2025-06-28 16:24:23,014 - root - ERROR - Main loop error: No Windows console found. Are you running cmd.exe?
2025-06-28 16:24:23,039 - root - ERROR - Main loop error: No Windows console found. Are you running cmd.exe?
2025-06-28 16:24:23,047 - root - ERROR - Main loop error: No Windows console found. Are you running cmd.exe?
2025-06-28 16:24:23,057 - root - ERROR - Main loop error: No Windows console found. Are you running cmd.exe?
2025-06-28 16:24:23,064 - root - ERROR - Main loop error: No Windows console found. Are you running cmd.exe?
2025-06-28 16:24:23,076 - root - ERROR - Main loop error: No Windows console found. Are you running cmd.exe?
2025-06-28 16:24:23,089 - root - ERROR - Main loop error: No Windows console found. Are you running cmd.exe?
2025-06-28 16:24:23,097 - root - ERROR - Main loop error: No Windows console found. Are you running cmd.exe?
2025-06-28 16:24:23,105 - root - ERROR - Main loop error: No Windows console found. Are you running cmd.exe?
2025-06-28 16:24:23,105 - root - ERROR - Main loop error: No Windows console found. Are you running cmd.exe?
2025-06-28 16:24:23,122 - root - ERROR - Main loop error: No Windows console found. Are you running cmd.exe?
2025-06-28 16:24:23,141 - root - ERROR - Main loop error: No Windows console found. Are you running cmd.exe?
2025-06-28 16:24:23,147 - root - ERROR - Main loop error: No Windows console found. Are you running cmd.exe?
2025-06-28 16:24:23,164 - root - ERROR - Main loop error: No Windows console found. Are you running cmd.exe?
2025-06-28 16:24:23,177 - root - ERROR - Main loop error: No Windows console found. Are you running cmd.exe?
2025-06-28 16:24:23,189 - root - ERROR - Main loop error: No Windows console found. Are you running cmd.exe?
2025-06-28 16:24:23,204 - root - ERROR - Main loop error: No Windows console found. Are you running cmd.exe?
2025-06-28 16:24:23,212 - root - ERROR - Main loop error: No Windows console found. Are you running cmd.exe?
2025-06-28 16:24:23,227 - root - ERROR - Main loop error: No Windows console found. Are you running cmd.exe?
2025-06-28 16:24:23,242 - root - ERROR - Main loop error: No Windows console found. Are you running cmd.exe?
2025-06-28 16:24:23,268 - root - ERROR - Main loop error: No Windows console found. Are you running cmd.exe?
2025-06-28 16:24:23,301 - root - ERROR - Main loop error: No Windows console found. Are you running cmd.exe?
2025-06-28 16:24:23,309 - root - ERROR - Main loop error: No Windows console found. Are you running cmd.exe?
2025-06-28 16:24:23,325 - root - ERROR - Main loop error: No Windows console found. Are you running cmd.exe?
2025-06-28 16:24:23,326 - root - ERROR - Main loop error: No Windows console found. Are you running cmd.exe?
2025-06-28 16:24:23,339 - root - ERROR - Main loop error: No Windows console found. Are you running cmd.exe?
2025-06-28 16:24:23,354 - root - ERROR - Main loop error: No Windows console found. Are you running cmd.exe?
2025-06-28 16:24:23,378 - root - ERROR - Main loop error: No Windows console found. Are you running cmd.exe?
2025-06-28 16:24:23,396 - root - ERROR - Main loop error: No Windows console found. Are you running cmd.exe?
2025-06-28 16:24:23,408 - root - ERROR - Main loop error: No Windows console found. Are you running cmd.exe?
2025-06-28 16:24:23,423 - root - ERROR - Main loop error: No Windows console found. Are you running cmd.exe?
2025-06-28 16:24:23,433 - root - ERROR - Main loop error: No Windows console found. Are you running cmd.exe?
2025-06-28 16:24:23,441 - root - ERROR - Main loop error: No Windows console found. Are you running cmd.exe?
2025-06-28 16:24:23,470 - root - ERROR - Main loop error: No Windows console found. Are you running cmd.exe?
2025-06-28 16:24:23,481 - root - ERROR - Main loop error: No Windows console found. Are you running cmd.exe?
2025-06-28 16:24:23,492 - root - ERROR - Main loop error: No Windows console found. Are you running cmd.exe?
2025-06-28 16:24:23,503 - root - ERROR - Main loop error: No Windows console found. Are you running cmd.exe?
2025-06-28 16:24:23,514 - root - ERROR - Main loop error: No Windows console found. Are you running cmd.exe?
2025-06-28 16:24:23,526 - root - ERROR - Main loop error: No Windows console found. Are you running cmd.exe?
2025-06-28 16:24:23,539 - root - ERROR - Main loop error: No Windows console found. Are you running cmd.exe?
2025-06-28 16:24:23,551 - root - ERROR - Main loop error: No Windows console found. Are you running cmd.exe?
2025-06-28 16:24:23,559 - root - ERROR - Main loop error: No Windows console found. Are you running cmd.exe?
2025-06-28 16:24:23,583 - root - ERROR - Main loop error: No Windows console found. Are you running cmd.exe?
2025-06-28 16:24:23,600 - root - ERROR - Main loop error: No Windows console found. Are you running cmd.exe?
2025-06-28 16:24:23,614 - root - ERROR - Main loop error: No Windows console found. Are you running cmd.exe?
2025-06-28 16:24:23,627 - root - ERROR - Main loop error: No Windows console found. Are you running cmd.exe?
2025-06-28 16:24:23,634 - root - ERROR - Main loop error: No Windows console found. Are you running cmd.exe?
2025-06-28 16:24:23,673 - root - ERROR - Main loop error: No Windows console found. Are you running cmd.exe?
2025-06-28 16:24:23,688 - root - ERROR - Main loop error: No Windows console found. Are you running cmd.exe?
2025-06-28 16:24:23,695 - root - ERROR - Main loop error: No Windows console found. Are you running cmd.exe?
2025-06-28 16:24:23,709 - root - ERROR - Main loop error: No Windows console found. Are you running cmd.exe?
2025-06-28 16:24:23,717 - root - ERROR - Main loop error: No Windows console found. Are you running cmd.exe?
2025-06-28 16:24:23,727 - root - ERROR - Main loop error: No Windows console found. Are you running cmd.exe?
2025-06-28 16:24:23,743 - root - ERROR - Main loop error: No Windows console found. Are you running cmd.exe?
2025-06-28 16:24:23,762 - root - ERROR - Main loop error: No Windows console found. Are you running cmd.exe?
2025-06-28 16:24:23,770 - root - ERROR - Main loop error: No Windows console found. Are you running cmd.exe?
2025-06-28 16:24:23,780 - root - ERROR - Main loop error: No Windows console found. Are you running cmd.exe?
2025-06-28 16:24:23,791 - root - ERROR - Main loop error: No Windows console found. Are you running cmd.exe?
2025-06-28 16:24:23,794 - root - ERROR - Main loop error: No Windows console found. Are you running cmd.exe?
2025-06-28 16:24:23,810 - root - ERROR - Main loop error: No Windows console found. Are you running cmd.exe?
2025-06-28 16:24:23,826 - root - ERROR - Main loop error: No Windows console found. Are you running cmd.exe?
2025-06-28 16:24:23,838 - root - ERROR - Main loop error: No Windows console found. Are you running cmd.exe?
2025-06-28 16:24:23,852 - root - ERROR - Main loop error: No Windows console found. Are you running cmd.exe?
2025-06-28 16:24:23,864 - root - ERROR - Main loop error: No Windows console found. Are you running cmd.exe?
2025-06-28 16:24:23,870 - root - ERROR - Main loop error: No Windows console found. Are you running cmd.exe?
2025-06-28 16:24:23,892 - root - ERROR - Main loop error: No Windows console found. Are you running cmd.exe?
2025-06-28 16:24:23,912 - root - ERROR - Main loop error: No Windows console found. Are you running cmd.exe?
2025-06-28 16:24:23,927 - root - ERROR - Main loop error: No Windows console found. Are you running cmd.exe?
2025-06-28 16:24:23,935 - root - ERROR - Main loop error: No Windows console found. Are you running cmd.exe?
2025-06-28 16:24:23,952 - root - ERROR - Main loop error: No Windows console found. Are you running cmd.exe?
2025-06-28 16:24:23,963 - root - ERROR - Main loop error: No Windows console found. Are you running cmd.exe?
2025-06-28 16:24:23,976 - root - ERROR - Main loop error: No Windows console found. Are you running cmd.exe?
2025-06-28 16:24:23,992 - root - ERROR - Main loop error: No Windows console found. Are you running cmd.exe?
2025-06-28 16:24:24,001 - root - ERROR - Main loop error: No Windows console found. Are you running cmd.exe?
2025-06-28 16:24:24,052 - root - ERROR - Main loop error: No Windows console found. Are you running cmd.exe?
2025-06-28 16:24:24,062 - root - ERROR - Main loop error: No Windows console found. Are you running cmd.exe?
2025-06-28 16:24:24,070 - root - ERROR - Main loop error: No Windows console found. Are you running cmd.exe?
2025-06-28 16:24:24,080 - root - ERROR - Main loop error: No Windows console found. Are you running cmd.exe?
2025-06-28 16:24:24,090 - root - ERROR - Main loop error: No Windows console found. Are you running cmd.exe?
2025-06-28 16:24:24,108 - root - ERROR - Main loop error: No Windows console found. Are you running cmd.exe?
2025-06-28 16:24:24,117 - root - ERROR - Main loop error: No Windows console found. Are you running cmd.exe?
2025-06-28 16:24:24,125 - root - ERROR - Main loop error: No Windows console found. Are you running cmd.exe?
2025-06-28 16:24:24,141 - root - ERROR - Main loop error: No Windows console found. Are you running cmd.exe?
2025-06-28 16:24:24,152 - root - ERROR - Main loop error: No Windows console found. Are you running cmd.exe?
2025-06-28 16:24:24,156 - root - ERROR - Main loop error: No Windows console found. Are you running cmd.exe?
2025-06-28 16:24:24,168 - root - ERROR - Main loop error: No Windows console found. Are you running cmd.exe?
2025-06-28 16:24:24,182 - root - ERROR - Main loop error: No Windows console found. Are you running cmd.exe?
2025-06-28 16:24:24,192 - root - ERROR - Main loop error: No Windows console found. Are you running cmd.exe?
2025-06-28 16:24:24,201 - root - ERROR - Main loop error: No Windows console found. Are you running cmd.exe?
2025-06-28 16:24:24,216 - root - ERROR - Main loop error: No Windows console found. Are you running cmd.exe?
2025-06-28 16:24:24,222 - root - ERROR - Main loop error: No Windows console found. Are you running cmd.exe?
2025-06-28 16:24:24,234 - root - ERROR - Main loop error: No Windows console found. Are you running cmd.exe?
2025-06-28 16:24:24,238 - root - ERROR - Main loop error: No Windows console found. Are you running cmd.exe?
2025-06-28 16:24:24,256 - root - ERROR - Main loop error: No Windows console found. Are you running cmd.exe?
2025-06-28 16:24:24,264 - root - ERROR - Main loop error: No Windows console found. Are you running cmd.exe?
2025-06-28 16:24:24,267 - root - ERROR - Main loop error: No Windows console found. Are you running cmd.exe?
2025-06-28 16:24:24,281 - root - ERROR - Main loop error: No Windows console found. Are you running cmd.exe?
2025-06-28 16:24:24,289 - root - ERROR - Main loop error: No Windows console found. Are you running cmd.exe?
2025-06-28 16:24:24,296 - root - ERROR - Main loop error: No Windows console found. Are you running cmd.exe?
2025-06-28 16:24:24,304 - root - ERROR - Main loop error: No Windows console found. Are you running cmd.exe?
2025-06-28 16:24:24,342 - root - ERROR - Main loop error: No Windows console found. Are you running cmd.exe?
2025-06-28 16:24:24,351 - root - ERROR - Main loop error: No Windows console found. Are you running cmd.exe?
2025-06-28 16:24:24,354 - root - ERROR - Main loop error: No Windows console found. Are you running cmd.exe?
2025-06-28 16:24:24,368 - root - ERROR - Main loop error: No Windows console found. Are you running cmd.exe?
2025-06-28 16:24:24,368 - root - ERROR - Main loop error: No Windows console found. Are you running cmd.exe?
2025-06-28 16:24:24,390 - root - ERROR - Main loop error: No Windows console found. Are you running cmd.exe?
2025-06-28 16:24:24,401 - root - ERROR - Main loop error: No Windows console found. Are you running cmd.exe?
2025-06-28 16:24:24,414 - root - ERROR - Main loop error: No Windows console found. Are you running cmd.exe?
2025-06-28 16:24:24,417 - root - ERROR - Main loop error: No Windows console found. Are you running cmd.exe?
2025-06-28 16:24:24,436 - root - ERROR - Main loop error: No Windows console found. Are you running cmd.exe?
2025-06-28 16:24:24,445 - root - ERROR - Main loop error: No Windows console found. Are you running cmd.exe?
2025-06-28 16:24:24,453 - root - ERROR - Main loop error: No Windows console found. Are you running cmd.exe?
2025-06-28 16:24:24,461 - root - ERROR - Main loop error: No Windows console found. Are you running cmd.exe?
2025-06-28 16:24:24,469 - root - ERROR - Main loop error: No Windows console found. Are you running cmd.exe?
2025-06-28 16:24:24,478 - root - ERROR - Main loop error: No Windows console found. Are you running cmd.exe?
2025-06-28 16:24:24,488 - root - ERROR - Main loop error: No Windows console found. Are you running cmd.exe?
2025-06-28 16:24:24,535 - root - ERROR - Main loop error: No Windows console found. Are you running cmd.exe?
2025-06-28 16:24:24,550 - root - ERROR - Main loop error: No Windows console found. Are you running cmd.exe?
2025-06-28 16:24:24,559 - root - ERROR - Main loop error: No Windows console found. Are you running cmd.exe?
2025-06-28 16:24:24,575 - root - ERROR - Main loop error: No Windows console found. Are you running cmd.exe?
2025-06-28 16:24:24,584 - root - ERROR - Main loop error: No Windows console found. Are you running cmd.exe?
2025-06-28 16:24:24,592 - root - ERROR - Main loop error: No Windows console found. Are you running cmd.exe?
2025-06-28 16:24:24,617 - root - ERROR - Main loop error: No Windows console found. Are you running cmd.exe?
2025-06-28 16:24:24,624 - root - ERROR - Main loop error: No Windows console found. Are you running cmd.exe?
2025-06-28 16:24:24,643 - root - ERROR - Main loop error: No Windows console found. Are you running cmd.exe?
2025-06-28 16:24:24,658 - root - ERROR - Main loop error: No Windows console found. Are you running cmd.exe?
2025-06-28 16:24:24,658 - root - ERROR - Main loop error: No Windows console found. Are you running cmd.exe?
2025-06-28 16:24:24,705 - root - ERROR - Main loop error: No Windows console found. Are you running cmd.exe?
2025-06-28 16:24:24,717 - root - ERROR - Main loop error: No Windows console found. Are you running cmd.exe?
2025-06-28 16:24:24,717 - root - ERROR - Main loop error: No Windows console found. Are you running cmd.exe?
2025-06-28 16:24:24,734 - root - ERROR - Main loop error: No Windows console found. Are you running cmd.exe?
2025-06-28 16:24:24,739 - root - ERROR - Main loop error: No Windows console found. Are you running cmd.exe?
2025-06-28 16:24:24,760 - root - ERROR - Main loop error: No Windows console found. Are you running cmd.exe?
2025-06-28 16:24:24,767 - root - ERROR - Main loop error: No Windows console found. Are you running cmd.exe?
2025-06-28 16:24:24,780 - root - ERROR - Main loop error: No Windows console found. Are you running cmd.exe?
2025-06-28 16:24:24,793 - root - ERROR - Main loop error: No Windows console found. Are you running cmd.exe?
2025-06-28 16:24:24,801 - root - ERROR - Main loop error: No Windows console found. Are you running cmd.exe?
2025-06-28 16:24:24,801 - root - ERROR - Main loop error: No Windows console found. Are you running cmd.exe?
2025-06-28 16:24:24,820 - root - ERROR - Main loop error: No Windows console found. Are you running cmd.exe?
2025-06-28 16:24:24,829 - root - ERROR - Main loop error: No Windows console found. Are you running cmd.exe?
2025-06-28 16:24:24,839 - root - ERROR - Main loop error: No Windows console found. Are you running cmd.exe?
2025-06-28 16:24:24,844 - root - ERROR - Main loop error: No Windows console found. Are you running cmd.exe?
2025-06-28 16:24:24,852 - root - ERROR - Main loop error: No Windows console found. Are you running cmd.exe?
2025-06-28 16:24:24,866 - root - ERROR - Main loop error: No Windows console found. Are you running cmd.exe?
2025-06-28 16:24:24,883 - root - ERROR - Main loop error: No Windows console found. Are you running cmd.exe?
2025-06-28 16:24:24,890 - root - ERROR - Main loop error: No Windows console found. Are you running cmd.exe?
2025-06-28 16:24:24,900 - root - ERROR - Main loop error: No Windows console found. Are you running cmd.exe?
2025-06-28 16:24:24,915 - root - ERROR - Main loop error: No Windows console found. Are you running cmd.exe?
2025-06-28 16:24:24,922 - root - ERROR - Main loop error: No Windows console found. Are you running cmd.exe?
2025-06-28 16:24:24,960 - root - ERROR - Main loop error: No Windows console found. Are you running cmd.exe?
2025-06-28 16:24:24,978 - root - ERROR - Main loop error: No Windows console found. Are you running cmd.exe?
2025-06-28 16:24:24,994 - root - ERROR - Main loop error: No Windows console found. Are you running cmd.exe?
2025-06-28 16:24:25,010 - root - ERROR - Main loop error: No Windows console found. Are you running cmd.exe?
2025-06-28 16:24:25,040 - root - ERROR - Main loop error: No Windows console found. Are you running cmd.exe?
2025-06-28 16:24:25,071 - root - ERROR - Main loop error: No Windows console found. Are you running cmd.exe?
2025-06-28 16:24:25,072 - root - ERROR - Main loop error: No Windows console found. Are you running cmd.exe?
2025-06-28 16:24:25,089 - root - ERROR - Main loop error: No Windows console found. Are you running cmd.exe?
2025-06-28 16:24:25,098 - root - ERROR - Main loop error: No Windows console found. Are you running cmd.exe?
2025-06-28 16:24:25,105 - root - ERROR - Main loop error: No Windows console found. Are you running cmd.exe?
2025-06-28 16:24:25,116 - root - ERROR - Main loop error: No Windows console found. Are you running cmd.exe?
2025-06-28 16:24:25,122 - root - ERROR - Main loop error: No Windows console found. Are you running cmd.exe?
2025-06-28 16:24:25,139 - root - ERROR - Main loop error: No Windows console found. Are you running cmd.exe?
2025-06-28 16:24:25,144 - root - ERROR - Main loop error: No Windows console found. Are you running cmd.exe?
2025-06-28 16:24:25,157 - root - ERROR - Main loop error: No Windows console found. Are you running cmd.exe?
2025-06-28 16:24:25,169 - root - ERROR - Main loop error: No Windows console found. Are you running cmd.exe?
2025-06-28 16:24:25,176 - root - ERROR - Main loop error: No Windows console found. Are you running cmd.exe?
2025-06-28 16:24:25,183 - root - ERROR - Main loop error: No Windows console found. Are you running cmd.exe?
2025-06-28 16:24:25,195 - root - ERROR - Main loop error: No Windows console found. Are you running cmd.exe?
2025-06-28 16:24:25,200 - root - ERROR - Main loop error: No Windows console found. Are you running cmd.exe?
2025-06-28 16:24:25,200 - root - ERROR - Main loop error: No Windows console found. Are you running cmd.exe?
2025-06-28 16:24:25,223 - root - ERROR - Main loop error: No Windows console found. Are you running cmd.exe?
2025-06-28 16:24:25,233 - root - ERROR - Main loop error: No Windows console found. Are you running cmd.exe?
2025-06-28 16:24:25,239 - root - ERROR - Main loop error: No Windows console found. Are you running cmd.exe?
2025-06-28 16:24:25,247 - root - ERROR - Main loop error: No Windows console found. Are you running cmd.exe?
2025-06-28 16:24:25,255 - root - ERROR - Main loop error: No Windows console found. Are you running cmd.exe?
2025-06-28 16:24:25,267 - root - ERROR - Main loop error: No Windows console found. Are you running cmd.exe?
2025-06-28 16:24:25,284 - root - ERROR - Main loop error: No Windows console found. Are you running cmd.exe?
2025-06-28 16:24:25,292 - root - ERROR - Main loop error: No Windows console found. Are you running cmd.exe?
2025-06-28 16:24:25,300 - root - ERROR - Main loop error: No Windows console found. Are you running cmd.exe?
2025-06-28 16:24:25,308 - root - ERROR - Main loop error: No Windows console found. Are you running cmd.exe?
2025-06-28 16:24:25,349 - root - ERROR - Main loop error: No Windows console found. Are you running cmd.exe?
2025-06-28 16:24:25,362 - root - ERROR - Main loop error: No Windows console found. Are you running cmd.exe?
2025-06-28 16:24:25,393 - root - ERROR - Main loop error: No Windows console found. Are you running cmd.exe?
2025-06-28 16:24:25,402 - root - ERROR - Main loop error: No Windows console found. Are you running cmd.exe?
2025-06-28 16:24:25,416 - root - ERROR - Main loop error: No Windows console found. Are you running cmd.exe?
2025-06-28 16:24:25,433 - root - ERROR - Main loop error: No Windows console found. Are you running cmd.exe?
2025-06-28 16:24:25,442 - root - ERROR - Main loop error: No Windows console found. Are you running cmd.exe?
2025-06-28 16:24:25,458 - root - ERROR - Main loop error: No Windows console found. Are you running cmd.exe?
2025-06-28 16:24:25,472 - root - ERROR - Main loop error: No Windows console found. Are you running cmd.exe?
2025-06-28 16:24:25,482 - root - ERROR - Main loop error: No Windows console found. Are you running cmd.exe?
2025-06-28 16:24:25,495 - root - ERROR - Main loop error: No Windows console found. Are you running cmd.exe?
2025-06-28 16:24:25,505 - root - ERROR - Main loop error: No Windows console found. Are you running cmd.exe?
2025-06-28 16:24:25,516 - root - ERROR - Main loop error: No Windows console found. Are you running cmd.exe?
2025-06-28 16:24:25,516 - root - ERROR - Main loop error: No Windows console found. Are you running cmd.exe?
2025-06-28 16:24:25,533 - root - ERROR - Main loop error: No Windows console found. Are you running cmd.exe?
2025-06-28 16:24:25,539 - root - ERROR - Main loop error: No Windows console found. Are you running cmd.exe?
2025-06-28 16:24:25,550 - root - ERROR - Main loop error: No Windows console found. Are you running cmd.exe?
2025-06-28 16:24:25,557 - root - ERROR - Main loop error: No Windows console found. Are you running cmd.exe?
2025-06-28 16:24:25,566 - root - ERROR - Main loop error: No Windows console found. Are you running cmd.exe?
2025-06-28 16:24:25,574 - root - ERROR - Main loop error: No Windows console found. Are you running cmd.exe?
2025-06-28 16:24:25,583 - root - ERROR - Main loop error: No Windows console found. Are you running cmd.exe?
2025-06-28 16:24:25,600 - root - ERROR - Main loop error: No Windows console found. Are you running cmd.exe?
2025-06-28 16:24:25,605 - root - ERROR - Main loop error: No Windows console found. Are you running cmd.exe?
2025-06-28 16:24:25,622 - root - ERROR - Main loop error: No Windows console found. Are you running cmd.exe?
2025-06-28 16:24:25,633 - root - ERROR - Main loop error: No Windows console found. Are you running cmd.exe?
2025-06-28 16:24:25,640 - root - ERROR - Main loop error: No Windows console found. Are you running cmd.exe?
2025-06-28 16:24:25,649 - root - ERROR - Main loop error: No Windows console found. Are you running cmd.exe?
2025-06-28 16:24:25,685 - root - ERROR - Main loop error: No Windows console found. Are you running cmd.exe?
2025-06-28 16:24:25,693 - root - ERROR - Main loop error: No Windows console found. Are you running cmd.exe?
2025-06-28 16:24:25,706 - root - ERROR - Main loop error: No Windows console found. Are you running cmd.exe?
2025-06-28 16:24:25,713 - root - ERROR - Main loop error: No Windows console found. Are you running cmd.exe?
2025-06-28 16:24:25,715 - root - ERROR - Main loop error: No Windows console found. Are you running cmd.exe?
2025-06-28 16:24:25,724 - root - ERROR - Main loop error: No Windows console found. Are you running cmd.exe?
2025-06-28 16:24:25,741 - root - ERROR - Main loop error: No Windows console found. Are you running cmd.exe?
2025-06-28 16:24:25,748 - root - ERROR - Main loop error: No Windows console found. Are you running cmd.exe?
2025-06-28 16:24:25,759 - root - ERROR - Main loop error: No Windows console found. Are you running cmd.exe?
2025-06-28 16:24:25,785 - root - ERROR - Main loop error: No Windows console found. Are you running cmd.exe?
2025-06-28 16:24:25,803 - root - ERROR - Main loop error: No Windows console found. Are you running cmd.exe?
2025-06-28 16:24:25,819 - root - ERROR - Main loop error: No Windows console found. Are you running cmd.exe?
2025-06-28 16:24:25,840 - root - ERROR - Main loop error: No Windows console found. Are you running cmd.exe?
2025-06-28 16:24:25,849 - root - ERROR - Main loop error: No Windows console found. Are you running cmd.exe?
2025-06-28 16:24:25,858 - root - ERROR - Main loop error: No Windows console found. Are you running cmd.exe?
2025-06-28 16:24:25,871 - root - ERROR - Main loop error: No Windows console found. Are you running cmd.exe?
2025-06-28 16:24:25,883 - root - ERROR - Main loop error: No Windows console found. Are you running cmd.exe?
2025-06-28 16:24:25,888 - root - ERROR - Main loop error: No Windows console found. Are you running cmd.exe?
2025-06-28 16:24:25,903 - root - ERROR - Main loop error: No Windows console found. Are you running cmd.exe?
2025-06-28 16:24:25,915 - root - ERROR - Main loop error: No Windows console found. Are you running cmd.exe?
2025-06-28 16:24:25,916 - root - ERROR - Main loop error: No Windows console found. Are you running cmd.exe?
2025-06-28 16:24:25,938 - root - ERROR - Main loop error: No Windows console found. Are you running cmd.exe?
2025-06-28 16:24:25,950 - root - ERROR - Main loop error: No Windows console found. Are you running cmd.exe?
2025-06-28 16:24:25,958 - root - ERROR - Main loop error: No Windows console found. Are you running cmd.exe?
2025-06-28 16:24:25,966 - root - ERROR - Main loop error: No Windows console found. Are you running cmd.exe?
2025-06-28 16:24:25,982 - root - ERROR - Main loop error: No Windows console found. Are you running cmd.exe?
2025-06-28 16:24:26,024 - root - ERROR - Main loop error: No Windows console found. Are you running cmd.exe?
2025-06-28 16:24:26,033 - root - ERROR - Main loop error: No Windows console found. Are you running cmd.exe?
2025-06-28 16:24:26,043 - root - ERROR - Main loop error: No Windows console found. Are you running cmd.exe?
2025-06-28 16:24:26,059 - root - ERROR - Main loop error: No Windows console found. Are you running cmd.exe?
2025-06-28 16:24:26,066 - root - ERROR - Main loop error: No Windows console found. Are you running cmd.exe?
2025-06-28 16:24:26,075 - root - ERROR - Main loop error: No Windows console found. Are you running cmd.exe?
2025-06-28 16:24:26,083 - root - ERROR - Main loop error: No Windows console found. Are you running cmd.exe?
2025-06-28 16:24:26,092 - root - ERROR - Main loop error: No Windows console found. Are you running cmd.exe?
2025-06-28 16:24:26,099 - root - ERROR - Main loop error: No Windows console found. Are you running cmd.exe?
2025-06-28 16:24:26,099 - root - ERROR - Main loop error: No Windows console found. Are you running cmd.exe?
2025-06-28 16:24:26,129 - root - ERROR - Main loop error: No Windows console found. Are you running cmd.exe?
2025-06-28 16:24:26,139 - root - ERROR - Main loop error: No Windows console found. Are you running cmd.exe?
2025-06-28 16:24:26,149 - root - ERROR - Main loop error: No Windows console found. Are you running cmd.exe?
2025-06-28 16:24:26,160 - root - ERROR - Main loop error: No Windows console found. Are you running cmd.exe?
2025-06-28 16:24:26,176 - root - ERROR - Main loop error: No Windows console found. Are you running cmd.exe?
2025-06-28 16:24:26,188 - root - ERROR - Main loop error: No Windows console found. Are you running cmd.exe?
2025-06-28 16:24:26,197 - root - ERROR - Main loop error: No Windows console found. Are you running cmd.exe?
2025-06-28 16:24:26,206 - root - ERROR - Main loop error: No Windows console found. Are you running cmd.exe?
2025-06-28 16:24:26,229 - root - ERROR - Main loop error: No Windows console found. Are you running cmd.exe?
2025-06-28 16:24:26,239 - root - ERROR - Main loop error: No Windows console found. Are you running cmd.exe?
2025-06-28 16:24:26,291 - root - ERROR - Main loop error: No Windows console found. Are you running cmd.exe?
2025-06-28 16:24:26,299 - root - ERROR - Main loop error: No Windows console found. Are you running cmd.exe?
2025-06-28 16:24:26,325 - root - ERROR - Main loop error: No Windows console found. Are you running cmd.exe?
2025-06-28 16:24:26,333 - root - ERROR - Main loop error: No Windows console found. Are you running cmd.exe?
2025-06-28 16:24:26,351 - root - ERROR - Main loop error: No Windows console found. Are you running cmd.exe?
2025-06-28 16:24:26,351 - root - ERROR - Main loop error: No Windows console found. Are you running cmd.exe?
2025-06-28 16:24:26,366 - root - ERROR - Main loop error: No Windows console found. Are you running cmd.exe?
2025-06-28 16:24:26,399 - root - ERROR - Main loop error: No Windows console found. Are you running cmd.exe?
2025-06-28 16:24:26,407 - root - ERROR - Main loop error: No Windows console found. Are you running cmd.exe?
2025-06-28 16:24:26,424 - root - ERROR - Main loop error: No Windows console found. Are you running cmd.exe?
2025-06-28 16:24:26,432 - root - ERROR - Main loop error: No Windows console found. Are you running cmd.exe?
2025-06-28 16:24:26,439 - root - ERROR - Main loop error: No Windows console found. Are you running cmd.exe?
2025-06-28 16:24:26,456 - root - ERROR - Main loop error: No Windows console found. Are you running cmd.exe?
2025-06-28 16:24:26,456 - root - ERROR - Main loop error: No Windows console found. Are you running cmd.exe?
2025-06-28 16:24:26,465 - root - ERROR - Main loop error: No Windows console found. Are you running cmd.exe?
2025-06-28 16:24:26,486 - root - ERROR - Main loop error: No Windows console found. Are you running cmd.exe?
2025-06-28 16:24:26,499 - root - ERROR - Main loop error: No Windows console found. Are you running cmd.exe?
2025-06-28 16:24:26,507 - root - ERROR - Main loop error: No Windows console found. Are you running cmd.exe?
2025-06-28 16:24:26,516 - root - ERROR - Main loop error: No Windows console found. Are you running cmd.exe?
2025-06-28 16:24:26,532 - root - ERROR - Main loop error: No Windows console found. Are you running cmd.exe?
2025-06-28 16:24:26,539 - root - ERROR - Main loop error: No Windows console found. Are you running cmd.exe?
2025-06-28 16:24:26,553 - root - ERROR - Main loop error: No Windows console found. Are you running cmd.exe?
2025-06-28 16:24:26,553 - root - ERROR - Main loop error: No Windows console found. Are you running cmd.exe?
2025-06-28 16:24:26,566 - root - ERROR - Main loop error: No Windows console found. Are you running cmd.exe?
2025-06-28 16:24:26,583 - root - ERROR - Main loop error: No Windows console found. Are you running cmd.exe?
2025-06-28 16:24:26,588 - root - ERROR - Main loop error: No Windows console found. Are you running cmd.exe?
2025-06-28 16:24:26,599 - root - ERROR - Main loop error: No Windows console found. Are you running cmd.exe?
2025-06-28 16:24:26,616 - root - ERROR - Main loop error: No Windows console found. Are you running cmd.exe?
2025-06-28 16:24:26,625 - root - ERROR - Main loop error: No Windows console found. Are you running cmd.exe?
2025-06-28 16:24:26,638 - root - ERROR - Main loop error: No Windows console found. Are you running cmd.exe?
2025-06-28 16:24:26,646 - root - ERROR - Main loop error: No Windows console found. Are you running cmd.exe?
2025-06-28 16:24:26,658 - root - ERROR - Main loop error: No Windows console found. Are you running cmd.exe?
2025-06-28 16:24:26,665 - root - ERROR - Main loop error: No Windows console found. Are you running cmd.exe?
2025-06-28 16:24:26,676 - root - ERROR - Main loop error: No Windows console found. Are you running cmd.exe?
2025-06-28 16:24:26,712 - root - ERROR - Main loop error: No Windows console found. Are you running cmd.exe?
2025-06-28 16:24:26,727 - root - ERROR - Main loop error: No Windows console found. Are you running cmd.exe?
2025-06-28 16:24:26,779 - root - ERROR - Main loop error: No Windows console found. Are you running cmd.exe?
2025-06-28 16:24:26,790 - root - ERROR - Main loop error: No Windows console found. Are you running cmd.exe?
2025-06-28 16:24:26,802 - root - ERROR - Main loop error: No Windows console found. Are you running cmd.exe?
2025-06-28 16:24:26,810 - root - ERROR - Main loop error: No Windows console found. Are you running cmd.exe?
2025-06-28 16:24:26,825 - root - ERROR - Main loop error: No Windows console found. Are you running cmd.exe?
2025-06-28 16:24:26,841 - root - ERROR - Main loop error: No Windows console found. Are you running cmd.exe?
2025-06-28 16:24:26,849 - root - ERROR - Main loop error: No Windows console found. Are you running cmd.exe?
2025-06-28 16:24:26,849 - root - ERROR - Main loop error: No Windows console found. Are you running cmd.exe?
2025-06-28 16:24:26,866 - root - ERROR - Main loop error: No Windows console found. Are you running cmd.exe?
2025-06-28 16:24:26,874 - root - ERROR - Main loop error: No Windows console found. Are you running cmd.exe?
2025-06-28 16:24:26,882 - root - ERROR - Main loop error: No Windows console found. Are you running cmd.exe?
2025-06-28 16:24:26,891 - root - ERROR - Main loop error: No Windows console found. Are you running cmd.exe?
2025-06-28 16:24:26,906 - root - ERROR - Main loop error: No Windows console found. Are you running cmd.exe?
2025-06-28 16:24:26,934 - root - ERROR - Main loop error: No Windows console found. Are you running cmd.exe?
2025-06-28 16:24:26,948 - root - ERROR - Main loop error: No Windows console found. Are you running cmd.exe?
2025-06-28 16:24:26,961 - root - ERROR - Main loop error: No Windows console found. Are you running cmd.exe?
2025-06-28 16:24:26,964 - root - ERROR - Main loop error: No Windows console found. Are you running cmd.exe?
2025-06-28 16:24:26,972 - root - ERROR - Main loop error: No Windows console found. Are you running cmd.exe?
2025-06-28 16:24:26,980 - root - ERROR - Main loop error: No Windows console found. Are you running cmd.exe?
2025-06-28 16:24:26,998 - root - ERROR - Main loop error: No Windows console found. Are you running cmd.exe?
2025-06-28 16:24:27,014 - root - ERROR - Main loop error: No Windows console found. Are you running cmd.exe?
2025-06-28 16:24:27,022 - root - ERROR - Main loop error: No Windows console found. Are you running cmd.exe?
2025-06-28 16:24:27,032 - root - ERROR - Main loop error: No Windows console found. Are you running cmd.exe?
2025-06-28 16:24:27,046 - root - ERROR - Main loop error: No Windows console found. Are you running cmd.exe?
2025-06-28 16:24:27,074 - root - ERROR - Main loop error: No Windows console found. Are you running cmd.exe?
2025-06-28 16:24:27,082 - root - ERROR - Main loop error: No Windows console found. Are you running cmd.exe?
2025-06-28 16:24:27,097 - root - ERROR - Main loop error: No Windows console found. Are you running cmd.exe?
2025-06-28 16:24:27,101 - root - ERROR - Main loop error: No Windows console found. Are you running cmd.exe?
2025-06-28 16:24:27,101 - root - ERROR - Main loop error: No Windows console found. Are you running cmd.exe?
2025-06-28 16:24:27,122 - root - ERROR - Main loop error: No Windows console found. Are you running cmd.exe?
2025-06-28 16:24:27,134 - root - ERROR - Main loop error: No Windows console found. Are you running cmd.exe?
2025-06-28 16:24:27,138 - root - ERROR - Main loop error: No Windows console found. Are you running cmd.exe?
2025-06-28 16:24:27,205 - root - ERROR - Main loop error: No Windows console found. Are you running cmd.exe?
2025-06-28 16:24:27,220 - root - ERROR - Main loop error: No Windows console found. Are you running cmd.exe?
2025-06-28 16:24:27,231 - root - ERROR - Main loop error: No Windows console found. Are you running cmd.exe?
2025-06-28 16:24:27,246 - root - ERROR - Main loop error: No Windows console found. Are you running cmd.exe?
2025-06-28 16:24:27,253 - root - ERROR - Main loop error: No Windows console found. Are you running cmd.exe?
2025-06-28 16:24:27,265 - root - ERROR - Main loop error: No Windows console found. Are you running cmd.exe?
2025-06-28 16:24:27,265 - root - ERROR - Main loop error: No Windows console found. Are you running cmd.exe?
2025-06-28 16:24:27,285 - root - ERROR - Main loop error: No Windows console found. Are you running cmd.exe?
2025-06-28 16:24:27,294 - root - ERROR - Main loop error: No Windows console found. Are you running cmd.exe?
2025-06-28 16:24:27,298 - root - ERROR - Main loop error: No Windows console found. Are you running cmd.exe?
2025-06-28 16:24:27,312 - root - ERROR - Main loop error: No Windows console found. Are you running cmd.exe?
2025-06-28 16:24:27,325 - root - ERROR - Main loop error: No Windows console found. Are you running cmd.exe?
2025-06-28 16:24:27,332 - root - ERROR - Main loop error: No Windows console found. Are you running cmd.exe?
2025-06-28 16:24:27,341 - root - ERROR - Main loop error: No Windows console found. Are you running cmd.exe?
2025-06-28 16:24:27,348 - root - ERROR - Main loop error: No Windows console found. Are you running cmd.exe?
2025-06-28 16:24:27,358 - root - ERROR - Main loop error: No Windows console found. Are you running cmd.exe?
2025-06-28 16:24:27,371 - root - ERROR - Main loop error: No Windows console found. Are you running cmd.exe?
2025-06-28 16:24:27,371 - root - ERROR - Main loop error: No Windows console found. Are you running cmd.exe?
2025-06-28 16:24:27,381 - root - ERROR - Main loop error: No Windows console found. Are you running cmd.exe?
2025-06-28 16:24:27,415 - root - ERROR - Main loop error: No Windows console found. Are you running cmd.exe?
2025-06-28 16:24:27,427 - root - ERROR - Main loop error: No Windows console found. Are you running cmd.exe?
2025-06-28 16:24:27,440 - root - ERROR - Main loop error: No Windows console found. Are you running cmd.exe?
2025-06-28 16:24:27,449 - root - ERROR - Main loop error: No Windows console found. Are you running cmd.exe?
2025-06-28 16:24:27,460 - root - ERROR - Main loop error: No Windows console found. Are you running cmd.exe?
2025-06-28 16:24:27,476 - root - ERROR - Main loop error: No Windows console found. Are you running cmd.exe?
2025-06-28 16:24:27,482 - root - ERROR - Main loop error: No Windows console found. Are you running cmd.exe?
2025-06-28 16:24:27,494 - root - ERROR - Main loop error: No Windows console found. Are you running cmd.exe?
2025-06-28 16:24:27,508 - root - ERROR - Main loop error: No Windows console found. Are you running cmd.exe?
2025-06-28 16:24:27,516 - root - ERROR - Main loop error: No Windows console found. Are you running cmd.exe?
2025-06-28 16:24:27,524 - root - ERROR - Main loop error: No Windows console found. Are you running cmd.exe?
2025-06-28 16:24:27,536 - root - ERROR - Main loop error: No Windows console found. Are you running cmd.exe?
2025-06-28 16:24:27,538 - root - ERROR - Main loop error: No Windows console found. Are you running cmd.exe?
2025-06-28 16:24:27,557 - root - ERROR - Main loop error: No Windows console found. Are you running cmd.exe?
2025-06-28 16:24:27,571 - root - ERROR - Main loop error: No Windows console found. Are you running cmd.exe?
2025-06-28 16:24:27,601 - root - ERROR - Main loop error: No Windows console found. Are you running cmd.exe?
2025-06-28 16:24:27,622 - root - ERROR - Main loop error: No Windows console found. Are you running cmd.exe?
2025-06-28 16:24:27,638 - root - ERROR - Main loop error: No Windows console found. Are you running cmd.exe?
2025-06-28 16:24:27,650 - root - ERROR - Main loop error: No Windows console found. Are you running cmd.exe?
2025-06-28 16:24:27,656 - root - ERROR - Main loop error: No Windows console found. Are you running cmd.exe?
2025-06-28 16:24:27,665 - root - ERROR - Main loop error: No Windows console found. Are you running cmd.exe?
2025-06-28 16:24:27,678 - root - ERROR - Main loop error: No Windows console found. Are you running cmd.exe?
2025-06-28 16:24:27,697 - root - ERROR - Main loop error: No Windows console found. Are you running cmd.exe?
2025-06-28 16:24:27,703 - root - ERROR - Main loop error: No Windows console found. Are you running cmd.exe?
2025-06-28 16:24:27,722 - root - ERROR - Main loop error: No Windows console found. Are you running cmd.exe?
2025-06-28 16:24:27,730 - root - ERROR - Main loop error: No Windows console found. Are you running cmd.exe?
2025-06-28 16:24:27,785 - root - ERROR - Main loop error: No Windows console found. Are you running cmd.exe?
2025-06-28 16:24:27,796 - root - ERROR - Main loop error: No Windows console found. Are you running cmd.exe?
2025-06-28 16:24:27,798 - root - ERROR - Main loop error: No Windows console found. Are you running cmd.exe?
2025-06-28 16:24:27,817 - root - ERROR - Main loop error: No Windows console found. Are you running cmd.exe?
2025-06-28 16:24:27,821 - root - ERROR - Main loop error: No Windows console found. Are you running cmd.exe?
2025-06-28 16:24:27,831 - root - ERROR - Main loop error: No Windows console found. Are you running cmd.exe?
2025-06-28 16:24:27,849 - root - ERROR - Main loop error: No Windows console found. Are you running cmd.exe?
2025-06-28 16:24:27,856 - root - ERROR - Main loop error: No Windows console found. Are you running cmd.exe?
2025-06-28 16:24:27,864 - root - ERROR - Main loop error: No Windows console found. Are you running cmd.exe?
2025-06-28 16:24:27,878 - root - ERROR - Main loop error: No Windows console found. Are you running cmd.exe?
2025-06-28 16:24:27,889 - root - ERROR - Main loop error: No Windows console found. Are you running cmd.exe?
2025-06-28 16:24:27,898 - root - ERROR - Main loop error: No Windows console found. Are you running cmd.exe?
2025-06-28 16:24:27,903 - root - ERROR - Main loop error: No Windows console found. Are you running cmd.exe?
2025-06-28 16:24:27,915 - root - ERROR - Main loop error: No Windows console found. Are you running cmd.exe?
2025-06-28 16:24:27,922 - root - ERROR - Main loop error: No Windows console found. Are you running cmd.exe?
2025-06-28 16:24:27,941 - root - ERROR - Main loop error: No Windows console found. Are you running cmd.exe?
2025-06-28 16:24:27,947 - root - ERROR - Main loop error: No Windows console found. Are you running cmd.exe?
2025-06-28 16:24:27,965 - root - ERROR - Main loop error: No Windows console found. Are you running cmd.exe?
2025-06-28 16:24:27,971 - root - ERROR - Main loop error: No Windows console found. Are you running cmd.exe?
2025-06-28 16:24:27,983 - root - ERROR - Main loop error: No Windows console found. Are you running cmd.exe?
2025-06-28 16:24:27,999 - root - ERROR - Main loop error: No Windows console found. Are you running cmd.exe?
2025-06-28 16:24:28,021 - root - ERROR - Main loop error: No Windows console found. Are you running cmd.exe?
2025-06-28 16:24:28,038 - root - ERROR - Main loop error: No Windows console found. Are you running cmd.exe?
2025-06-28 16:24:28,053 - root - ERROR - Main loop error: No Windows console found. Are you running cmd.exe?
2025-06-28 16:24:28,068 - root - ERROR - Main loop error: No Windows console found. Are you running cmd.exe?
2025-06-28 16:24:28,082 - root - ERROR - Main loop error: No Windows console found. Are you running cmd.exe?
2025-06-28 16:24:28,089 - root - ERROR - Main loop error: No Windows console found. Are you running cmd.exe?
2025-06-28 16:24:28,133 - root - ERROR - Main loop error: No Windows console found. Are you running cmd.exe?
2025-06-28 16:24:28,145 - root - ERROR - Main loop error: No Windows console found. Are you running cmd.exe?
2025-06-28 16:24:28,152 - root - ERROR - Main loop error: No Windows console found. Are you running cmd.exe?
2025-06-28 16:24:28,167 - root - ERROR - Main loop error: No Windows console found. Are you running cmd.exe?
2025-06-28 16:24:28,173 - root - ERROR - Main loop error: No Windows console found. Are you running cmd.exe?
2025-06-28 16:24:28,186 - root - ERROR - Main loop error: No Windows console found. Are you running cmd.exe?
2025-06-28 16:24:28,193 - root - ERROR - Main loop error: No Windows console found. Are you running cmd.exe?
2025-06-28 16:24:28,203 - root - ERROR - Main loop error: No Windows console found. Are you running cmd.exe?
2025-06-28 16:24:28,217 - root - ERROR - Main loop error: No Windows console found. Are you running cmd.exe?
2025-06-28 16:24:28,224 - root - ERROR - Main loop error: No Windows console found. Are you running cmd.exe?
2025-06-28 16:24:28,231 - root - ERROR - Main loop error: No Windows console found. Are you running cmd.exe?
2025-06-28 16:24:28,240 - root - ERROR - Main loop error: No Windows console found. Are you running cmd.exe?
2025-06-28 16:24:28,248 - root - ERROR - Main loop error: No Windows console found. Are you running cmd.exe?
2025-06-28 16:24:28,264 - root - ERROR - Main loop error: No Windows console found. Are you running cmd.exe?
2025-06-28 16:24:28,275 - root - ERROR - Main loop error: No Windows console found. Are you running cmd.exe?
2025-06-28 16:24:28,286 - root - ERROR - Main loop error: No Windows console found. Are you running cmd.exe?
2025-06-28 16:24:28,292 - root - ERROR - Main loop error: No Windows console found. Are you running cmd.exe?
2025-06-28 16:24:28,297 - root - ERROR - Main loop error: No Windows console found. Are you running cmd.exe?
2025-06-28 16:24:28,316 - root - ERROR - Main loop error: No Windows console found. Are you running cmd.exe?
2025-06-28 16:24:28,322 - root - ERROR - Main loop error: No Windows console found. Are you running cmd.exe?
2025-06-28 16:24:28,331 - root - ERROR - Main loop error: No Windows console found. Are you running cmd.exe?
2025-06-28 16:24:28,341 - root - ERROR - Main loop error: No Windows console found. Are you running cmd.exe?
2025-06-28 16:24:28,349 - root - ERROR - Main loop error: No Windows console found. Are you running cmd.exe?
2025-06-28 16:24:28,364 - root - ERROR - Main loop error: No Windows console found. Are you running cmd.exe?
2025-06-28 16:24:28,364 - root - ERROR - Main loop error: No Windows console found. Are you running cmd.exe?
2025-06-28 16:24:28,383 - root - ERROR - Main loop error: No Windows console found. Are you running cmd.exe?
2025-06-28 16:24:28,397 - root - ERROR - Main loop error: No Windows console found. Are you running cmd.exe?
2025-06-28 16:24:28,430 - root - ERROR - Main loop error: No Windows console found. Are you running cmd.exe?
2025-06-28 16:24:28,439 - root - ERROR - Main loop error: No Windows console found. Are you running cmd.exe?
2025-06-28 16:24:28,450 - root - ERROR - Main loop error: No Windows console found. Are you running cmd.exe?
2025-06-28 16:24:28,488 - root - ERROR - Main loop error: No Windows console found. Are you running cmd.exe?
2025-06-28 16:24:28,515 - root - ERROR - Main loop error: No Windows console found. Are you running cmd.exe?
2025-06-28 16:24:28,521 - root - ERROR - Main loop error: No Windows console found. Are you running cmd.exe?
2025-06-28 16:24:28,533 - root - ERROR - Main loop error: No Windows console found. Are you running cmd.exe?
2025-06-28 16:24:28,546 - root - ERROR - Main loop error: No Windows console found. Are you running cmd.exe?
2025-06-28 16:24:28,563 - root - ERROR - Main loop error: No Windows console found. Are you running cmd.exe?
2025-06-28 16:24:28,568 - root - ERROR - Main loop error: No Windows console found. Are you running cmd.exe?
2025-06-28 16:24:28,580 - root - ERROR - Main loop error: No Windows console found. Are you running cmd.exe?
2025-06-28 16:24:28,588 - root - ERROR - Main loop error: No Windows console found. Are you running cmd.exe?
2025-06-28 16:24:28,600 - root - ERROR - Main loop error: No Windows console found. Are you running cmd.exe?
2025-06-28 16:24:28,607 - root - ERROR - Main loop error: No Windows console found. Are you running cmd.exe?
2025-06-28 16:24:28,619 - root - ERROR - Main loop error: No Windows console found. Are you running cmd.exe?
2025-06-28 16:24:28,627 - root - ERROR - Main loop error: No Windows console found. Are you running cmd.exe?
2025-06-28 16:24:28,639 - root - ERROR - Main loop error: No Windows console found. Are you running cmd.exe?
2025-06-28 16:24:28,647 - root - ERROR - Main loop error: No Windows console found. Are you running cmd.exe?
2025-06-28 16:24:28,655 - root - ERROR - Main loop error: No Windows console found. Are you running cmd.exe?
2025-06-28 16:24:28,668 - root - ERROR - Main loop error: No Windows console found. Are you running cmd.exe?
2025-06-28 16:24:28,668 - root - ERROR - Main loop error: No Windows console found. Are you running cmd.exe?
2025-06-28 16:24:28,680 - root - ERROR - Main loop error: No Windows console found. Are you running cmd.exe?
2025-06-28 16:24:28,696 - root - ERROR - Main loop error: No Windows console found. Are you running cmd.exe?
2025-06-28 16:24:28,704 - root - ERROR - Main loop error: No Windows console found. Are you running cmd.exe?
2025-06-28 16:24:28,712 - root - ERROR - Main loop error: No Windows console found. Are you running cmd.exe?
2025-06-28 16:24:28,732 - root - ERROR - Main loop error: No Windows console found. Are you running cmd.exe?
2025-06-28 16:24:28,768 - root - ERROR - Main loop error: No Windows console found. Are you running cmd.exe?
2025-06-28 16:24:28,768 - root - ERROR - Main loop error: No Windows console found. Are you running cmd.exe?
2025-06-28 16:24:28,787 - root - ERROR - Main loop error: No Windows console found. Are you running cmd.exe?
2025-06-28 16:24:28,796 - root - ERROR - Main loop error: No Windows console found. Are you running cmd.exe?
2025-06-28 16:24:28,808 - root - ERROR - Main loop error: No Windows console found. Are you running cmd.exe?
2025-06-28 16:24:28,820 - root - ERROR - Main loop error: No Windows console found. Are you running cmd.exe?
2025-06-28 16:24:28,829 - root - ERROR - Main loop error: No Windows console found. Are you running cmd.exe?
2025-06-28 16:24:28,838 - root - ERROR - Main loop error: No Windows console found. Are you running cmd.exe?
2025-06-28 16:24:28,846 - root - ERROR - Main loop error: No Windows console found. Are you running cmd.exe?
2025-06-28 16:24:28,853 - root - ERROR - Main loop error: No Windows console found. Are you running cmd.exe?
2025-06-28 16:24:28,863 - root - ERROR - Main loop error: No Windows console found. Are you running cmd.exe?
2025-06-28 16:24:28,871 - root - ERROR - Main loop error: No Windows console found. Are you running cmd.exe?
2025-06-28 16:24:28,907 - root - ERROR - Main loop error: No Windows console found. Are you running cmd.exe?
2025-06-28 16:24:28,923 - root - ERROR - Main loop error: No Windows console found. Are you running cmd.exe?
2025-06-28 16:24:28,940 - root - ERROR - Main loop error: No Windows console found. Are you running cmd.exe?
2025-06-28 16:24:28,952 - root - ERROR - Main loop error: No Windows console found. Are you running cmd.exe?
2025-06-28 16:24:28,971 - root - ERROR - Main loop error: No Windows console found. Are you running cmd.exe?
2025-06-28 16:24:28,979 - root - ERROR - Main loop error: No Windows console found. Are you running cmd.exe?
2025-06-28 16:24:28,988 - root - ERROR - Main loop error: No Windows console found. Are you running cmd.exe?
2025-06-28 16:24:28,996 - root - ERROR - Main loop error: No Windows console found. Are you running cmd.exe?
2025-06-28 16:24:29,002 - root - ERROR - Main loop error: No Windows console found. Are you running cmd.exe?
2025-06-28 16:24:29,013 - root - ERROR - Main loop error: No Windows console found. Are you running cmd.exe?
2025-06-28 16:24:29,025 - root - ERROR - Main loop error: No Windows console found. Are you running cmd.exe?
2025-06-28 16:24:29,034 - root - ERROR - Main loop error: No Windows console found. Are you running cmd.exe?
2025-06-28 16:24:29,046 - root - ERROR - Main loop error: No Windows console found. Are you running cmd.exe?
2025-06-28 16:24:29,056 - root - ERROR - Main loop error: No Windows console found. Are you running cmd.exe?
2025-06-28 16:24:29,069 - root - ERROR - Main loop error: No Windows console found. Are you running cmd.exe?
2025-06-28 16:24:29,112 - root - ERROR - Main loop error: No Windows console found. Are you running cmd.exe?
2025-06-28 16:24:29,120 - root - ERROR - Main loop error: No Windows console found. Are you running cmd.exe?
2025-06-28 16:24:29,130 - root - ERROR - Main loop error: No Windows console found. Are you running cmd.exe?
2025-06-28 16:24:29,138 - root - ERROR - Main loop error: No Windows console found. Are you running cmd.exe?
2025-06-28 16:24:29,141 - root - ERROR - Main loop error: No Windows console found. Are you running cmd.exe?
2025-06-28 16:24:29,157 - root - ERROR - Main loop error: No Windows console found. Are you running cmd.exe?
2025-06-28 16:24:29,165 - root - ERROR - Main loop error: No Windows console found. Are you running cmd.exe?
2025-06-28 16:24:29,173 - root - ERROR - Main loop error: No Windows console found. Are you running cmd.exe?
2025-06-28 16:24:29,184 - root - ERROR - Main loop error: No Windows console found. Are you running cmd.exe?
2025-06-28 16:24:29,189 - root - ERROR - Main loop error: No Windows console found. Are you running cmd.exe?
2025-06-28 16:24:29,198 - root - ERROR - Main loop error: No Windows console found. Are you running cmd.exe?
2025-06-28 16:24:29,214 - root - ERROR - Main loop error: No Windows console found. Are you running cmd.exe?
2025-06-28 16:24:29,259 - root - ERROR - Main loop error: No Windows console found. Are you running cmd.exe?
2025-06-28 16:24:29,295 - root - ERROR - Main loop error: No Windows console found. Are you running cmd.exe?
2025-06-28 16:24:29,311 - root - ERROR - Main loop error: No Windows console found. Are you running cmd.exe?
2025-06-28 16:24:29,328 - root - ERROR - Main loop error: No Windows console found. Are you running cmd.exe?
2025-06-28 16:24:29,335 - root - ERROR - Main loop error: No Windows console found. Are you running cmd.exe?
2025-06-28 16:24:29,348 - root - ERROR - Main loop error: No Windows console found. Are you running cmd.exe?
2025-06-28 16:24:29,357 - root - ERROR - Main loop error: No Windows console found. Are you running cmd.exe?
2025-06-28 16:24:29,361 - root - ERROR - Main loop error: No Windows console found. Are you running cmd.exe?
2025-06-28 16:24:29,370 - root - ERROR - Main loop error: No Windows console found. Are you running cmd.exe?
2025-06-28 16:24:29,385 - root - ERROR - Main loop error: No Windows console found. Are you running cmd.exe?
2025-06-28 16:24:29,389 - root - ERROR - Main loop error: No Windows console found. Are you running cmd.exe?
2025-06-28 16:24:29,404 - root - ERROR - Main loop error: No Windows console found. Are you running cmd.exe?
2025-06-28 16:24:29,419 - root - ERROR - Main loop error: No Windows console found. Are you running cmd.exe?
2025-06-28 16:24:29,429 - root - ERROR - Main loop error: No Windows console found. Are you running cmd.exe?
2025-06-28 16:24:29,460 - root - ERROR - Main loop error: No Windows console found. Are you running cmd.exe?
2025-06-28 16:24:29,471 - root - ERROR - Main loop error: No Windows console found. Are you running cmd.exe?
2025-06-28 16:24:29,486 - root - ERROR - Main loop error: No Windows console found. Are you running cmd.exe?
2025-06-28 16:24:29,501 - root - ERROR - Main loop error: No Windows console found. Are you running cmd.exe?
2025-06-28 16:24:29,509 - root - ERROR - Main loop error: No Windows console found. Are you running cmd.exe?
2025-06-28 16:24:29,519 - root - ERROR - Main loop error: No Windows console found. Are you running cmd.exe?
2025-06-28 16:24:29,525 - root - ERROR - Main loop error: No Windows console found. Are you running cmd.exe?
2025-06-28 16:24:29,538 - root - ERROR - Main loop error: No Windows console found. Are you running cmd.exe?
2025-06-28 16:24:29,545 - root - ERROR - Main loop error: No Windows console found. Are you running cmd.exe?
2025-06-28 16:24:29,557 - root - ERROR - Main loop error: No Windows console found. Are you running cmd.exe?
2025-06-28 16:24:29,567 - root - ERROR - Main loop error: No Windows console found. Are you running cmd.exe?
2025-06-28 16:24:29,583 - root - ERROR - Main loop error: No Windows console found. Are you running cmd.exe?
2025-06-28 16:24:29,596 - root - ERROR - Main loop error: No Windows console found. Are you running cmd.exe?
2025-06-28 16:24:29,610 - root - ERROR - Main loop error: No Windows console found. Are you running cmd.exe?
2025-06-28 16:24:29,622 - root - ERROR - Main loop error: No Windows console found. Are you running cmd.exe?
2025-06-28 16:24:29,646 - root - ERROR - Main loop error: No Windows console found. Are you running cmd.exe?
2025-06-28 16:24:29,653 - root - ERROR - Main loop error: No Windows console found. Are you running cmd.exe?
2025-06-28 16:24:29,667 - root - ERROR - Main loop error: No Windows console found. Are you running cmd.exe?
2025-06-28 16:24:29,679 - root - ERROR - Main loop error: No Windows console found. Are you running cmd.exe?
2025-06-28 16:24:29,689 - root - ERROR - Main loop error: No Windows console found. Are you running cmd.exe?
2025-06-28 16:24:29,696 - root - ERROR - Main loop error: No Windows console found. Are you running cmd.exe?
2025-06-28 16:24:29,704 - root - ERROR - Main loop error: No Windows console found. Are you running cmd.exe?
2025-06-28 16:24:29,722 - root - ERROR - Main loop error: No Windows console found. Are you running cmd.exe?
2025-06-28 16:24:29,731 - root - ERROR - Main loop error: No Windows console found. Are you running cmd.exe?
2025-06-28 16:24:29,738 - root - ERROR - Main loop error: No Windows console found. Are you running cmd.exe?
2025-06-28 16:24:29,746 - root - ERROR - Main loop error: No Windows console found. Are you running cmd.exe?
2025-06-28 16:24:29,754 - root - ERROR - Main loop error: No Windows console found. Are you running cmd.exe?
2025-06-28 16:24:29,795 - root - ERROR - Main loop error: No Windows console found. Are you running cmd.exe?
2025-06-28 16:24:29,799 - root - ERROR - Main loop error: No Windows console found. Are you running cmd.exe?
2025-06-28 16:24:29,812 - root - ERROR - Main loop error: No Windows console found. Are you running cmd.exe?
2025-06-28 16:24:29,826 - root - ERROR - Main loop error: No Windows console found. Are you running cmd.exe?
2025-06-28 16:24:29,839 - root - ERROR - Main loop error: No Windows console found. Are you running cmd.exe?
2025-06-28 16:24:29,846 - root - ERROR - Main loop error: No Windows console found. Are you running cmd.exe?
2025-06-28 16:24:29,853 - root - ERROR - Main loop error: No Windows console found. Are you running cmd.exe?
2025-06-28 16:24:29,866 - root - ERROR - Main loop error: No Windows console found. Are you running cmd.exe?
2025-06-28 16:24:29,870 - root - ERROR - Main loop error: No Windows console found. Are you running cmd.exe?
2025-06-28 16:24:29,881 - root - ERROR - Main loop error: No Windows console found. Are you running cmd.exe?
2025-06-28 16:24:29,888 - root - ERROR - Main loop error: No Windows console found. Are you running cmd.exe?
2025-06-28 16:24:29,895 - root - ERROR - Main loop error: No Windows console found. Are you running cmd.exe?
2025-06-28 16:24:29,903 - root - ERROR - Main loop error: No Windows console found. Are you running cmd.exe?
2025-06-28 16:24:29,920 - root - ERROR - Main loop error: No Windows console found. Are you running cmd.exe?
2025-06-28 16:24:29,939 - root - ERROR - Main loop error: No Windows console found. Are you running cmd.exe?
2025-06-28 16:24:29,957 - root - ERROR - Main loop error: No Windows console found. Are you running cmd.exe?
2025-06-28 16:24:29,979 - root - ERROR - Main loop error: No Windows console found. Are you running cmd.exe?
2025-06-28 16:24:30,006 - root - ERROR - Main loop error: No Windows console found. Are you running cmd.exe?
2025-06-28 16:24:30,018 - root - ERROR - Main loop error: No Windows console found. Are you running cmd.exe?
2025-06-28 16:24:30,028 - root - ERROR - Main loop error: No Windows console found. Are you running cmd.exe?
2025-06-28 16:24:30,039 - root - ERROR - Main loop error: No Windows console found. Are you running cmd.exe?
2025-06-28 16:24:30,056 - root - ERROR - Main loop error: No Windows console found. Are you running cmd.exe?
2025-06-28 16:24:30,070 - root - ERROR - Main loop error: No Windows console found. Are you running cmd.exe?
2025-06-28 16:24:30,080 - root - ERROR - Main loop error: No Windows console found. Are you running cmd.exe?
2025-06-28 16:24:30,088 - root - ERROR - Main loop error: No Windows console found. Are you running cmd.exe?
2025-06-28 16:24:30,096 - root - ERROR - Main loop error: No Windows console found. Are you running cmd.exe?
2025-06-28 16:24:30,103 - root - ERROR - Main loop error: No Windows console found. Are you running cmd.exe?
2025-06-28 16:24:30,151 - root - ERROR - Main loop error: No Windows console found. Are you running cmd.exe?
2025-06-28 16:24:30,159 - root - ERROR - Main loop error: No Windows console found. Are you running cmd.exe?
2025-06-28 16:24:30,167 - root - ERROR - Main loop error: No Windows console found. Are you running cmd.exe?
2025-06-28 16:24:30,179 - root - ERROR - Main loop error: No Windows console found. Are you running cmd.exe?
2025-06-28 16:24:30,188 - root - ERROR - Main loop error: No Windows console found. Are you running cmd.exe?
2025-06-28 16:24:30,200 - root - ERROR - Main loop error: No Windows console found. Are you running cmd.exe?
2025-06-28 16:24:30,215 - root - ERROR - Main loop error: No Windows console found. Are you running cmd.exe?
2025-06-28 16:24:30,221 - root - ERROR - Main loop error: No Windows console found. Are you running cmd.exe?
2025-06-28 16:24:30,229 - root - ERROR - Main loop error: No Windows console found. Are you running cmd.exe?
2025-06-28 16:24:30,244 - root - ERROR - Main loop error: No Windows console found. Are you running cmd.exe?
2025-06-28 16:24:30,253 - root - ERROR - Main loop error: No Windows console found. Are you running cmd.exe?
2025-06-28 16:24:30,253 - root - ERROR - Main loop error: No Windows console found. Are you running cmd.exe?
2025-06-28 16:24:30,274 - root - ERROR - Main loop error: No Windows console found. Are you running cmd.exe?
2025-06-28 16:24:30,282 - root - ERROR - Main loop error: No Windows console found. Are you running cmd.exe?
2025-06-28 16:24:30,296 - root - ERROR - Main loop error: No Windows console found. Are you running cmd.exe?
2025-06-28 16:24:30,312 - root - ERROR - Main loop error: No Windows console found. Are you running cmd.exe?
2025-06-28 16:24:30,346 - root - ERROR - Main loop error: No Windows console found. Are you running cmd.exe?
2025-06-28 16:24:30,360 - root - ERROR - Main loop error: No Windows console found. Are you running cmd.exe?
2025-06-28 16:24:30,371 - root - ERROR - Main loop error: No Windows console found. Are you running cmd.exe?
2025-06-28 16:24:30,379 - root - ERROR - Main loop error: No Windows console found. Are you running cmd.exe?
2025-06-28 16:24:30,397 - root - ERROR - Main loop error: No Windows console found. Are you running cmd.exe?
2025-06-28 16:24:30,400 - root - ERROR - Main loop error: No Windows console found. Are you running cmd.exe?
2025-06-28 16:24:30,412 - root - ERROR - Main loop error: No Windows console found. Are you running cmd.exe?
2025-06-28 16:24:30,418 - root - ERROR - Main loop error: No Windows console found. Are you running cmd.exe?
2025-06-28 16:24:30,433 - root - ERROR - Main loop error: No Windows console found. Are you running cmd.exe?
2025-06-28 16:24:30,439 - root - ERROR - Main loop error: No Windows console found. Are you running cmd.exe?
2025-06-28 16:24:30,479 - root - ERROR - Main loop error: No Windows console found. Are you running cmd.exe?
2025-06-28 16:24:30,491 - root - ERROR - Main loop error: No Windows console found. Are you running cmd.exe?
2025-06-28 16:24:30,503 - root - ERROR - Main loop error: No Windows console found. Are you running cmd.exe?
2025-06-28 16:24:30,517 - root - ERROR - Main loop error: No Windows console found. Are you running cmd.exe?
2025-06-28 16:24:30,526 - root - ERROR - Main loop error: No Windows console found. Are you running cmd.exe?
2025-06-28 16:24:30,529 - root - ERROR - Main loop error: No Windows console found. Are you running cmd.exe?
2025-06-28 16:24:30,543 - root - ERROR - Main loop error: No Windows console found. Are you running cmd.exe?
2025-06-28 16:24:30,556 - root - ERROR - Main loop error: No Windows console found. Are you running cmd.exe?
2025-06-28 16:24:30,562 - root - ERROR - Main loop error: No Windows console found. Are you running cmd.exe?
2025-06-28 16:24:30,562 - root - ERROR - Main loop error: No Windows console found. Are you running cmd.exe?
2025-06-28 16:24:30,588 - root - ERROR - Main loop error: No Windows console found. Are you running cmd.exe?
2025-06-28 16:24:30,595 - root - ERROR - Main loop error: No Windows console found. Are you running cmd.exe?
2025-06-28 16:24:30,606 - root - ERROR - Main loop error: No Windows console found. Are you running cmd.exe?
2025-06-28 16:24:30,618 - root - ERROR - Main loop error: No Windows console found. Are you running cmd.exe?
2025-06-28 16:24:30,622 - root - ERROR - Main loop error: No Windows console found. Are you running cmd.exe?
2025-06-28 16:24:30,628 - root - ERROR - Main loop error: No Windows console found. Are you running cmd.exe?
2025-06-28 16:24:30,639 - root - ERROR - Main loop error: No Windows console found. Are you running cmd.exe?
2025-06-28 16:24:30,652 - root - ERROR - Main loop error: No Windows console found. Are you running cmd.exe?
2025-06-28 16:24:30,661 - root - ERROR - Main loop error: No Windows console found. Are you running cmd.exe?
2025-06-28 16:24:30,674 - root - ERROR - Main loop error: No Windows console found. Are you running cmd.exe?
2025-06-28 16:24:30,695 - root - ERROR - Main loop error: No Windows console found. Are you running cmd.exe?
2025-06-28 16:24:30,709 - root - ERROR - Main loop error: No Windows console found. Are you running cmd.exe?
2025-06-28 16:24:30,733 - root - ERROR - Main loop error: No Windows console found. Are you running cmd.exe?
2025-06-28 16:24:30,745 - root - ERROR - Main loop error: No Windows console found. Are you running cmd.exe?
2025-06-28 16:24:30,762 - root - ERROR - Main loop error: No Windows console found. Are you running cmd.exe?
2025-06-28 16:24:30,770 - root - ERROR - Main loop error: No Windows console found. Are you running cmd.exe?
2025-06-28 16:24:30,774 - root - ERROR - Main loop error: No Windows console found. Are you running cmd.exe?
2025-06-28 16:24:30,819 - root - ERROR - Main loop error: No Windows console found. Are you running cmd.exe?
2025-06-28 16:24:30,832 - root - ERROR - Main loop error: No Windows console found. Are you running cmd.exe?
2025-06-28 16:24:30,842 - root - ERROR - Main loop error: No Windows console found. Are you running cmd.exe?
2025-06-28 16:24:30,842 - root - ERROR - Main loop error: No Windows console found. Are you running cmd.exe?
2025-06-28 16:24:30,850 - root - ERROR - Main loop error: No Windows console found. Are you running cmd.exe?
2025-06-28 16:24:30,869 - root - ERROR - Main loop error: No Windows console found. Are you running cmd.exe?
2025-06-28 16:24:30,877 - root - ERROR - Main loop error: No Windows console found. Are you running cmd.exe?
2025-06-28 16:24:30,888 - root - ERROR - Main loop error: No Windows console found. Are you running cmd.exe?
2025-06-28 16:24:30,894 - root - ERROR - Main loop error: No Windows console found. Are you running cmd.exe?
2025-06-28 16:24:30,903 - root - ERROR - Main loop error: No Windows console found. Are you running cmd.exe?
2025-06-28 16:24:30,911 - root - ERROR - Main loop error: No Windows console found. Are you running cmd.exe?
2025-06-28 16:24:30,919 - root - ERROR - Main loop error: No Windows console found. Are you running cmd.exe?
2025-06-28 16:24:30,931 - root - ERROR - Main loop error: No Windows console found. Are you running cmd.exe?
2025-06-28 16:24:30,944 - root - ERROR - Main loop error: No Windows console found. Are you running cmd.exe?
2025-06-28 16:24:30,950 - root - ERROR - Main loop error: No Windows console found. Are you running cmd.exe?
2025-06-28 16:24:30,958 - root - ERROR - Main loop error: No Windows console found. Are you running cmd.exe?
2025-06-28 16:24:30,970 - root - ERROR - Main loop error: No Windows console found. Are you running cmd.exe?
2025-06-28 16:24:30,978 - root - ERROR - Main loop error: No Windows console found. Are you running cmd.exe?
2025-06-28 16:24:31,030 - root - ERROR - Main loop error: No Windows console found. Are you running cmd.exe?
2025-06-28 16:24:31,055 - root - ERROR - Main loop error: No Windows console found. Are you running cmd.exe?
2025-06-28 16:24:31,078 - root - ERROR - Main loop error: No Windows console found. Are you running cmd.exe?
2025-06-28 16:24:31,086 - root - ERROR - Main loop error: No Windows console found. Are you running cmd.exe?
2025-06-28 16:24:31,094 - root - ERROR - Main loop error: No Windows console found. Are you running cmd.exe?
2025-06-28 16:24:31,103 - root - ERROR - Main loop error: No Windows console found. Are you running cmd.exe?
2025-06-28 16:24:31,119 - root - ERROR - Main loop error: No Windows console found. Are you running cmd.exe?
2025-06-28 16:24:31,127 - root - ERROR - Main loop error: No Windows console found. Are you running cmd.exe?
2025-06-28 16:24:31,172 - root - ERROR - Main loop error: No Windows console found. Are you running cmd.exe?
2025-06-28 16:24:31,174 - root - ERROR - Main loop error: No Windows console found. Are you running cmd.exe?
2025-06-28 16:24:31,188 - root - ERROR - Main loop error: No Windows console found. Are you running cmd.exe?
2025-06-28 16:24:31,200 - root - ERROR - Main loop error: No Windows console found. Are you running cmd.exe?
2025-06-28 16:24:31,207 - root - ERROR - Main loop error: No Windows console found. Are you running cmd.exe?
2025-06-28 16:24:31,216 - root - ERROR - Main loop error: No Windows console found. Are you running cmd.exe?
2025-06-28 16:24:31,227 - root - ERROR - Main loop error: No Windows console found. Are you running cmd.exe?
2025-06-28 16:24:31,233 - root - ERROR - Main loop error: No Windows console found. Are you running cmd.exe?
2025-06-28 16:24:31,244 - root - ERROR - Main loop error: No Windows console found. Are you running cmd.exe?
2025-06-28 16:24:31,255 - root - ERROR - Main loop error: No Windows console found. Are you running cmd.exe?
2025-06-28 16:24:31,264 - root - ERROR - Main loop error: No Windows console found. Are you running cmd.exe?
2025-06-28 16:24:31,272 - root - ERROR - Main loop error: No Windows console found. Are you running cmd.exe?
2025-06-28 16:24:31,280 - root - ERROR - Main loop error: No Windows console found. Are you running cmd.exe?
2025-06-28 16:24:31,296 - root - ERROR - Main loop error: No Windows console found. Are you running cmd.exe?
2025-06-28 16:24:31,304 - root - ERROR - Main loop error: No Windows console found. Are you running cmd.exe?
2025-06-28 16:24:31,357 - root - ERROR - Main loop error: No Windows console found. Are you running cmd.exe?
2025-06-28 16:24:31,370 - root - ERROR - Main loop error: No Windows console found. Are you running cmd.exe?
2025-06-28 16:24:31,394 - root - ERROR - Main loop error: No Windows console found. Are you running cmd.exe?
2025-06-28 16:24:31,402 - root - ERROR - Main loop error: No Windows console found. Are you running cmd.exe?
2025-06-28 16:24:31,420 - root - ERROR - Main loop error: No Windows console found. Are you running cmd.exe?
2025-06-28 16:24:31,434 - root - ERROR - Main loop error: No Windows console found. Are you running cmd.exe?
2025-06-28 16:24:31,444 - root - ERROR - Main loop error: No Windows console found. Are you running cmd.exe?
2025-06-28 16:24:31,453 - root - ERROR - Main loop error: No Windows console found. Are you running cmd.exe?
2025-06-28 16:24:31,463 - root - ERROR - Main loop error: No Windows console found. Are you running cmd.exe?
2025-06-28 16:24:31,475 - root - ERROR - Main loop error: No Windows console found. Are you running cmd.exe?
2025-06-28 16:24:31,485 - root - ERROR - Main loop error: No Windows console found. Are you running cmd.exe?
2025-06-28 16:24:31,494 - root - ERROR - Main loop error: No Windows console found. Are you running cmd.exe?
2025-06-28 16:24:31,527 - root - ERROR - Main loop error: No Windows console found. Are you running cmd.exe?
2025-06-28 16:24:31,529 - root - ERROR - Main loop error: No Windows console found. Are you running cmd.exe?
2025-06-28 16:24:31,544 - root - ERROR - Main loop error: No Windows console found. Are you running cmd.exe?
2025-06-28 16:24:31,549 - root - ERROR - Main loop error: No Windows console found. Are you running cmd.exe?
2025-06-28 16:24:31,557 - root - ERROR - Main loop error: No Windows console found. Are you running cmd.exe?
2025-06-28 16:24:31,573 - root - ERROR - Main loop error: No Windows console found. Are you running cmd.exe?
2025-06-28 16:24:31,581 - root - ERROR - Main loop error: No Windows console found. Are you running cmd.exe?
2025-06-28 16:24:31,589 - root - ERROR - Main loop error: No Windows console found. Are you running cmd.exe?
2025-06-28 16:24:31,597 - root - ERROR - Main loop error: No Windows console found. Are you running cmd.exe?
2025-06-28 16:24:31,604 - root - ERROR - Main loop error: No Windows console found. Are you running cmd.exe?
2025-06-28 16:24:31,622 - root - ERROR - Main loop error: No Windows console found. Are you running cmd.exe?
2025-06-28 16:24:31,637 - root - ERROR - Main loop error: No Windows console found. Are you running cmd.exe?
2025-06-28 16:24:31,644 - root - ERROR - Main loop error: No Windows console found. Are you running cmd.exe?
2025-06-28 16:24:31,655 - root - ERROR - Main loop error: No Windows console found. Are you running cmd.exe?
2025-06-28 16:24:31,660 - root - ERROR - Main loop error: No Windows console found. Are you running cmd.exe?
2025-06-28 16:24:31,668 - root - ERROR - Main loop error: No Windows console found. Are you running cmd.exe?
2025-06-28 16:24:31,681 - root - ERROR - Main loop error: No Windows console found. Are you running cmd.exe?
2025-06-28 16:24:31,688 - root - ERROR - Main loop error: No Windows console found. Are you running cmd.exe?
2025-06-28 16:24:31,693 - root - ERROR - Main loop error: No Windows console found. Are you running cmd.exe?
2025-06-28 16:24:31,714 - root - ERROR - Main loop error: No Windows console found. Are you running cmd.exe?
2025-06-28 16:24:31,726 - root - ERROR - Main loop error: No Windows console found. Are you running cmd.exe?
2025-06-28 16:24:31,742 - root - ERROR - Main loop error: No Windows console found. Are you running cmd.exe?
2025-06-28 16:24:31,760 - root - ERROR - Main loop error: No Windows console found. Are you running cmd.exe?
2025-06-28 16:24:31,774 - root - ERROR - Main loop error: No Windows console found. Are you running cmd.exe?
2025-06-28 16:24:31,784 - root - ERROR - Main loop error: No Windows console found. Are you running cmd.exe?
2025-06-28 16:24:31,793 - root - ERROR - Main loop error: No Windows console found. Are you running cmd.exe?
2025-06-28 16:24:31,810 - root - ERROR - Main loop error: No Windows console found. Are you running cmd.exe?
2025-06-28 16:24:31,849 - root - ERROR - Main loop error: No Windows console found. Are you running cmd.exe?
2025-06-28 16:24:31,849 - root - ERROR - Main loop error: No Windows console found. Are you running cmd.exe?
2025-06-28 16:24:31,868 - root - ERROR - Main loop error: No Windows console found. Are you running cmd.exe?
2025-06-28 16:24:31,881 - root - ERROR - Main loop error: No Windows console found. Are you running cmd.exe?
2025-06-28 16:24:31,892 - root - ERROR - Main loop error: No Windows console found. Are you running cmd.exe?
2025-06-28 16:24:31,901 - root - ERROR - Main loop error: No Windows console found. Are you running cmd.exe?
2025-06-28 16:24:31,909 - root - ERROR - Main loop error: No Windows console found. Are you running cmd.exe?
2025-06-28 16:24:31,917 - root - ERROR - Main loop error: No Windows console found. Are you running cmd.exe?
2025-06-28 16:24:31,927 - root - ERROR - Main loop error: No Windows console found. Are you running cmd.exe?
2025-06-28 16:24:31,935 - root - ERROR - Main loop error: No Windows console found. Are you running cmd.exe?
2025-06-28 16:24:31,946 - root - ERROR - Main loop error: No Windows console found. Are you running cmd.exe?
2025-06-28 16:24:31,952 - root - ERROR - Main loop error: No Windows console found. Are you running cmd.exe?
2025-06-28 16:24:31,960 - root - ERROR - Main loop error: No Windows console found. Are you running cmd.exe?
2025-06-28 16:24:31,978 - root - ERROR - Main loop error: No Windows console found. Are you running cmd.exe?
2025-06-28 16:24:31,994 - root - ERROR - Main loop error: No Windows console found. Are you running cmd.exe?
2025-06-28 16:24:31,994 - root - ERROR - Main loop error: No Windows console found. Are you running cmd.exe?
2025-06-28 16:24:32,009 - root - ERROR - Main loop error: No Windows console found. Are you running cmd.exe?
2025-06-28 16:24:32,017 - root - ERROR - Main loop error: No Windows console found. Are you running cmd.exe?
2025-06-28 16:24:32,027 - root - ERROR - Main loop error: No Windows console found. Are you running cmd.exe?
2025-06-28 16:24:32,038 - root - ERROR - Main loop error: No Windows console found. Are you running cmd.exe?
2025-06-28 16:24:32,092 - root - ERROR - Main loop error: No Windows console found. Are you running cmd.exe?
2025-06-28 16:24:32,103 - root - ERROR - Main loop error: No Windows console found. Are you running cmd.exe?
2025-06-28 16:24:32,110 - root - ERROR - Main loop error: No Windows console found. Are you running cmd.exe?
2025-06-28 16:24:32,121 - root - ERROR - Main loop error: No Windows console found. Are you running cmd.exe?
2025-06-28 16:24:32,143 - root - ERROR - Main loop error: No Windows console found. Are you running cmd.exe?
2025-06-28 16:24:32,150 - root - ERROR - Main loop error: No Windows console found. Are you running cmd.exe?
2025-06-28 16:24:32,176 - root - ERROR - Main loop error: No Windows console found. Are you running cmd.exe?
2025-06-28 16:24:32,193 - root - ERROR - Main loop error: No Windows console found. Are you running cmd.exe?
2025-06-28 16:24:32,202 - root - ERROR - Main loop error: No Windows console found. Are you running cmd.exe?
2025-06-28 16:24:32,210 - root - ERROR - Main loop error: No Windows console found. Are you running cmd.exe?
2025-06-28 16:24:32,218 - root - ERROR - Main loop error: No Windows console found. Are you running cmd.exe?
2025-06-28 16:24:32,235 - root - ERROR - Main loop error: No Windows console found. Are you running cmd.exe?
2025-06-28 16:24:32,243 - root - ERROR - Main loop error: No Windows console found. Are you running cmd.exe?
2025-06-28 16:24:32,255 - root - ERROR - Main loop error: No Windows console found. Are you running cmd.exe?
2025-06-28 16:24:32,267 - root - ERROR - Main loop error: No Windows console found. Are you running cmd.exe?
2025-06-28 16:24:32,272 - root - ERROR - Main loop error: No Windows console found. Are you running cmd.exe?
2025-06-28 16:24:32,286 - root - ERROR - Main loop error: No Windows console found. Are you running cmd.exe?
2025-06-28 16:24:32,301 - root - ERROR - Main loop error: No Windows console found. Are you running cmd.exe?
2025-06-28 16:24:32,316 - root - ERROR - Main loop error: No Windows console found. Are you running cmd.exe?
2025-06-28 16:24:32,326 - root - ERROR - Main loop error: No Windows console found. Are you running cmd.exe?
2025-06-28 16:24:32,336 - root - ERROR - Main loop error: No Windows console found. Are you running cmd.exe?
2025-06-28 16:24:32,344 - root - ERROR - Main loop error: No Windows console found. Are you running cmd.exe?
2025-06-28 16:24:32,351 - root - ERROR - Main loop error: No Windows console found. Are you running cmd.exe?
2025-06-28 16:24:32,368 - root - ERROR - Main loop error: No Windows console found. Are you running cmd.exe?
2025-06-28 16:24:32,389 - root - ERROR - Main loop error: No Windows console found. Are you running cmd.exe?
2025-06-28 16:24:32,431 - root - ERROR - Main loop error: No Windows console found. Are you running cmd.exe?
2025-06-28 16:24:32,447 - root - ERROR - Main loop error: No Windows console found. Are you running cmd.exe?
2025-06-28 16:24:32,460 - root - ERROR - Main loop error: No Windows console found. Are you running cmd.exe?
2025-06-28 16:24:32,469 - root - ERROR - Main loop error: No Windows console found. Are you running cmd.exe?
2025-06-28 16:24:32,480 - root - ERROR - Main loop error: No Windows console found. Are you running cmd.exe?
2025-06-28 16:24:32,494 - root - ERROR - Main loop error: No Windows console found. Are you running cmd.exe?
2025-06-28 16:24:32,501 - root - ERROR - Main loop error: No Windows console found. Are you running cmd.exe?
2025-06-28 16:24:32,510 - root - ERROR - Main loop error: No Windows console found. Are you running cmd.exe?
2025-06-28 16:24:32,543 - root - ERROR - Main loop error: No Windows console found. Are you running cmd.exe?
2025-06-28 16:24:32,559 - root - ERROR - Main loop error: No Windows console found. Are you running cmd.exe?
2025-06-28 16:24:32,568 - root - ERROR - Main loop error: No Windows console found. Are you running cmd.exe?
2025-06-28 16:24:32,576 - root - ERROR - Main loop error: No Windows console found. Are you running cmd.exe?
2025-06-28 16:24:32,588 - root - ERROR - Main loop error: No Windows console found. Are you running cmd.exe?
2025-06-28 16:24:32,601 - root - ERROR - Main loop error: No Windows console found. Are you running cmd.exe?
2025-06-28 16:24:32,609 - root - ERROR - Main loop error: No Windows console found. Are you running cmd.exe?
2025-06-28 16:24:32,624 - root - ERROR - Main loop error: No Windows console found. Are you running cmd.exe?
2025-06-28 16:24:32,639 - root - ERROR - Main loop error: No Windows console found. Are you running cmd.exe?
2025-06-28 16:24:32,651 - root - ERROR - Main loop error: No Windows console found. Are you running cmd.exe?
2025-06-28 16:24:32,660 - root - ERROR - Main loop error: No Windows console found. Are you running cmd.exe?
2025-06-28 16:24:32,675 - root - ERROR - Main loop error: No Windows console found. Are you running cmd.exe?
2025-06-28 16:24:32,686 - root - ERROR - Main loop error: No Windows console found. Are you running cmd.exe?
2025-06-28 16:24:32,694 - root - ERROR - Main loop error: No Windows console found. Are you running cmd.exe?
2025-06-28 16:24:32,708 - root - ERROR - Main loop error: No Windows console found. Are you running cmd.exe?
2025-06-28 16:24:32,716 - root - ERROR - Main loop error: No Windows console found. Are you running cmd.exe?
2025-06-28 16:24:32,725 - root - ERROR - Main loop error: No Windows console found. Are you running cmd.exe?
2025-06-28 16:24:32,733 - root - ERROR - Main loop error: No Windows console found. Are you running cmd.exe?
2025-06-28 16:24:32,749 - root - ERROR - Main loop error: No Windows console found. Are you running cmd.exe?
2025-06-28 16:24:32,765 - root - ERROR - Main loop error: No Windows console found. Are you running cmd.exe?
2025-06-28 16:24:32,839 - root - ERROR - Main loop error: No Windows console found. Are you running cmd.exe?
2025-06-28 16:24:32,856 - root - ERROR - Main loop error: No Windows console found. Are you running cmd.exe?
2025-06-28 16:24:32,868 - root - ERROR - Main loop error: No Windows console found. Are you running cmd.exe?
2025-06-28 16:24:32,883 - root - ERROR - Main loop error: No Windows console found. Are you running cmd.exe?
2025-06-28 16:24:32,893 - root - ERROR - Main loop error: No Windows console found. Are you running cmd.exe?
2025-06-28 16:24:32,901 - root - ERROR - Main loop error: No Windows console found. Are you running cmd.exe?
2025-06-28 16:24:32,942 - root - ERROR - Main loop error: No Windows console found. Are you running cmd.exe?
2025-06-28 16:24:32,959 - root - ERROR - Main loop error: No Windows console found. Are you running cmd.exe?
2025-06-28 16:24:32,967 - root - ERROR - Main loop error: No Windows console found. Are you running cmd.exe?
2025-06-28 16:24:32,977 - root - ERROR - Main loop error: No Windows console found. Are you running cmd.exe?
2025-06-28 16:24:32,992 - root - ERROR - Main loop error: No Windows console found. Are you running cmd.exe?
2025-06-28 16:24:33,009 - root - ERROR - Main loop error: No Windows console found. Are you running cmd.exe?
2025-06-28 16:24:33,019 - root - ERROR - Main loop error: No Windows console found. Are you running cmd.exe?
2025-06-28 16:24:33,034 - root - ERROR - Main loop error: No Windows console found. Are you running cmd.exe?
2025-06-28 16:24:33,046 - root - ERROR - Main loop error: No Windows console found. Are you running cmd.exe?
2025-06-28 16:24:33,059 - root - ERROR - Main loop error: No Windows console found. Are you running cmd.exe?
2025-06-28 16:24:33,076 - root - ERROR - Main loop error: No Windows console found. Are you running cmd.exe?
2025-06-28 16:24:33,092 - root - ERROR - Main loop error: No Windows console found. Are you running cmd.exe?
2025-06-28 16:24:33,109 - root - ERROR - Main loop error: No Windows console found. Are you running cmd.exe?
2025-06-28 16:24:33,126 - root - ERROR - Main loop error: No Windows console found. Are you running cmd.exe?
2025-06-28 16:24:33,136 - root - ERROR - Main loop error: No Windows console found. Are you running cmd.exe?
2025-06-28 16:24:33,164 - root - ERROR - Main loop error: No Windows console found. Are you running cmd.exe?
2025-06-28 16:24:33,176 - root - ERROR - Main loop error: No Windows console found. Are you running cmd.exe?
2025-06-28 16:24:33,229 - root - ERROR - Main loop error: No Windows console found. Are you running cmd.exe?
2025-06-28 16:24:33,261 - root - ERROR - Main loop error: No Windows console found. Are you running cmd.exe?
2025-06-28 16:24:33,282 - root - ERROR - Main loop error: No Windows console found. Are you running cmd.exe?
2025-06-28 16:24:33,310 - root - ERROR - Main loop error: No Windows console found. Are you running cmd.exe?
2025-06-28 16:24:33,326 - root - ERROR - Main loop error: No Windows console found. Are you running cmd.exe?
2025-06-28 16:24:33,346 - root - ERROR - Main loop error: No Windows console found. Are you running cmd.exe?
2025-06-28 16:24:33,367 - root - ERROR - Main loop error: No Windows console found. Are you running cmd.exe?
2025-06-28 16:24:33,381 - root - ERROR - Main loop error: No Windows console found. Are you running cmd.exe?
2025-06-28 16:24:33,398 - root - ERROR - Main loop error: No Windows console found. Are you running cmd.exe?
2025-06-28 16:24:33,410 - root - ERROR - Main loop error: No Windows console found. Are you running cmd.exe?
2025-06-28 16:24:33,459 - root - ERROR - Main loop error: No Windows console found. Are you running cmd.exe?
2025-06-28 16:24:33,466 - root - ERROR - Main loop error: No Windows console found. Are you running cmd.exe?
2025-06-28 16:24:33,488 - root - ERROR - Main loop error: No Windows console found. Are you running cmd.exe?
2025-06-28 16:24:33,492 - root - ERROR - Main loop error: No Windows console found. Are you running cmd.exe?
2025-06-28 16:24:33,500 - root - ERROR - Main loop error: No Windows console found. Are you running cmd.exe?
2025-06-28 16:24:33,544 - root - ERROR - Main loop error: No Windows console found. Are you running cmd.exe?
2025-06-28 16:24:33,556 - root - ERROR - Main loop error: No Windows console found. Are you running cmd.exe?
2025-06-28 16:24:33,575 - root - ERROR - Main loop error: No Windows console found. Are you running cmd.exe?
2025-06-28 16:24:33,588 - root - ERROR - Main loop error: No Windows console found. Are you running cmd.exe?
2025-06-28 16:24:33,600 - root - ERROR - Main loop error: No Windows console found. Are you running cmd.exe?
2025-06-28 16:24:33,623 - root - ERROR - Main loop error: No Windows console found. Are you running cmd.exe?
2025-06-28 16:24:33,633 - root - ERROR - Main loop error: No Windows console found. Are you running cmd.exe?
2025-06-28 16:24:33,694 - root - ERROR - Main loop error: No Windows console found. Are you running cmd.exe?
2025-06-28 16:24:33,730 - root - ERROR - Main loop error: No Windows console found. Are you running cmd.exe?
2025-06-28 16:24:33,748 - root - ERROR - Main loop error: No Windows console found. Are you running cmd.exe?
2025-06-28 16:24:33,775 - root - ERROR - Main loop error: No Windows console found. Are you running cmd.exe?
2025-06-28 16:24:33,786 - root - ERROR - Main loop error: No Windows console found. Are you running cmd.exe?
2025-06-28 16:24:33,807 - root - ERROR - Main loop error: No Windows console found. Are you running cmd.exe?
2025-06-28 16:24:33,829 - root - ERROR - Main loop error: No Windows console found. Are you running cmd.exe?
2025-06-28 16:24:33,850 - root - ERROR - Main loop error: No Windows console found. Are you running cmd.exe?
2025-06-28 16:24:33,862 - root - ERROR - Main loop error: No Windows console found. Are you running cmd.exe?
2025-06-28 16:24:33,875 - root - ERROR - Main loop error: No Windows console found. Are you running cmd.exe?
2025-06-28 16:24:33,883 - root - ERROR - Main loop error: No Windows console found. Are you running cmd.exe?
2025-06-28 16:24:33,899 - root - ERROR - Main loop error: No Windows console found. Are you running cmd.exe?
2025-06-28 16:24:33,917 - root - ERROR - Main loop error: No Windows console found. Are you running cmd.exe?
2025-06-28 16:24:33,925 - root - ERROR - Main loop error: No Windows console found. Are you running cmd.exe?
2025-06-28 16:24:33,939 - root - ERROR - Main loop error: No Windows console found. Are you running cmd.exe?
2025-06-28 16:24:33,991 - root - ERROR - Main loop error: No Windows console found. Are you running cmd.exe?
2025-06-28 16:24:34,008 - root - ERROR - Main loop error: No Windows console found. Are you running cmd.exe?
2025-06-28 16:24:34,025 - root - ERROR - Main loop error: No Windows console found. Are you running cmd.exe?
2025-06-28 16:24:34,038 - root - ERROR - Main loop error: No Windows console found. Are you running cmd.exe?
2025-06-28 16:24:34,051 - root - ERROR - Main loop error: No Windows console found. Are you running cmd.exe?
2025-06-28 16:24:34,066 - root - ERROR - Main loop error: No Windows console found. Are you running cmd.exe?
2025-06-28 16:24:34,077 - root - ERROR - Main loop error: No Windows console found. Are you running cmd.exe?
2025-06-28 16:24:34,090 - root - ERROR - Main loop error: No Windows console found. Are you running cmd.exe?
2025-06-28 16:24:34,105 - root - ERROR - Main loop error: No Windows console found. Are you running cmd.exe?
2025-06-28 16:24:34,129 - root - ERROR - Main loop error: No Windows console found. Are you running cmd.exe?
2025-06-28 16:24:34,146 - root - ERROR - Main loop error: No Windows console found. Are you running cmd.exe?
2025-06-28 16:24:34,162 - root - ERROR - Main loop error: No Windows console found. Are you running cmd.exe?
2025-06-28 16:24:34,191 - root - ERROR - Main loop error: No Windows console found. Are you running cmd.exe?
2025-06-28 16:24:34,209 - root - ERROR - Main loop error: No Windows console found. Are you running cmd.exe?
2025-06-28 16:24:34,225 - root - ERROR - Main loop error: No Windows console found. Are you running cmd.exe?
2025-06-28 16:24:34,232 - root - ERROR - Main loop error: No Windows console found. Are you running cmd.exe?
2025-06-28 16:24:34,263 - root - ERROR - Main loop error: No Windows console found. Are you running cmd.exe?
2025-06-28 16:24:34,285 - root - ERROR - Main loop error: No Windows console found. Are you running cmd.exe?
2025-06-28 16:24:34,296 - root - ERROR - Main loop error: No Windows console found. Are you running cmd.exe?
2025-06-28 16:24:34,321 - root - ERROR - Main loop error: No Windows console found. Are you running cmd.exe?
2025-06-28 16:24:34,342 - root - ERROR - Main loop error: No Windows console found. Are you running cmd.exe?
2025-06-28 16:24:34,356 - root - ERROR - Main loop error: No Windows console found. Are you running cmd.exe?
2025-06-28 16:24:34,366 - root - ERROR - Main loop error: No Windows console found. Are you running cmd.exe?
2025-06-28 16:24:34,382 - root - ERROR - Main loop error: No Windows console found. Are you running cmd.exe?
2025-06-28 16:24:34,399 - root - ERROR - Main loop error: No Windows console found. Are you running cmd.exe?
2025-06-28 16:24:34,408 - root - ERROR - Main loop error: No Windows console found. Are you running cmd.exe?
2025-06-28 16:24:34,441 - root - ERROR - Main loop error: No Windows console found. Are you running cmd.exe?
2025-06-28 16:24:34,451 - root - ERROR - Main loop error: No Windows console found. Are you running cmd.exe?
2025-06-28 16:24:34,466 - root - ERROR - Main loop error: No Windows console found. Are you running cmd.exe?
2025-06-28 16:24:34,474 - root - ERROR - Main loop error: No Windows console found. Are you running cmd.exe?
2025-06-28 16:24:34,487 - root - ERROR - Main loop error: No Windows console found. Are you running cmd.exe?
2025-06-28 16:24:34,492 - root - ERROR - Main loop error: No Windows console found. Are you running cmd.exe?
2025-06-28 16:24:34,508 - root - ERROR - Main loop error: No Windows console found. Are you running cmd.exe?
2025-06-28 16:24:34,518 - root - ERROR - Main loop error: No Windows console found. Are you running cmd.exe?
2025-06-28 16:24:34,532 - root - ERROR - Main loop error: No Windows console found. Are you running cmd.exe?
2025-06-28 16:24:34,541 - root - ERROR - Main loop error: No Windows console found. Are you running cmd.exe?
2025-06-28 16:24:34,548 - root - ERROR - Main loop error: No Windows console found. Are you running cmd.exe?
2025-06-28 16:24:34,564 - root - ERROR - Main loop error: No Windows console found. Are you running cmd.exe?
2025-06-28 16:24:34,574 - root - ERROR - Main loop error: No Windows console found. Are you running cmd.exe?
2025-06-28 16:24:34,583 - root - ERROR - Main loop error: No Windows console found. Are you running cmd.exe?
2025-06-28 16:24:34,596 - root - ERROR - Main loop error: No Windows console found. Are you running cmd.exe?
2025-06-28 16:24:34,608 - root - ERROR - Main loop error: No Windows console found. Are you running cmd.exe?
2025-06-28 16:24:34,630 - root - ERROR - Main loop error: No Windows console found. Are you running cmd.exe?
2025-06-28 16:24:34,654 - root - ERROR - Main loop error: No Windows console found. Are you running cmd.exe?
2025-06-28 16:24:34,688 - root - ERROR - Main loop error: No Windows console found. Are you running cmd.exe?
2025-06-28 16:24:34,709 - root - ERROR - Main loop error: No Windows console found. Are you running cmd.exe?
2025-06-28 16:24:34,724 - root - ERROR - Main loop error: No Windows console found. Are you running cmd.exe?
2025-06-28 16:24:34,745 - root - ERROR - Main loop error: No Windows console found. Are you running cmd.exe?
2025-06-28 16:24:34,759 - root - ERROR - Main loop error: No Windows console found. Are you running cmd.exe?
2025-06-28 16:24:34,781 - root - ERROR - Main loop error: No Windows console found. Are you running cmd.exe?
2025-06-28 16:24:34,798 - root - ERROR - Main loop error: No Windows console found. Are you running cmd.exe?
2025-06-28 16:24:34,819 - root - ERROR - Main loop error: No Windows console found. Are you running cmd.exe?
2025-06-28 16:24:34,834 - root - ERROR - Main loop error: No Windows console found. Are you running cmd.exe?
2025-06-28 16:24:34,892 - root - ERROR - Main loop error: No Windows console found. Are you running cmd.exe?
2025-06-28 16:24:34,905 - root - ERROR - Main loop error: No Windows console found. Are you running cmd.exe?
2025-06-28 16:24:34,921 - root - ERROR - Main loop error: No Windows console found. Are you running cmd.exe?
2025-06-28 16:24:34,925 - root - ERROR - Main loop error: No Windows console found. Are you running cmd.exe?
2025-06-28 16:24:34,948 - root - ERROR - Main loop error: No Windows console found. Are you running cmd.exe?
2025-06-28 16:24:34,961 - root - ERROR - Main loop error: No Windows console found. Are you running cmd.exe?
2025-06-28 16:24:34,982 - root - ERROR - Main loop error: No Windows console found. Are you running cmd.exe?
2025-06-28 16:24:34,995 - root - ERROR - Main loop error: No Windows console found. Are you running cmd.exe?
2025-06-28 16:24:35,007 - root - ERROR - Main loop error: No Windows console found. Are you running cmd.exe?
2025-06-28 16:24:35,015 - root - ERROR - Main loop error: No Windows console found. Are you running cmd.exe?
2025-06-28 16:24:35,032 - root - ERROR - Main loop error: No Windows console found. Are you running cmd.exe?
2025-06-28 16:24:35,044 - root - ERROR - Main loop error: No Windows console found. Are you running cmd.exe?
2025-06-28 16:24:35,056 - root - ERROR - Main loop error: No Windows console found. Are you running cmd.exe?
2025-06-28 16:24:35,074 - root - ERROR - Main loop error: No Windows console found. Are you running cmd.exe?
2025-06-28 16:24:35,086 - root - ERROR - Main loop error: No Windows console found. Are you running cmd.exe?
2025-06-28 16:24:35,096 - root - ERROR - Main loop error: No Windows console found. Are you running cmd.exe?
2025-06-28 16:24:35,116 - root - ERROR - Main loop error: No Windows console found. Are you running cmd.exe?
2025-06-28 16:24:35,138 - root - ERROR - Main loop error: No Windows console found. Are you running cmd.exe?
2025-06-28 16:24:35,152 - root - ERROR - Main loop error: No Windows console found. Are you running cmd.exe?
2025-06-28 16:24:35,168 - root - ERROR - Main loop error: No Windows console found. Are you running cmd.exe?
2025-06-28 16:24:35,191 - root - ERROR - Main loop error: No Windows console found. Are you running cmd.exe?
2025-06-28 16:24:35,223 - root - ERROR - Main loop error: No Windows console found. Are you running cmd.exe?
2025-06-28 16:24:35,243 - root - ERROR - Main loop error: No Windows console found. Are you running cmd.exe?
2025-06-28 16:24:35,258 - root - ERROR - Main loop error: No Windows console found. Are you running cmd.exe?
2025-06-28 16:24:35,278 - root - ERROR - Main loop error: No Windows console found. Are you running cmd.exe?
2025-06-28 16:24:35,299 - root - ERROR - Main loop error: No Windows console found. Are you running cmd.exe?
2025-06-28 16:24:35,381 - root - ERROR - Main loop error: No Windows console found. Are you running cmd.exe?
2025-06-28 16:24:35,398 - root - ERROR - Main loop error: No Windows console found. Are you running cmd.exe?
2025-06-28 16:24:35,411 - root - ERROR - Main loop error: No Windows console found. Are you running cmd.exe?
2025-06-28 16:24:35,433 - root - ERROR - Main loop error: No Windows console found. Are you running cmd.exe?
2025-06-28 16:24:35,459 - root - ERROR - Main loop error: No Windows console found. Are you running cmd.exe?
2025-06-28 16:24:35,488 - root - ERROR - Main loop error: No Windows console found. Are you running cmd.exe?
2025-06-28 16:24:35,513 - root - ERROR - Main loop error: No Windows console found. Are you running cmd.exe?
2025-06-28 16:24:35,535 - root - ERROR - Main loop error: No Windows console found. Are you running cmd.exe?
2025-06-28 16:24:35,569 - root - ERROR - Main loop error: No Windows console found. Are you running cmd.exe?
2025-06-28 16:24:35,595 - root - ERROR - Main loop error: No Windows console found. Are you running cmd.exe?
2025-06-28 16:24:35,617 - root - ERROR - Main loop error: No Windows console found. Are you running cmd.exe?
2025-06-28 16:24:35,640 - root - ERROR - Main loop error: No Windows console found. Are you running cmd.exe?
2025-06-28 16:24:35,657 - root - ERROR - Main loop error: No Windows console found. Are you running cmd.exe?
2025-06-28 16:24:35,682 - root - ERROR - Main loop error: No Windows console found. Are you running cmd.exe?
2025-06-28 16:24:35,703 - root - ERROR - Main loop error: No Windows console found. Are you running cmd.exe?
2025-06-28 16:24:35,715 - root - ERROR - Main loop error: No Windows console found. Are you running cmd.exe?
2025-06-28 16:24:35,734 - root - ERROR - Main loop error: No Windows console found. Are you running cmd.exe?
2025-06-28 16:24:35,753 - root - ERROR - Main loop error: No Windows console found. Are you running cmd.exe?
2025-06-28 16:24:35,762 - root - ERROR - Main loop error: No Windows console found. Are you running cmd.exe?
2025-06-28 16:24:35,780 - root - ERROR - Main loop error: No Windows console found. Are you running cmd.exe?
2025-06-28 16:24:35,804 - root - ERROR - Main loop error: No Windows console found. Are you running cmd.exe?
2025-06-28 16:24:35,849 - root - ERROR - Main loop error: No Windows console found. Are you running cmd.exe?
2025-06-28 16:24:35,892 - root - ERROR - Main loop error: No Windows console found. Are you running cmd.exe?
2025-06-28 16:24:35,911 - root - ERROR - Main loop error: No Windows console found. Are you running cmd.exe?
2025-06-28 16:24:35,926 - root - ERROR - Main loop error: No Windows console found. Are you running cmd.exe?
2025-06-28 16:24:35,954 - root - ERROR - Main loop error: No Windows console found. Are you running cmd.exe?
2025-06-28 16:24:35,968 - root - ERROR - Main loop error: No Windows console found. Are you running cmd.exe?
2025-06-28 16:24:36,007 - root - ERROR - Main loop error: No Windows console found. Are you running cmd.exe?
2025-06-28 16:24:36,031 - root - ERROR - Main loop error: No Windows console found. Are you running cmd.exe?
2025-06-28 16:24:36,048 - root - ERROR - Main loop error: No Windows console found. Are you running cmd.exe?
2025-06-28 16:24:36,067 - root - ERROR - Main loop error: No Windows console found. Are you running cmd.exe?
2025-06-28 16:24:36,084 - root - ERROR - Main loop error: No Windows console found. Are you running cmd.exe?
2025-06-28 16:24:36,094 - root - ERROR - Main loop error: No Windows console found. Are you running cmd.exe?
2025-06-28 16:24:36,106 - root - ERROR - Main loop error: No Windows console found. Are you running cmd.exe?
2025-06-28 16:24:36,130 - root - ERROR - Main loop error: No Windows console found. Are you running cmd.exe?
2025-06-28 16:24:36,147 - root - ERROR - Main loop error: No Windows console found. Are you running cmd.exe?
2025-06-28 16:24:36,160 - root - ERROR - Main loop error: No Windows console found. Are you running cmd.exe?
2025-06-28 16:24:36,173 - root - ERROR - Main loop error: No Windows console found. Are you running cmd.exe?
2025-06-28 16:24:36,186 - root - ERROR - Main loop error: No Windows console found. Are you running cmd.exe?
2025-06-28 16:24:36,203 - root - ERROR - Main loop error: No Windows console found. Are you running cmd.exe?
2025-06-28 16:24:36,212 - root - ERROR - Main loop error: No Windows console found. Are you running cmd.exe?
2025-06-28 16:24:36,226 - root - ERROR - Main loop error: No Windows console found. Are you running cmd.exe?
2025-06-28 16:24:36,245 - root - ERROR - Main loop error: No Windows console found. Are you running cmd.exe?
2025-06-28 16:24:36,259 - root - ERROR - Main loop error: No Windows console found. Are you running cmd.exe?
2025-06-28 16:24:36,280 - root - ERROR - Main loop error: No Windows console found. Are you running cmd.exe?
2025-06-28 16:24:36,295 - root - ERROR - Main loop error: No Windows console found. Are you running cmd.exe?
2025-06-28 16:24:36,308 - root - ERROR - Main loop error: No Windows console found. Are you running cmd.exe?
2025-06-28 16:24:36,330 - root - ERROR - Main loop error: No Windows console found. Are you running cmd.exe?
2025-06-28 16:24:36,359 - root - ERROR - Main loop error: No Windows console found. Are you running cmd.exe?
2025-06-28 16:24:36,380 - root - ERROR - Main loop error: No Windows console found. Are you running cmd.exe?
2025-06-28 16:24:36,398 - root - ERROR - Main loop error: No Windows console found. Are you running cmd.exe?
2025-06-28 16:24:36,414 - root - ERROR - Main loop error: No Windows console found. Are you running cmd.exe?
2025-06-28 16:24:36,430 - root - ERROR - Main loop error: No Windows console found. Are you running cmd.exe?
2025-06-28 16:24:36,454 - root - ERROR - Main loop error: No Windows console found. Are you running cmd.exe?
2025-06-28 16:24:36,505 - root - ERROR - Main loop error: No Windows console found. Are you running cmd.exe?
2025-06-28 16:24:36,515 - root - ERROR - Main loop error: No Windows console found. Are you running cmd.exe?
2025-06-28 16:24:36,539 - root - ERROR - Main loop error: No Windows console found. Are you running cmd.exe?
2025-06-28 16:24:36,559 - root - ERROR - Main loop error: No Windows console found. Are you running cmd.exe?
2025-06-28 16:24:36,571 - root - ERROR - Main loop error: No Windows console found. Are you running cmd.exe?
2025-06-28 16:24:36,584 - root - ERROR - Main loop error: No Windows console found. Are you running cmd.exe?
2025-06-28 16:24:36,599 - root - ERROR - Main loop error: No Windows console found. Are you running cmd.exe?
2025-06-28 16:24:36,621 - root - ERROR - Main loop error: No Windows console found. Are you running cmd.exe?
2025-06-28 16:24:36,629 - root - ERROR - Main loop error: No Windows console found. Are you running cmd.exe?
2025-06-28 16:24:36,652 - root - ERROR - Main loop error: No Windows console found. Are you running cmd.exe?
2025-06-28 16:24:36,670 - root - ERROR - Main loop error: No Windows console found. Are you running cmd.exe?
2025-06-28 16:24:36,682 - root - ERROR - Main loop error: No Windows console found. Are you running cmd.exe?
2025-06-28 16:24:36,689 - root - ERROR - Main loop error: No Windows console found. Are you running cmd.exe?
2025-06-28 16:24:36,705 - root - ERROR - Main loop error: No Windows console found. Are you running cmd.exe?
2025-06-28 16:24:36,721 - root - ERROR - Main loop error: No Windows console found. Are you running cmd.exe?
2025-06-28 16:24:36,731 - root - ERROR - Main loop error: No Windows console found. Are you running cmd.exe?
2025-06-28 16:24:36,747 - root - ERROR - Main loop error: No Windows console found. Are you running cmd.exe?
2025-06-28 16:24:36,760 - root - ERROR - Main loop error: No Windows console found. Are you running cmd.exe?
2025-06-28 16:24:36,769 - root - ERROR - Main loop error: No Windows console found. Are you running cmd.exe?
2025-06-28 16:24:36,789 - root - ERROR - Main loop error: No Windows console found. Are you running cmd.exe?
2025-06-28 16:24:36,860 - root - ERROR - Main loop error: No Windows console found. Are you running cmd.exe?
2025-06-28 16:24:36,881 - root - ERROR - Main loop error: No Windows console found. Are you running cmd.exe?
2025-06-28 16:24:36,897 - root - ERROR - Main loop error: No Windows console found. Are you running cmd.exe?
2025-06-28 16:24:36,926 - root - ERROR - Main loop error: No Windows console found. Are you running cmd.exe?
2025-06-28 16:24:36,939 - root - ERROR - Main loop error: No Windows console found. Are you running cmd.exe?
2025-06-28 16:24:36,955 - root - ERROR - Main loop error: No Windows console found. Are you running cmd.exe?
2025-06-28 16:24:36,999 - root - ERROR - Main loop error: No Windows console found. Are you running cmd.exe?
2025-06-28 16:24:37,018 - root - ERROR - Main loop error: No Windows console found. Are you running cmd.exe?
2025-06-28 16:24:37,030 - root - ERROR - Main loop error: No Windows console found. Are you running cmd.exe?
2025-06-28 16:24:37,042 - root - ERROR - Main loop error: No Windows console found. Are you running cmd.exe?
2025-06-28 16:24:37,051 - root - ERROR - Main loop error: No Windows console found. Are you running cmd.exe?
2025-06-28 16:24:39,712 - settings - INFO - Settings loaded successfully
2025-06-28 16:24:56,725 - commands - INFO - License command executed successfully
2025-06-28 16:24:56,725 - commands - INFO - Successfully executed command: license
2025-06-28 16:25:12,206 - commands - INFO - DateTime command executed successfully
2025-06-28 16:25:12,206 - commands - INFO - Successfully executed command: time
2025-06-28 16:25:14,926 - commands - INFO - Clear command executed successfully
2025-06-28 16:25:14,926 - commands - INFO - Successfully executed command: clear
2025-06-28 16:25:16,609 - commands - INFO - Ls command executed successfully
2025-06-28 16:25:16,610 - commands - INFO - Successfully executed command: ls
2025-06-28 16:25:24,760 - commands - INFO - Ls command executed successfully
2025-06-28 16:25:24,760 - commands - INFO - Successfully executed command: ls
2025-06-28 16:25:26,379 - commands - INFO - Clear command executed successfully
2025-06-28 16:25:26,379 - commands - INFO - Successfully executed command: clear
2025-06-28 16:25:28,153 - commands - INFO - Pwd command executed successfully
2025-06-28 16:25:28,153 - commands - INFO - Successfully executed command: pwd
2025-06-28 16:25:34,722 - commands - INFO - Cd command executed successfully
2025-06-28 16:25:34,722 - commands - INFO - Successfully executed command: cd
2025-06-28 16:25:41,449 - commands - INFO - Cd command executed successfully
2025-06-28 16:25:41,449 - commands - INFO - Successfully executed command: cd
2025-06-28 16:25:45,261 - commands - INFO - Cd command executed successfully
2025-06-28 16:25:45,261 - commands - INFO - Successfully executed command: cd
2025-06-28 16:25:47,611 - commands - INFO - Cd command executed successfully
2025-06-28 16:25:47,611 - commands - INFO - Successfully executed command: cd
2025-06-28 16:25:59,842 - commands - INFO - Cd command executed successfully
2025-06-28 16:25:59,842 - commands - INFO - Successfully executed command: cd
2025-06-28 16:26:06,572 - commands - INFO - Cd command executed successfully
2025-06-28 16:26:06,572 - commands - INFO - Successfully executed command: cd
2025-06-28 16:26:17,318 - commands - INFO - Ls command executed successfully
2025-06-28 16:26:17,318 - commands - INFO - Successfully executed command: ls
2025-07-18 00:01:57,106 - settings - INFO - Settings loaded successfully
2025-07-18 00:02:07,106 - commands - INFO - Ls command executed successfully
2025-07-18 00:02:07,107 - commands - INFO - Successfully executed command: ls
2025-07-18 00:02:15,512 - commands - INFO - Ls command executed successfully
2025-07-18 00:02:15,512 - commands - INFO - Successfully executed command: ls
2025-07-18 00:02:17,962 - commands - INFO - Clear command executed successfully
2025-07-18 00:02:17,962 - commands - INFO - Successfully executed command: clear
2025-07-18 00:02:20,953 - commands - INFO - Ls command executed successfully
2025-07-18 00:02:20,953 - commands - INFO - Successfully executed command: dir
2025-07-18 00:02:24,713 - commands - WARNING - Unknown command: cl
2025-07-18 00:02:26,884 - commands - INFO - Clear command executed successfully
2025-07-18 00:02:26,884 - commands - INFO - Successfully executed command: clear
2025-07-18 00:02:31,678 - commands - INFO - Pwd command executed successfully
2025-07-18 00:02:31,678 - commands - INFO - Successfully executed command: pwd
2025-07-18 00:02:35,510 - commands - INFO - Cd command executed successfully
2025-07-18 00:02:35,510 - commands - INFO - Successfully executed command: cd
2025-07-18 00:02:43,063 - commands - INFO - Exit command executed successfully
2025-07-18 00:04:45,265 - settings - INFO - Settings loaded successfully
2025-07-18 00:04:58,018 - commands - INFO - Successfully executed command: dos
2025-07-18 00:05:14,806 - commands - INFO - Exit command executed successfully
2025-08-02 02:17:43,248 - settings - INFO - Settings loaded successfully
2025-08-02 02:18:09,059 - commands - ERROR - Failed to execute systeminfo command: No module named 'psutil'
2025-08-02 02:18:09,059 - commands - ERROR - Error executing command systeminfo: Failed to get system information: No module named 'psutil'
2025-08-02 02:18:27,388 - commands - INFO - Help command executed successfully
2025-08-02 02:18:27,388 - commands - INFO - Successfully executed command: help
2025-08-02 02:19:13,995 - settings - INFO - Settings loaded successfully
2025-08-02 02:19:20,753 - commands - INFO - Clear command executed successfully
2025-08-02 02:19:20,753 - commands - INFO - Successfully executed command: cls
2025-08-02 02:19:35,055 - commands - ERROR - Failed to execute systeminfo command: No module named 'psutil'
2025-08-02 02:19:35,055 - commands - ERROR - Error executing command sysinfo: Failed to get system information: No module named 'psutil'
2025-08-02 02:19:39,144 - commands - ERROR - Failed to execute systeminfo command: No module named 'psutil'
2025-08-02 02:19:39,144 - commands - ERROR - Error executing command systeminfo: Failed to get system information: No module named 'psutil'
2025-08-02 02:20:02,377 - commands - INFO - Help command executed successfully
2025-08-02 02:20:02,377 - commands - INFO - Successfully executed command: help
2025-08-02 02:24:20,098 - commands - INFO - Exit command executed successfully
2025-08-02 02:24:23,718 - settings - INFO - Settings loaded successfully
2025-08-02 02:24:27,484 - commands - INFO - Exit command executed successfully
2025-08-02 02:24:36,619 - settings - INFO - Settings loaded successfully
2025-08-02 02:24:44,128 - commands - INFO - WhoAmI command executed successfully
2025-08-02 02:24:44,128 - commands - INFO - Successfully executed command: whoami
2025-10-10 17:35:35,933 - settings - INFO - Settings loaded successfully
2025-10-10 17:35:41,254 - commands - INFO - History command executed successfully
2025-10-10 17:35:41,254 - commands - INFO - Successfully executed command: history
2025-10-10 17:57:06,246 - settings - INFO - Settings loaded successfully
2025-10-10 17:57:12,567 - commands - INFO - SystemInfo command executed successfully
2025-10-10 17:57:12,567 - commands - INFO - Successfully executed command: sysinfo
2025-10-10 17:59:11,181 - commands - INFO - History command executed successfully
2025-10-10 17:59:11,181 - commands - INFO - Successfully executed command: history
2025-10-10 17:59:12,878 - commands - INFO - Ls command executed successfully
2025-10-10 17:59:12,878 - commands - INFO - Successfully executed command: ls
2025-10-10 17:59:15,603 - commands - INFO - Clear command executed successfully
2025-10-10 17:59:15,603 - commands - INFO - Successfully executed command: cls
2025-10-10 17:59:29,911 - commands - WARNING - Unknown command: show.scripts
2025-10-10 17:59:35,949 - commands - INFO - Help command executed successfully
2025-10-10 17:59:35,949 - commands - INFO - Successfully executed command: help
2025-10-10 18:00:32,654 - commands - INFO - Web Analyzer command executed successfully
2025-10-10 18:00:32,654 - commands - INFO - Successfully executed command: wa
2025-10-10 18:00:34,899 - commands - INFO - Web Analyzer command executed successfully
2025-10-10 18:00:34,899 - commands - INFO - Successfully executed command: wa
2025-10-10 18:00:45,630 - commands - INFO - Exit command executed successfully
2025-10-10 18:02:26,320 - settings - INFO - Settings loaded successfully
2025-10-10 18:07:00,056 - commands - INFO - Web Analyzer command executed successfully
2025-10-10 18:07:00,056 - commands - INFO - Successfully executed command: wa
2025-10-10 18:07:14,680 - commands - INFO - Web Analyzer command executed successfully
2025-10-10 18:07:14,680 - commands - INFO - Successfully executed command: wa
2025-10-10 18:08:27,589 - commands - INFO - Web Analyzer command executed successfully
2025-10-10 18:08:27,589 - commands - INFO - Successfully executed command: wa
2025-10-10 18:08:53,929 - commands - INFO - Web Analyzer command executed successfully
2025-10-10 18:08:53,929 - commands - INFO - Successfully executed command: wa
